{"version":2,"width":100,"height":26,"timestamp":1689995843,"env":{"SHELL":"","TERM":"xterm"}}
[ 0.00000, "o", "" ]
[ 0.13398, "o", "\u001b[19491001\u001b[1;35m> \u001b[20210325\u001b[0m\u001b[K\u001b[?2004h" ]
[ 0.32129, "o", "#\b# " ]
[ 0.32150, "o", "U" ]
[ 0.37352, "o", "s" ]
[ 0.42549, "o", "e" ]
[ 0.47813, "o", " " ]
[ 0.53001, "o", "t" ]
[ 0.58158, "o", "h" ]
[ 0.63353, "o", "e" ]
[ 0.68504, "o", " " ]
[ 0.73706, "o", "`" ]
[ 0.78906, "o", "x" ]
[ 0.84151, "o", " " ]
[ 0.89367, "o", "7" ]
[ 0.94520, "o", "z" ]
[ 0.99712, "o", "a" ]
[ 1.04848, "o", "`" ]
[ 1.10034, "o", " " ]
[ 1.15202, "o", "c" ]
[ 1.20368, "o", "o" ]
[ 1.25579, "o", "m" ]
[ 1.30776, "o", "m" ]
[ 1.35976, "o", "a" ]
[ 1.41144, "o", "n" ]
[ 1.46354, "o", "d" ]
[ 1.51512, "o", " " ]
[ 1.56693, "o", "f" ]
[ 1.61863, "o", "o" ]
[ 1.67054, "o", "r" ]
[ 1.72233, "o", "m" ]
[ 1.77446, "o", "a" ]
[ 1.82577, "o", "t" ]
[ 1.87745, "o", " " ]
[ 1.92938, "o", "t" ]
[ 1.98161, "o", "o" ]
[ 2.03384, "o", " " ]
[ 2.08588, "o", "q" ]
[ 2.13778, "o", "u" ]
[ 2.18962, "o", "i" ]
[ 2.24144, "o", "c" ]
[ 2.29306, "o", "k" ]
[ 2.34446, "o", "l" ]
[ 2.39633, "o", "y" ]
[ 2.44791, "o", " " ]
[ 2.50031, "o", "u" ]
[ 2.55207, "o", "s" ]
[ 2.60383, "o", "e" ]
[ 2.65578, "o", " " ]
[ 2.70767, "o", "t" ]
[ 2.75938, "o", "h" ]
[ 2.81081, "o", "e" ]
[ 2.86262, "o", " " ]
[ 2.91404, "o", "`" ]
[ 2.96658, "o", "7" ]
[ 3.01862, "o", "z" ]
[ 3.07036, "o", "a" ]
[ 3.12235, "o", "`" ]
[ 3.17417, "o", " " ]
[ 3.22601, "o", "c" ]
[ 3.27772, "o", "o" ]
[ 3.32918, "o", "m" ]
[ 3.38077, "o", "m" ]
[ 3.43240, "o", "a" ]
[ 3.48443, "o", "n" ]
[ 3.53631, "o", "d" ]
[ 3.58836, "o", "\u001b[?2004l\r\r\n\u001b[1m\u001b[7m#\u001b[27m\u001b[1m\u001b[0m                                                                                                   \r \r\r\u001b[0m\u001b[27m\u001b[24m\u001b[J\r\n\u001b[19491001\u001b[1;35m> \u001b[20210325\u001b[0m\u001b[K\u001b[?2004h" ]
[ 5.09810, "o", "x" ]
[ 5.15013, "o", "\bx " ]
[ 5.20202, "o", "7" ]
[ 5.25391, "o", "z" ]
[ 5.30531, "o", "a" ]
[ 5.35717, "o", " " ]
[ 5.40852, "o", "-" ]
[ 5.46032, "o", "-" ]
[ 5.51228, "o", "h" ]
[ 5.56413, "o", "e" ]
[ 5.61589, "o", "l" ]
[ 5.66769, "o", "p" ]
[ 5.71959, "o", " " ]
[ 5.77090, "o", "|" ]
[ 5.82285, "o", " " ]
[ 5.87427, "o", "h" ]
[ 5.92631, "o", "e" ]
[ 5.97811, "o", "a" ]
[ 6.02968, "o", "d" ]
[ 6.08162, "o", " " ]
[ 6.13302, "o", "-" ]
[ 6.18517, "o", "n" ]
[ 6.23675, "o", " " ]
[ 6.28859, "o", "3" ]
[ 6.54161, "o", "\u001b[?2004l\r\r\n" ]
[ 6.61933, "o", "\r\n7-Zip (a) [64] 16.02 : Copyright (c) 1999-2016 Igor Pavlov : 2016-05-21\r\np7zip Version 16.02 (locale=C.UTF-8,Utf16=on,HugeFiles=on,64 bits,8 CPUs x64)\r\n" ]
[ 6.61973, "o", "\u001b[1m\u001b[7m#\u001b[27m\u001b[1m\u001b[0m                                                                                                   \r \r" ]
[ 6.61977, "o", "\r\u001b[0m\u001b[27m\u001b[24m\u001b[J\r\n\u001b[19491001\u001b[1;35m> \u001b[20210325\u001b[0m\u001b[K\u001b[?2004h" ]
[ 8.54414, "o", "#\b# U" ]
[ 8.59558, "o", "s" ]
[ 8.64788, "o", "i" ]
[ 8.69983, "o", "n" ]
[ 8.75180, "o", "g" ]
[ 8.80345, "o", " " ]
[ 8.85497, "o", "`" ]
[ 8.90677, "o", "x" ]
[ 8.95840, "o", " " ]
[ 9.01017, "o", "e" ]
[ 9.06219, "o", "n" ]
[ 9.11429, "o", "v" ]
[ 9.16633, "o", " " ]
[ 9.21802, "o", "u" ]
[ 9.26997, "o", "s" ]
[ 9.32146, "o", "e" ]
[ 9.37320, "o", "`" ]
[ 9.42475, "o", " " ]
[ 9.47690, "o", "c" ]
[ 9.52854, "o", "a" ]
[ 9.58013, "o", "n" ]
[ 9.63197, "o", " " ]
[ 9.68378, "o", "a" ]
[ 9.73571, "o", "u" ]
[ 9.78711, "o", "t" ]
[ 9.83926, "o", "o" ]
[ 9.89079, "o", "m" ]
[ 9.94280, "o", "a" ]
[ 9.99468, "o", "t" ]
[ 10.04662, "o", "i" ]
[ 10.09807, "o", "c" ]
[ 10.15001, "o", "a" ]
[ 10.20208, "o", "l" ]
[ 10.25368, "o", "l" ]
[ 10.30570, "o", "y" ]
[ 10.35756, "o", " " ]
[ 10.40913, "o", "i" ]
[ 10.46111, "o", "n" ]
[ 10.51304, "o", "s" ]
[ 10.56511, "o", "t" ]
[ 10.61642, "o", "a" ]
[ 10.66852, "o", "l" ]
[ 10.72053, "o", "l" ]
[ 10.77291, "o", " " ]
[ 10.82469, "o", "a" ]
[ 10.87684, "o", "n" ]
[ 10.92873, "o", "d" ]
[ 10.98031, "o", " " ]
[ 11.03212, "o", "c" ]
[ 11.08351, "o", "o" ]
[ 11.13524, "o", "n" ]
[ 11.18716, "o", "f" ]
[ 11.23910, "o", "i" ]
[ 11.29097, "o", "g" ]
[ 11.34295, "o", "u" ]
[ 11.39479, "o", "r" ]
[ 11.44638, "o", "e" ]
[ 11.49861, "o", " " ]
[ 11.55026, "o", "c" ]
[ 11.60204, "o", "o" ]
[ 11.65381, "o", "r" ]
[ 11.70535, "o", "r" ]
[ 11.75725, "o", "e" ]
[ 11.80885, "o", "s" ]
[ 11.86086, "o", "p" ]
[ 11.91242, "o", "o" ]
[ 11.96436, "o", "n" ]
[ 12.01609, "o", "d" ]
[ 12.06766, "o", "i" ]
[ 12.11960, "o", "n" ]
[ 12.17184, "o", "g" ]
[ 12.22392, "o", " " ]
[ 12.27591, "o", "g" ]
[ 12.32765, "o", "l" ]
[ 12.37936, "o", "o" ]
[ 12.43170, "o", "b" ]
[ 12.48377, "o", "a" ]
[ 12.53575, "o", "l" ]
[ 12.58772, "o", " " ]
[ 12.63921, "o", "e" ]
[ 12.69104, "o", "n" ]
[ 12.74257, "o", "v" ]
[ 12.79439, "o", "i" ]
[ 12.84606, "o", "r" ]
[ 12.89783, "o", "o" ]
[ 12.94970, "o", "n" ]
[ 13.00122, "o", "m" ]
[ 13.05307, "o", "e" ]
[ 13.10442, "o", "n" ]
[ 13.15617, "o", "t" ]
[ 13.20773, "o", " " ]
[ 13.25964, "o", "v" ]
[ 13.31120, "o", "a" ]
[ 13.36323, "o", "r" ]
[ 13.41472, "o", "i" ]
[ 13.46606, "o", "a \r\u001b[K" ]
[ 13.51796, "o", "b" ]
[ 13.56937, "o", "\rbl" ]
[ 13.62115, "o", "e" ]
[ 13.67277, "o", "s" ]
[ 13.72455, "o", "\u001b[?2004l\r\r\n" ]
[ 13.72472, "o", "\u001b[1m\u001b[7m#\u001b[27m\u001b[1m\u001b[0m                                                                                                   \r \r\r\u001b[0m\u001b[27m\u001b[24m\u001b[J\r\n\u001b[19491001\u001b[1;35m> \u001b[20210325\u001b[0m\u001b[K\u001b[?2004h" ]
[ 15.22803, "o", "x" ]
[ 15.28021, "o", "\bx " ]
[ 15.33220, "o", "e" ]
[ 15.38446, "o", "n" ]
[ 15.43619, "o", "v" ]
[ 15.48784, "o", " " ]
[ 15.53970, "o", "u" ]
[ 15.59160, "o", "s" ]
[ 15.64336, "o", "e" ]
[ 15.69488, "o", " " ]
[ 15.74669, "o", "7" ]
[ 15.79832, "o", "z" ]
[ 15.85055, "o", "a" ]
[ 16.10460, "o", "\u001b[?2004l\r\r\n" ]
[ 16.21443, "o", "- \u001b[32mI\u001b[0m\u001b[32m|pkg: \u001b[0mSuccessfully set link from path \u001b[0m\r\n" ]
[ 16.23746, "o", "- \u001b[32mI\u001b[0m\u001b[32m|env: \u001b[0mSuccessfully set 7za=v0.0.1 in the current environment.\u001b[0m\r\n" ]
[ 16.29667, "o", "- \u001b[32mI\u001b[0m\u001b[32m|env: \u001b[0mConfig file updated to /root/.x-cmd.root/local/data/env/version\u001b[0m\r\n" ]
[ 16.29679, "o", "\u001b[1m\u001b[7m#\u001b[27m\u001b[1m\u001b[0m                                                                                                   \r \r" ]
[ 16.29689, "o", "\r\u001b[0m\u001b[27m\u001b[24m\u001b[J\r\n\u001b[19491001\u001b[1;35m> \u001b[20210325\u001b[0m\u001b[K\u001b[?2004h" ]
[ 18.10627, "o", "#\b# " ]
[ 18.10640, "o", "c" ]
[ 18.15846, "o", "o" ]
[ 18.21100, "o", "m" ]
[ 18.26301, "o", "p" ]
[ 18.31489, "o", "r" ]
[ 18.36728, "o", "e" ]
[ 18.41879, "o", "s" ]
[ 18.47016, "o", "s" ]
[ 18.52170, "o", "e" ]
[ 18.57404, "o", "d" ]
[ 18.62598, "o", " " ]
[ 18.67770, "o", "f" ]
[ 18.72950, "o", "i" ]
[ 18.78089, "o", "l" ]
[ 18.83265, "o", "e" ]
[ 18.88422, "o", "\u001b[?2004l\r\r\n" ]
[ 18.88438, "o", "\u001b[1m\u001b[7m#\u001b[27m\u001b[1m\u001b[0m                                                                                                   \r \r\r\u001b[0m\u001b[27m\u001b[24m\u001b[J\r\n\u001b[19491001\u001b[1;35m> \u001b[20210325\u001b[0m\u001b[K\u001b[?2004h" ]
[ 20.38788, "o", "x" ]
[ 20.44004, "o", "\bx " ]
[ 20.49176, "o", "e" ]
[ 20.54333, "o", "x" ]
[ 20.59524, "o", "a" ]
[ 20.64669, "o", " " ]
[ 20.69937, "o", "-" ]
[ 20.75137, "o", "l" ]
[ 20.80325, "o", "h" ]
[ 20.85529, "o", "T" ]
[ 21.10852, "o", "\u001b[?2004l\r\r\n" ]
