{"version":2,"width":100,"height":26,"timestamp":1689338491,"env":{"SHELL":"","TERM":"xterm"}}
[ 0.00000, "o", "" ]
[ 0.10222, "o", "\u001b[19491001\u001b[1;35m> \u001b[20210325\u001b[0m\u001b[K\u001b[?2004h" ]
[ 0.91273, "o", "#\b# U" ]
[ 0.96512, "o", "s" ]
[ 1.01681, "o", "e" ]
[ 1.06880, "o", " " ]
[ 1.12046, "o", "t" ]
[ 1.17252, "o", "h" ]
[ 1.22418, "o", "e" ]
[ 1.27684, "o", " " ]
[ 1.32902, "o", "`" ]
[ 1.38109, "o", "x" ]
[ 1.43324, "o", " " ]
[ 1.48487, "o", "b" ]
[ 1.53689, "o", "i" ]
[ 1.58856, "o", "t" ]
[ 1.64101, "o", "`" ]
[ 1.69276, "o", " " ]
[ 1.74540, "o", "c" ]
[ 1.79754, "o", "o" ]
[ 1.84965, "o", "m" ]
[ 1.90185, "o", "m" ]
[ 1.95346, "o", "a" ]
[ 2.00574, "o", "n" ]
[ 2.05771, "o", "d" ]
[ 2.10984, "o", " " ]
[ 2.16230, "o", "f" ]
[ 2.21439, "o", "o" ]
[ 2.26637, "o", "r" ]
[ 2.31809, "o", "m" ]
[ 2.36996, "o", "a" ]
[ 2.42160, "o", "t" ]
[ 2.47395, "o", " " ]
[ 2.52609, "o", "t" ]
[ 2.57774, "o", "o" ]
[ 2.62979, "o", " " ]
[ 2.68165, "o", "q" ]
[ 2.73363, "o", "u" ]
[ 2.78528, "o", "i" ]
[ 2.83722, "o", "c" ]
[ 2.88903, "o", "k" ]
[ 2.94136, "o", "l" ]
[ 2.99385, "o", "y" ]
[ 3.04638, "o", " " ]
[ 3.09867, "o", "u" ]
[ 3.15033, "o", "s" ]
[ 3.20240, "o", "e" ]
[ 3.25407, "o", " " ]
[ 3.30614, "o", "t" ]
[ 3.35778, "o", "h" ]
[ 3.41028, "o", "e" ]
[ 3.46235, "o", " " ]
[ 3.51415, "o", "`" ]
[ 3.56627, "o", "b" ]
[ 3.61823, "o", "i" ]
[ 3.67027, "o", "t" ]
[ 3.72184, "o", "`" ]
[ 3.77460, "o", " " ]
[ 3.82634, "o", "c" ]
[ 3.87882, "o", "o" ]
[ 3.93089, "o", "m" ]
[ 3.98294, "o", "m" ]
[ 4.03526, "o", "a" ]
[ 4.08730, "o", "n" ]
[ 4.13955, "o", "d" ]
[ 4.19131, "o", "\u001b[?2004l\r\r\n" ]
[ 4.19147, "o", "\u001b[1m\u001b[7m#\u001b[27m\u001b[1m\u001b[0m                                                                                                   \r \r\r\u001b[0m\u001b[27m\u001b[24m\u001b[J\r\n\u001b[19491001\u001b[1;35m> \u001b[20210325\u001b[0m\u001b[K\u001b[?2004h" ]
[ 5.69575, "o", "x" ]
[ 5.74764, "o", "\bx " ]
[ 5.79972, "o", "b" ]
[ 5.85157, "o", "i" ]
[ 5.90361, "o", "t" ]
[ 5.95535, "o", " " ]
[ 6.00831, "o", "-" ]
[ 6.06052, "o", "-" ]
[ 6.11265, "o", "v" ]
[ 6.16511, "o", "e" ]
[ 6.21697, "o", "r" ]
[ 6.26903, "o", "s" ]
[ 6.32065, "o", "i" ]
[ 6.37286, "o", "o" ]
[ 6.42480, "o", "n" ]
[ 6.67823, "o", "\u001b[?2004l\r\r\n" ]
[ 6.77033, "o", "bit version 1.1.2\r\n" ]
[ 6.77130, "o", "git version 2.41.0\r\n" ]
[ 6.77231, "o", "\u001b[1m\u001b[7m#\u001b[27m\u001b[1m\u001b[0m                                                                                                   \r \r\r\u001b[0m\u001b[27m\u001b[24m\u001b[J\r\n\u001b[19491001\u001b[1;35m> \u001b[20210325\u001b[0m\u001b[K" ]
[ 6.77244, "o", "\u001b[?2004h" ]
[ 9.18183, "o", "#" ]
[ 9.18196, "o", "\b# U" ]
[ 9.23404, "o", "s" ]
[ 9.28628, "o", "i" ]
[ 9.33824, "o", "n" ]
[ 9.38990, "o", "g" ]
[ 9.44233, "o", " " ]
[ 9.49478, "o", "`" ]
[ 9.54662, "o", "x" ]
[ 9.59833, "o", " " ]
[ 9.65021, "o", "e" ]
[ 9.70222, "o", "n" ]
[ 9.75402, "o", "v" ]
[ 9.80656, "o", " " ]
[ 9.85828, "o", "u" ]
[ 9.91036, "o", "s" ]
[ 9.96202, "o", "e" ]
[ 10.01386, "o", "`" ]
[ 10.06612, "o", " " ]
[ 10.11806, "o", "c" ]
[ 10.17026, "o", "a" ]
[ 10.22222, "o", "n" ]
[ 10.27488, "o", " " ]
[ 10.32697, "o", "a" ]
[ 10.37971, "o", "u" ]
[ 10.43181, "o", "t" ]
[ 10.48383, "o", "o" ]
[ 10.53579, "o", "m" ]
[ 10.58739, "o", "a" ]
[ 10.63978, "o", "t" ]
[ 10.69160, "o", "i" ]
[ 10.74399, "o", "c" ]
[ 10.79592, "o", "a" ]
[ 10.84842, "o", "l" ]
[ 10.90041, "o", "l" ]
[ 10.95241, "o", "y" ]
[ 11.00509, "o", " " ]
[ 11.05700, "o", "i" ]
[ 11.10864, "o", "n" ]
[ 11.16034, "o", "s" ]
[ 11.21315, "o", "t" ]
[ 11.26441, "o", "a" ]
[ 11.31697, "o", "l" ]
[ 11.36920, "o", "l" ]
[ 11.42091, "o", " " ]
[ 11.47351, "o", "a" ]
[ 11.52510, "o", "n" ]
[ 11.57724, "o", "d" ]
[ 11.62889, "o", " " ]
[ 11.68074, "o", "c" ]
[ 11.73257, "o", "o" ]
[ 11.78436, "o", "n" ]
[ 11.83637, "o", "f" ]
[ 11.88845, "o", "i" ]
[ 11.94117, "o", "g" ]
[ 11.99353, "o", "u" ]
[ 12.04563, "o", "r" ]
[ 12.09729, "o", "e" ]
[ 12.14946, "o", " " ]
[ 12.20148, "o", "c" ]
[ 12.25358, "o", "o" ]
[ 12.30563, "o", "r" ]
[ 12.35721, "o", "r" ]
[ 12.40945, "o", "e" ]
[ 12.46134, "o", "s" ]
[ 12.51354, "o", "p" ]
[ 12.56541, "o", "o" ]
[ 12.61771, "o", "n" ]
[ 12.66997, "o", "d" ]
[ 12.72180, "o", "i" ]
[ 12.77404, "o", "n" ]
[ 12.82565, "o", "g" ]
[ 12.87763, "o", " " ]
[ 12.92920, "o", "g" ]
[ 12.98177, "o", "l" ]
[ 13.03384, "o", "o" ]
[ 13.08588, "o", "b" ]
[ 13.13785, "o", "a" ]
[ 13.18956, "o", "l" ]
[ 13.24126, "o", " " ]
[ 13.29278, "o", "e" ]
[ 13.34463, "o", "n" ]
[ 13.39641, "o", "v" ]
[ 13.44804, "o", "i" ]
[ 13.50007, "o", "r" ]
[ 13.55179, "o", "o" ]
[ 13.60455, "o", "n" ]
[ 13.65653, "o", "m" ]
[ 13.70904, "o", "e" ]
[ 13.76066, "o", "n" ]
[ 13.81289, "o", "t" ]
[ 13.86482, "o", " " ]
[ 13.91746, "o", "v" ]
[ 13.96933, "o", "a" ]
[ 14.02156, "o", "r" ]
[ 14.07421, "o", "i" ]
[ 14.12571, "o", "a \r\u001b[K" ]
[ 14.17767, "o", "b" ]
[ 14.22937, "o", "\rbl" ]
[ 14.28182, "o", "e" ]
[ 14.33371, "o", "s" ]
[ 14.38617, "o", "\u001b[?2004l\r\r\n\u001b[1m\u001b[7m#\u001b[27m\u001b[1m\u001b[0m                                                                                                   \r \r\r\u001b[0m\u001b[27m\u001b[24m\u001b[J\r\n\u001b[19491001\u001b[1;35m> \u001b[20210325\u001b[0m\u001b[K\u001b[?2004h" ]
[ 15.89000, "o", "x" ]
[ 15.94252, "o", "\bx " ]
[ 15.99430, "o", "e" ]
[ 16.04698, "o", "n" ]
[ 16.09935, "o", "v" ]
[ 16.15169, "o", " " ]
[ 16.20381, "o", "u" ]
[ 16.25571, "o", "s" ]
[ 16.30767, "o", "e" ]
[ 16.35935, "o", " " ]
[ 16.41128, "o", "b" ]
[ 16.46278, "o", "i" ]
[ 16.51455, "o", "t" ]
[ 16.76895, "o", "\u001b[?2004l\r\r\n" ]
[ 16.90539, "o", "- \u001b[32mI\u001b[0m\u001b[32m|pkg: \u001b[0mSuccessfully set link from path \u001b[0m\r\n" ]
[ 16.92924, "o", "- \u001b[32mI\u001b[0m\u001b[32m|env: \u001b[0mSuccessfully set bit=v0.0.1 in the current environment.\u001b[0m\r\n" ]
[ 16.99425, "o", "- \u001b[32mI\u001b[0m\u001b[32m|env: \u001b[0mConfig file updated to /root/.x-cmd.root/local/data/env/version\u001b[0m\r\n" ]
[ 16.99444, "o", "\u001b[1m\u001b[7m#\u001b[27m\u001b[1m\u001b[0m                                                                                                   \r \r" ]
[ 16.99456, "o", "\r\u001b[0m\u001b[27m\u001b[24m\u001b[J\r\n\u001b[19491001\u001b[1;35m> \u001b[20210325\u001b[0m\u001b[K\u001b[?2004h" ]
[ 19.27294, "o", "#\b# " ]
[ 19.27305, "o", "U" ]
[ 19.32474, "o", "s" ]
[ 19.37668, "o", "e" ]
[ 19.42856, "o", " " ]
[ 19.48056, "o", "b" ]
[ 19.53236, "o", "i" ]
[ 19.58431, "o", "t" ]
[ 19.63637, "o", " " ]
[ 19.68824, "o", "r" ]
[ 19.74024, "o", "e" ]
[ 19.79179, "o", "p" ]
[ 19.84363, "o", "o" ]
[ 19.89523, "o", " " ]
[ 19.94787, "o", "a" ]
[ 19.99987, "o", "s" ]
[ 20.05174, "o", " " ]
[ 20.10383, "o", "a" ]
[ 20.15555, "o", " " ]
[ 20.20760, "o", "d" ]
[ 20.25929, "o", "e" ]
[ 20.31121, "o", "m" ]
[ 20.36288, "o", "o" ]
[ 20.41462, "o", "\u001b[?2004l\r\r\n" ]
[ 20.41480, "o", "\u001b[1m\u001b[7m#\u001b[27m\u001b[1m\u001b[0m                                                                                                   \r \r\r\u001b[0m\u001b[27m\u001b[24m\u001b[J\r\n\u001b[19491001\u001b[1;35m> \u001b[20210325\u001b[0m\u001b[K\u001b[?2004h" ]
[ 21.91787, "o", "c" ]
[ 21.97082, "o", "\bcd" ]
[ 22.02287, "o", " " ]
[ 22.07520, "o", "b" ]
[ 22.12736, "o", "i" ]
[ 22.17911, "o", "t" ]
[ 22.23099, "o", "/" ]
[ 22.78576, "o", "\u001b[?2004l\r\r\n" ]
[ 22.78597, "o", "\u001b[1m\u001b[7m#\u001b[27m\u001b[1m\u001b[0m                                                                                                   \r \r\r\u001b[0m\u001b[27m\u001b[24m\u001b[J\r\n\u001b[19491001\u001b[1;35m> \u001b[20210325\u001b[0m\u001b[K\u001b[?2004h" ]
[ 25.29078, "o", "#\b# D" ]
[ 25.34232, "o", "i" ]
[ 25.39405, "o", "s" ]
[ 25.44567, "o", "p" ]
[ 25.49762, "o", "l" ]
[ 25.54952, "o", "a" ]
[ 25.60154, "o", "y" ]
[ 25.65382, "o", " " ]
[ 25.70590, "o", "o" ]
[ 25.75813, "o", "n" ]
[ 25.80975, "o", "e" ]
