{"version":2,"width":100,"height":26,"timestamp":1689844306,"env":{"SHELL":"","TERM":"xterm"}}
[ 0.00000, "o", "" ]
[ 0.15742, "o", "\u001b[19491001\u001b[1;35m> \u001b[20210325\u001b[0m\u001b[K\u001b[?2004h" ]
[ 0.40276, "o", "#" ]
[ 0.40295, "o", "\b# U" ]
[ 0.45535, "o", "s" ]
[ 0.50884, "o", "e" ]
[ 0.56096, "o", " " ]
[ 0.61297, "o", "t" ]
[ 0.66497, "o", "h" ]
[ 0.71704, "o", "e" ]
[ 0.76969, "o", " " ]
[ 0.82169, "o", "`" ]
[ 0.87433, "o", "x" ]
[ 0.92613, "o", " " ]
[ 0.97861, "o", "b" ]
[ 1.03057, "o", "u" ]
[ 1.08265, "o", "s" ]
[ 1.13420, "o", "y" ]
[ 1.18674, "o", "b" ]
[ 1.23865, "o", "o" ]
[ 1.29096, "o", "x" ]
[ 1.34302, "o", "`" ]
[ 1.39540, "o", " " ]
[ 1.44764, "o", "c" ]
[ 1.49951, "o", "o" ]
[ 1.55194, "o", "m" ]
[ 1.60378, "o", "m" ]
[ 1.65578, "o", "a" ]
[ 1.70750, "o", "n" ]
[ 1.75943, "o", "d" ]
[ 1.81104, "o", " " ]
[ 1.86346, "o", "f" ]
[ 1.91563, "o", "o" ]
[ 1.96755, "o", "r" ]
[ 2.01959, "o", "m" ]
[ 2.07163, "o", "a" ]
[ 2.12401, "o", "t" ]
[ 2.17586, "o", " " ]
[ 2.22800, "o", "t" ]
[ 2.28004, "o", "o" ]
[ 2.33221, "o", " " ]
[ 2.38479, "o", "q" ]
[ 2.43655, "o", "u" ]
[ 2.48907, "o", "i" ]
[ 2.54109, "o", "c" ]
[ 2.59342, "o", "k" ]
[ 2.64510, "o", "l" ]
[ 2.69750, "o", "y" ]
[ 2.74962, "o", " " ]
[ 2.80150, "o", "u" ]
[ 2.85420, "o", "s" ]
[ 2.90596, "o", "e" ]
[ 2.95856, "o", " " ]
[ 3.01080, "o", "t" ]
[ 3.06295, "o", "h" ]
[ 3.11465, "o", "e" ]
[ 3.16676, "o", " " ]
[ 3.21934, "o", "`" ]
[ 3.27109, "o", "b" ]
[ 3.32350, "o", "u" ]
[ 3.37524, "o", "s" ]
[ 3.42747, "o", "y" ]
[ 3.47967, "o", "b" ]
[ 3.53138, "o", "o" ]
[ 3.58341, "o", "x" ]
[ 3.63540, "o", "`" ]
[ 3.68736, "o", " " ]
[ 3.73920, "o", "c" ]
[ 3.79154, "o", "o" ]
[ 3.84314, "o", "m" ]
[ 3.89543, "o", "m" ]
[ 3.94747, "o", "a" ]
[ 3.99962, "o", "n" ]
[ 4.05179, "o", "d" ]
[ 4.10350, "o", "\u001b[?2004l\r\r\n" ]
[ 4.10363, "o", "\u001b[1m\u001b[7m#\u001b[27m\u001b[1m\u001b[0m                                                                                                   \r \r\r\u001b[0m\u001b[27m\u001b[24m\u001b[J\r\n\u001b[19491001\u001b[1;35m> \u001b[20210325\u001b[0m\u001b[K\u001b[?2004h" ]
[ 5.60717, "o", "x" ]
[ 5.65969, "o", "\bx " ]
[ 5.71182, "o", "b" ]
[ 5.76363, "o", "u" ]
[ 5.81600, "o", "s" ]
[ 5.86786, "o", "y" ]
[ 5.91983, "o", "b" ]
[ 5.97163, "o", "o" ]
[ 6.02395, "o", "x" ]
[ 6.07592, "o", " " ]
[ 6.12810, "o", "-" ]
[ 6.18064, "o", "-" ]
[ 6.23238, "o", "h" ]
[ 6.28419, "o", "e" ]
[ 6.33602, "o", "l" ]
[ 6.38807, "o", "p" ]
[ 6.43970, "o", " " ]
[ 6.49220, "o", "|" ]
[ 6.54439, "o", " " ]
[ 6.59699, "o", "h" ]
[ 6.64879, "o", "e" ]
[ 6.70069, "o", "a" ]
[ 6.75280, "o", "d" ]
[ 6.80479, "o", " " ]
[ 6.85682, "o", "-" ]
[ 6.90889, "o", "n" ]
[ 6.96103, "o", " " ]
[ 7.01347, "o", "4" ]
[ 7.26766, "o", "\u001b[?2004l\r\r\n" ]
[ 7.36028, "o", "BusyBox v1.35.0 (2022-01-17 19:57:02 CET) multi-call binary.\r\nBusyBox is copyrighted by many authors between 1998-2015.\r\nLicensed under GPLv2. See source distribution for detailed\r\ncopyright notices.\r\n" ]
[ 7.36050, "o", "\u001b[1m\u001b[7m#\u001b[27m\u001b[1m\u001b[0m                                                                                                   \r \r\r\u001b[0m\u001b[27m\u001b[24m\u001b[J\r\n\u001b[19491001\u001b[1;35m> \u001b[20210325\u001b[0m\u001b[K\u001b[?2004h" ]
[ 9.26962, "o", "#\b# " ]
[ 9.26977, "o", "U" ]
[ 9.32196, "o", "s" ]
[ 9.37411, "o", "i" ]
[ 9.42620, "o", "n" ]
[ 9.47844, "o", "g" ]
[ 9.53013, "o", " " ]
[ 9.58227, "o", "`" ]
[ 9.63408, "o", "x" ]
[ 9.68653, "o", " " ]
[ 9.73858, "o", "e" ]
[ 9.79092, "o", "n" ]
[ 9.84336, "o", "v" ]
[ 9.89544, "o", " " ]
[ 9.94754, "o", "u" ]
[ 9.99940, "o", "s" ]
[ 10.05129, "o", "e" ]
[ 10.10378, "o", "`" ]
[ 10.15574, "o", " " ]
[ 10.20778, "o", "c" ]
[ 10.25994, "o", "a" ]
[ 10.31230, "o", "n" ]
[ 10.36404, "o", " " ]
[ 10.41632, "o", "a" ]
[ 10.46861, "o", "u" ]
[ 10.52042, "o", "t" ]
[ 10.57215, "o", "o" ]
[ 10.62484, "o", "m" ]
[ 10.67694, "o", "a" ]
[ 10.72876, "o", "t" ]
[ 10.78082, "o", "i" ]
[ 10.83273, "o", "c" ]
[ 10.88552, "o", "a" ]
[ 10.93725, "o", "l" ]
[ 10.98897, "o", "l" ]
[ 11.04079, "o", "y" ]
[ 11.09269, "o", " " ]
[ 11.14508, "o", "i" ]
[ 11.19738, "o", "n" ]
[ 11.24942, "o", "s" ]
[ 11.30105, "o", "t" ]
[ 11.35315, "o", "a" ]
[ 11.40476, "o", "l" ]
[ 11.45752, "o", "l" ]
[ 11.50948, "o", " " ]
[ 11.56199, "o", "a" ]
[ 11.61414, "o", "n" ]
[ 11.66578, "o", "d" ]
[ 11.71836, "o", " " ]
[ 11.77022, "o", "c" ]
[ 11.82323, "o", "o" ]
[ 11.87497, "o", "n" ]
[ 11.92752, "o", "f" ]
[ 11.97965, "o", "i" ]
[ 12.03253, "o", "g" ]
[ 12.08474, "o", "u" ]
[ 12.13671, "o", "r" ]
[ 12.18891, "o", "e" ]
[ 12.24095, "o", " " ]
[ 12.29310, "o", "c" ]
[ 12.34502, "o", "o" ]
[ 12.39751, "o", "r" ]
[ 12.44974, "o", "r" ]
[ 12.50282, "o", "e" ]
[ 12.55505, "o", "s" ]
[ 12.60692, "o", "p" ]
[ 12.65935, "o", "o" ]
[ 12.71120, "o", "n" ]
[ 12.76342, "o", "d" ]
[ 12.81559, "o", "i" ]
[ 12.86770, "o", "n" ]
[ 12.91982, "o", "g" ]
[ 12.97252, "o", " " ]
[ 13.02466, "o", "g" ]
[ 13.07666, "o", "l" ]
[ 13.12878, "o", "o" ]
[ 13.18047, "o", "b" ]
[ 13.23270, "o", "a" ]
[ 13.28456, "o", "l" ]
[ 13.33672, "o", " " ]
[ 13.38886, "o", "e" ]
[ 13.44085, "o", "n" ]
[ 13.49266, "o", "v" ]
[ 13.54459, "o", "i" ]
[ 13.59665, "o", "r" ]
[ 13.64845, "o", "o" ]
[ 13.70042, "o", "n" ]
[ 13.75241, "o", "m" ]
[ 13.80528, "o", "e" ]
[ 13.85755, "o", "n" ]
[ 13.90973, "o", "t" ]
[ 13.96197, "o", " " ]
[ 14.01364, "o", "v" ]
[ 14.06551, "o", "a" ]
[ 14.11727, "o", "r" ]
[ 14.16978, "o", "i" ]
[ 14.22192, "o", "a \r\u001b[K" ]
[ 14.27427, "o", "b" ]
[ 14.32630, "o", "\rbl" ]
[ 14.37798, "o", "e" ]
[ 14.43011, "o", "s" ]
[ 14.48181, "o", "\u001b[?2004l\r\r\n\u001b[1m\u001b[7m#\u001b[27m\u001b[1m\u001b[0m                                                                                                   \r \r" ]
[ 14.48197, "o", "\r\u001b[0m\u001b[27m\u001b[24m\u001b[J\r\n\u001b[19491001\u001b[1;35m> \u001b[20210325\u001b[0m\u001b[K\u001b[?2004h" ]
[ 15.98520, "o", "x" ]
[ 16.03707, "o", "\bx " ]
[ 16.08890, "o", "e" ]
[ 16.14133, "o", "n" ]
[ 16.19387, "o", "v" ]
[ 16.24563, "o", " " ]
[ 16.29833, "o", "u" ]
[ 16.35106, "o", "s" ]
[ 16.40372, "o", "e" ]
[ 16.45581, "o", " " ]
[ 16.50789, "o", "b" ]
[ 16.56029, "o", "u" ]
[ 16.61230, "o", "s" ]
[ 16.66434, "o", "y" ]
[ 16.71616, "o", "b" ]
[ 16.76808, "o", "o" ]
[ 16.82013, "o", "x" ]
[ 17.07418, "o", "\u001b[?2004l\r\r\n" ]
[ 17.19688, "o", "- \u001b[32mI\u001b[0m\u001b[32m|pkg: \u001b[0mSuccessfully set link from path \u001b[0m\r\n" ]
[ 17.22277, "o", "- \u001b[32mI\u001b[0m\u001b[32m|env: \u001b[0mSuccessfully set busybox=v0.0.0 in the current environment.\u001b[0m\r\n" ]
[ 17.28899, "o", "- \u001b[32mI\u001b[0m\u001b[32m|env: \u001b[0mConfig file updated to /root/.x-cmd.root/local/data/env/version\u001b[0m\r\n" ]
[ 17.28921, "o", "\u001b[1m\u001b[7m#\u001b[27m\u001b[1m\u001b[0m                                                                                                   \r \r\r\u001b[0m\u001b[27m\u001b[24m\u001b[J\r\n\u001b[19491001\u001b[1;35m> \u001b[20210325\u001b[0m\u001b[K\u001b[?2004h" ]
[ 19.07681, "o", "#\b# " ]
[ 19.07699, "o", "V" ]
[ 19.12956, "o", "i" ]
[ 19.18182, "o", "e" ]
[ 19.23418, "o", "w" ]
[ 19.28665, "o", " " ]
[ 19.33842, "o", "F" ]
[ 19.39050, "o", "i" ]
[ 19.44269, "o", "l" ]
[ 19.49524, "o", "e" ]
[ 19.54687, "o", " " ]
[ 19.59963, "o", "L" ]
[ 19.65186, "o", "i" ]
[ 19.70424, "o", "s" ]
[ 19.75653, "o", "t" ]
[ 19.80854, "o", "\u001b[?2004l\r\r\n" ]
[ 19.80870, "o", "\u001b[1m\u001b[7m#\u001b[27m\u001b[1m\u001b[0m                                                                                                   \r \r\r\u001b[0m\u001b[27m\u001b[24m\u001b[J\r\n\u001b[19491001\u001b[1;35m> \u001b[20210325\u001b[0m\u001b[K\u001b[?2004h" ]
[ 21.31289, "o", "b" ]
[ 21.36517, "o", "\bbu" ]
[ 21.41760, "o", "s" ]
[ 21.46976, "o", "y" ]
[ 21.52205, "o", "b" ]
[ 21.57414, "o", "o" ]
[ 21.62617, "o", "x" ]
[ 21.67793, "o", " " ]
[ 21.73083, "o", "l" ]
[ 21.78295, "o", "s" ]
