{"version":2,"width":100,"height":26,"timestamp":1689896418,"env":{"SHELL":"","TERM":"xterm"}}
[ 0.00000, "o", "" ]
[ 0.38636, "o", "\u001b[19491001\u001b[1;35m> \u001b[20210325\u001b[0m\u001b[K" ]
[ 0.38677, "o", "\u001b[?2004h" ]
[ 2.28485, "o", "#\b# " ]
[ 2.28508, "o", "U" ]
[ 2.34329, "o", "s" ]
[ 2.40187, "o", "e" ]
[ 2.46021, "o", " " ]
[ 2.51853, "o", "t" ]
[ 2.57563, "o", "h" ]
[ 2.63466, "o", "e" ]
[ 2.69228, "o", " " ]
[ 2.75077, "o", "`" ]
[ 2.80848, "o", "x" ]
[ 2.86635, "o", " " ]
[ 2.92461, "o", "c" ]
[ 2.98306, "o", "u" ]
[ 3.04090, "o", "r" ]
[ 3.09910, "o", "l" ]
[ 3.15683, "o", "`" ]
[ 3.21517, "o", " " ]
[ 3.27181, "o", "c" ]
[ 3.32940, "o", "o" ]
[ 3.38739, "o", "m" ]
[ 3.44492, "o", "m" ]
[ 3.50336, "o", "a" ]
[ 3.56090, "o", "n" ]
[ 3.61953, "o", "d" ]
[ 3.67806, "o", " " ]
[ 3.73876, "o", "f" ]
[ 3.79636, "o", "o" ]
[ 3.85397, "o", "r" ]
[ 3.91024, "o", "m" ]
[ 3.96556, "o", "a" ]
[ 4.02211, "o", "t" ]
[ 4.07953, "o", " " ]
[ 4.13785, "o", "t" ]
[ 4.19564, "o", "o" ]
[ 4.25380, "o", " " ]
[ 4.31051, "o", "q" ]
[ 4.36795, "o", "u" ]
[ 4.42480, "o", "i" ]
[ 4.48219, "o", "c" ]
[ 4.53908, "o", "k" ]
[ 4.59607, "o", "l" ]
[ 4.65381, "o", "y" ]
[ 4.71145, "o", " " ]
[ 4.76945, "o", "u" ]
[ 4.82630, "o", "s" ]
[ 4.88466, "o", "e" ]
[ 4.94242, "o", " " ]
[ 5.00103, "o", "t" ]
[ 5.05818, "o", "h" ]
[ 5.11643, "o", "e" ]
[ 5.17382, "o", " " ]
[ 5.23144, "o", "`" ]
[ 5.28866, "o", "c" ]
[ 5.34573, "o", "u" ]
[ 5.40309, "o", "r" ]
[ 5.46035, "o", "l" ]
[ 5.51774, "o", "`" ]
[ 5.57458, "o", " " ]
[ 5.63332, "o", "c" ]
[ 5.69052, "o", "o" ]
[ 5.74853, "o", "m" ]
[ 5.80685, "o", "m" ]
[ 5.86421, "o", "a" ]
[ 5.92105, "o", "n" ]
[ 5.97842, "o", "d" ]
[ 6.03646, "o", "\u001b[?2004l\r\r\n\u001b[1m\u001b[7m#\u001b[27m\u001b[1m\u001b[0m                                                                                                   \r \r" ]
[ 6.03704, "o", "\r\u001b[0m\u001b[27m\u001b[24m\u001b[J\r\n\u001b[19491001\u001b[1;35m> \u001b[20210325\u001b[0m\u001b[K\u001b[?2004h" ]
[ 7.55193, "o", "x" ]
[ 7.60942, "o", "\bx " ]
[ 7.66682, "o", "c" ]
[ 7.72347, "o", "u" ]
[ 7.78002, "o", "r" ]
[ 7.83713, "o", "l" ]
[ 7.89356, "o", " " ]
[ 7.95143, "o", "-" ]
[ 8.00808, "o", "-" ]
[ 8.06611, "o", "v" ]
[ 8.12297, "o", "e" ]
[ 8.17976, "o", "r" ]
[ 8.23585, "o", "s" ]
[ 8.29355, "o", "i" ]
[ 8.35045, "o", "o" ]
[ 8.40698, "o", "n" ]
[ 8.67126, "o", "\u001b[?2004l\r\r\n" ]
[ 8.75834, "o", "curl 7.86.0 (x86_64-pc-linux-musl) libcurl/7.86.0 LibreSSL/3.5.2 zlib/1.2.12 libssh2/1.9.0_DEV\r\nRelease-Date: 2022-10-26\r\nProtocols: dict file ftp ftps gopher gophers http https imap imaps mqtt pop3 pop3s rtsp scp sftp smb smbs smtp smtps telnet tftp \r\nFeatures: alt-svc AsynchDNS HSTS HTTPS-proxy IPv6 Largefile libz NTLM NTLM_WB SSL threadsafe UnixSockets\r\n" ]
[ 8.76052, "o", "\u001b[1m\u001b[7m#\u001b[27m\u001b[1m\u001b[0m                                                                                                   \r \r\r\u001b[0m\u001b[27m\u001b[24m\u001b[J\r\n\u001b[19491001\u001b[1;35m> \u001b[20210325\u001b[0m" ]
[ 8.76132, "o", "\u001b[K\u001b[?2004h" ]
[ 10.67886, "o", "#\b# U" ]
[ 10.73649, "o", "s" ]
[ 10.79338, "o", "i" ]
[ 10.85146, "o", "n" ]
[ 10.90876, "o", "g" ]
[ 10.96637, "o", " " ]
[ 11.02325, "o", "`" ]
[ 11.08092, "o", "x" ]
[ 11.13762, "o", " " ]
[ 11.19440, "o", "e" ]
[ 11.25213, "o", "n" ]
[ 11.31030, "o", "v" ]
[ 11.36752, "o", " " ]
[ 11.42236, "o", "u" ]
[ 11.47605, "o", "s" ]
[ 11.53299, "o", "e" ]
[ 11.58934, "o", "`" ]
[ 11.64763, "o", " " ]
[ 11.70498, "o", "c" ]
[ 11.76213, "o", "a" ]
[ 11.81885, "o", "n" ]
[ 11.87605, "o", " " ]
[ 11.93333, "o", "a" ]
[ 11.99018, "o", "u" ]
[ 12.04747, "o", "t" ]
[ 12.10402, "o", "o" ]
[ 12.16063, "o", "m" ]
[ 12.21871, "o", "a" ]
[ 12.27672, "o", "t" ]
[ 12.33390, "o", "i" ]
[ 12.39078, "o", "c" ]
[ 12.44753, "o", "a" ]
[ 12.50426, "o", "l" ]
[ 12.56142, "o", "l" ]
[ 12.61828, "o", "y" ]
[ 12.67578, "o", " " ]
[ 12.73368, "o", "i" ]
[ 12.79042, "o", "n" ]
[ 12.84735, "o", "s" ]
[ 12.90455, "o", "t" ]
[ 12.96261, "o", "a" ]
[ 13.01997, "o", "l" ]
[ 13.07741, "o", "l" ]
[ 13.13468, "o", " " ]
[ 13.19166, "o", "a" ]
[ 13.24866, "o", "n" ]
[ 13.30523, "o", "d" ]
[ 13.36221, "o", " " ]
[ 13.41887, "o", "c" ]
[ 13.47964, "o", "o" ]
[ 13.53364, "o", "n" ]
[ 13.59015, "o", "f" ]
[ 13.64810, "o", "i" ]
[ 13.70535, "o", "g" ]
[ 13.76370, "o", "u" ]
[ 13.82127, "o", "r" ]
[ 13.87821, "o", "e" ]
[ 13.93566, "o", " " ]
[ 13.99362, "o", "c" ]
[ 14.05059, "o", "o" ]
[ 14.10762, "o", "r" ]
[ 14.16479, "o", "r" ]
[ 14.22157, "o", "e" ]
[ 14.27872, "o", "s" ]
[ 14.33564, "o", "p" ]
[ 14.39272, "o", "o" ]
[ 14.45115, "o", "n" ]
[ 14.50746, "o", "d" ]
[ 14.56488, "o", "i" ]
[ 14.62124, "o", "n" ]
[ 14.68079, "o", "g" ]
[ 14.73755, "o", " " ]
[ 14.79476, "o", "g" ]
[ 14.85170, "o", "l" ]
[ 14.90867, "o", "o" ]
[ 14.96745, "o", "b" ]
[ 15.02380, "o", "a" ]
[ 15.08109, "o", "l" ]
[ 15.13766, "o", " " ]
[ 15.19434, "o", "e" ]
[ 15.25205, "o", "n" ]
[ 15.30985, "o", "v" ]
[ 15.36793, "o", "i" ]
[ 15.42634, "o", "r" ]
[ 15.48360, "o", "o" ]
[ 15.54043, "o", "n" ]
[ 15.59748, "o", "m" ]
[ 15.65392, "o", "e" ]
[ 15.71045, "o", "n" ]
[ 15.76756, "o", "t" ]
[ 15.82395, "o", " " ]
[ 15.88211, "o", "v" ]
[ 15.93895, "o", "a" ]
[ 15.99579, "o", "r" ]
[ 16.05320, "o", "i" ]
[ 16.11123, "o", "a \r\u001b[K" ]
[ 16.16858, "o", "b" ]
[ 16.22582, "o", "\rbl" ]
[ 16.28361, "o", "e" ]
[ 16.34110, "o", "s" ]
[ 16.39934, "o", "\u001b[?2004l\r\r\n" ]
[ 16.39994, "o", "\u001b[1m\u001b[7m#\u001b[27m\u001b[1m\u001b[0m                                                                                                   \r \r\r\u001b[0m\u001b[27m\u001b[24m\u001b[J\r\n\u001b[19491001\u001b[1;35m> \u001b[20210325\u001b[0m\u001b[K\u001b[?2004h" ]
[ 17.91414, "o", "x" ]
[ 17.97059, "o", "\bx " ]
[ 18.02834, "o", "e" ]
[ 18.08526, "o", "n" ]
[ 18.14280, "o", "v" ]
[ 18.19998, "o", " " ]
[ 18.25749, "o", "u" ]
[ 18.31465, "o", "s" ]
[ 18.37159, "o", "e" ]
[ 18.42860, "o", " " ]
[ 18.48566, "o", "c" ]
[ 18.54269, "o", "u" ]
[ 18.59959, "o", "r" ]
[ 18.65642, "o", "l" ]
[ 18.92055, "o", "\u001b[?2004l\r\r\n" ]
[ 19.40220, "o", "- \u001b[32mI\u001b[0m\u001b[32m|pkg: \u001b[0mSuccessfully set link from path \u001b[0m\r\n" ]
[ 19.45232, "o", "- \u001b[32mI\u001b[0m\u001b[32m|env: \u001b[0mSuccessfully set curl=v0.0.1 in the current environment.\u001b[0m\r\n" ]
[ 19.55329, "o", "- \u001b[32mI\u001b[0m\u001b[32m|env: \u001b[0mConfig file updated to /root/.x-cmd.root/local/data/env/version\u001b[0m\r\n" ]
[ 19.55353, "o", "\u001b[1m\u001b[7m#\u001b[27m\u001b[1m\u001b[0m                                                                                                   \r \r\r\u001b[0m\u001b[27m\u001b[24m\u001b[J\r\n\u001b[19491001\u001b[1;35m> \u001b[20210325\u001b[0m\u001b[K\u001b[?2004h" ]
[ 21.92777, "o", "#\b# " ]
[ 21.92826, "o", "D" ]
[ 21.98499, "o", "o" ]
[ 22.04176, "o", "w" ]
[ 22.09867, "o", "n" ]
[ 22.15593, "o", "l" ]
[ 22.21326, "o", "o" ]
[ 22.26988, "o", "a" ]
[ 22.32641, "o", "d" ]
[ 22.38305, "o", " " ]
[ 22.43985, "o", "a" ]
[ 22.49729, "o", "n" ]
[ 22.55407, "o", "d" ]
[ 22.61088, "o", " " ]
[ 22.66754, "o", "s" ]
[ 22.72685, "o", "a" ]
[ 22.78398, "o", "v" ]
[ 22.84095, "o", "e" ]
[ 22.89794, "o", " " ]
[ 22.95490, "o", "w" ]
[ 23.01210, "o", "e" ]
[ 23.06880, "o", "b" ]
[ 23.12530, "o", " " ]
[ 23.18271, "o", "p" ]
[ 23.23973, "o", "a" ]
[ 23.29745, "o", "g" ]
[ 23.35431, "o", "e" ]
[ 23.41122, "o", "s" ]
[ 23.46850, "o", "\u001b[?2004l\r\r\n\u001b[1m\u001b[7m#\u001b[27m\u001b[1m\u001b[0m                                                                                                   \r \r" ]
[ 23.46867, "o", "\r\u001b[0m\u001b[27m\u001b[24m\u001b[J\r\n\u001b[19491001\u001b[1;35m> \u001b[20210325\u001b[0m\u001b[K\u001b[?2004h" ]
[ 24.98203, "o", "c" ]
[ 25.03886, "o", "\bcu" ]
[ 25.09603, "o", "r" ]
[ 25.15284, "o", "l" ]
[ 25.20928, "o", " " ]
[ 25.26729, "o", "-" ]
[ 25.32462, "o", "o" ]
[ 25.38163, "o", " " ]
