{"version":2,"width":100,"height":26,"timestamp":1690611393,"env":{"SHELL":"","TERM":"xterm"}}
[ 0.00000, "o", "" ]
[ 0.13923, "o", "\u001b[19491001\u001b[1;35m> \u001b[20210325\u001b[0m\u001b[K\u001b[?2004h" ]
[ 0.39923, "o", "#\b# " ]
[ 0.39938, "o", "U" ]
[ 0.45174, "o", "s" ]
[ 0.50330, "o", "e" ]
[ 0.55529, "o", " " ]
[ 0.60720, "o", "t" ]
[ 0.65885, "o", "h" ]
[ 0.71122, "o", "e" ]
[ 0.76275, "o", " " ]
[ 0.81458, "o", "`" ]
[ 0.86626, "o", "x" ]
[ 0.91832, "o", " " ]
[ 0.97004, "o", "d" ]
[ 1.02161, "o", "a" ]
[ 1.07339, "o", "s" ]
[ 1.12492, "o", "e" ]
[ 1.17695, "o", "l" ]
[ 1.22867, "o", "`" ]
[ 1.28007, "o", " " ]
[ 1.33163, "o", "c" ]
[ 1.38356, "o", "o" ]
[ 1.43544, "o", "m" ]
[ 1.48738, "o", "m" ]
[ 1.53934, "o", "a" ]
[ 1.59092, "o", "n" ]
[ 1.64262, "o", "d" ]
[ 1.69419, "o", " " ]
[ 1.74630, "o", "f" ]
[ 1.79802, "o", "o" ]
[ 1.85032, "o", "r" ]
[ 1.90231, "o", "m" ]
[ 1.95378, "o", "a" ]
[ 2.00587, "o", "t" ]
[ 2.05763, "o", " " ]
[ 2.10943, "o", "t" ]
[ 2.16092, "o", "o" ]
[ 2.21352, "o", " " ]
[ 2.26559, "o", "q" ]
[ 2.31718, "o", "u" ]
[ 2.36944, "o", "i" ]
[ 2.42093, "o", "c" ]
[ 2.47288, "o", "k" ]
[ 2.52439, "o", "l" ]
[ 2.57616, "o", "y" ]
[ 2.62770, "o", " " ]
[ 2.67959, "o", "u" ]
[ 2.73118, "o", "s" ]
[ 2.78326, "o", "e" ]
[ 2.83518, "o", " " ]
[ 2.88684, "o", "t" ]
[ 2.93866, "o", "h" ]
[ 2.99011, "o", "e" ]
[ 3.04205, "o", " " ]
[ 3.09364, "o", "`" ]
[ 3.14531, "o", "d" ]
[ 3.19721, "o", "a" ]
[ 3.24888, "o", "s" ]
[ 3.30055, "o", "e" ]
[ 3.35262, "o", "l" ]
[ 3.40426, "o", "`" ]
[ 3.45583, "o", " " ]
[ 3.50756, "o", "c" ]
[ 3.55951, "o", "o" ]
[ 3.61095, "o", "m" ]
[ 3.66267, "o", "m" ]
[ 3.71492, "o", "a" ]
[ 3.76690, "o", "n" ]
[ 3.81851, "o", "d" ]
[ 3.87061, "o", "\u001b[?2004l\r\r\n\u001b[1m\u001b[7m#\u001b[27m\u001b[1m\u001b[0m                                                                                                   \r \r" ]
[ 3.87080, "o", "\r\u001b[0m\u001b[27m\u001b[24m\u001b[J\r\n\u001b[19491001\u001b[1;35m> \u001b[20210325\u001b[0m\u001b[K\u001b[?2004h" ]
[ 5.37398, "o", "x" ]
[ 5.42631, "o", "\bx " ]
[ 5.47808, "o", "d" ]
[ 5.53014, "o", "a" ]
[ 5.58210, "o", "s" ]
[ 5.63401, "o", "e" ]
[ 5.68596, "o", "l" ]
[ 5.73769, "o", " " ]
[ 5.78963, "o", "-" ]
[ 5.84147, "o", "-" ]
[ 5.89299, "o", "v" ]
[ 5.94471, "o", "e" ]
[ 5.99651, "o", "r" ]
[ 6.04842, "o", "s" ]
[ 6.10032, "o", "i" ]
[ 6.15220, "o", "o" ]
[ 6.20362, "o", "n" ]
[ 6.45773, "o", "\u001b[?2004l\r\r\n" ]
[ 6.53151, "o", "dasel version development\r\n" ]
[ 6.53213, "o", "\u001b[1m\u001b[7m#\u001b[27m\u001b[1m\u001b[0m                                                                                                   \r \r" ]
[ 6.53227, "o", "\r\u001b[0m\u001b[27m\u001b[24m\u001b[J\r\n\u001b[19491001\u001b[1;35m> \u001b[20210325\u001b[0m\u001b[K\u001b[?2004h" ]
[ 8.46013, "o", "#\b# U" ]
[ 8.51206, "o", "s" ]
[ 8.56397, "o", "i" ]
[ 8.61576, "o", "n" ]
[ 8.66723, "o", "g" ]
[ 8.71928, "o", " " ]
[ 8.77129, "o", "`" ]
[ 8.82337, "o", "x" ]
[ 8.87577, "o", " " ]
[ 8.92815, "o", "e" ]
[ 8.98020, "o", "n" ]
[ 9.03177, "o", "v" ]
[ 9.08362, "o", " " ]
[ 9.13538, "o", "u" ]
[ 9.18791, "o", "s" ]
[ 9.23941, "o", "e" ]
[ 9.29128, "o", "`" ]
[ 9.34323, "o", " " ]
[ 9.39470, "o", "c" ]
[ 9.44672, "o", "a" ]
[ 9.49841, "o", "n" ]
[ 9.55056, "o", " " ]
[ 9.60225, "o", "a" ]
[ 9.65380, "o", "u" ]
[ 9.70568, "o", "t" ]
[ 9.75763, "o", "o" ]
[ 9.80960, "o", "m" ]
[ 9.86118, "o", "a" ]
[ 9.91319, "o", "t" ]
[ 9.96480, "o", "i" ]
[ 10.01701, "o", "c" ]
[ 10.06855, "o", "a" ]
[ 10.12058, "o", "l" ]
[ 10.17209, "o", "l" ]
[ 10.22364, "o", "y" ]
[ 10.27514, "o", " " ]
[ 10.32679, "o", "i" ]
[ 10.37929, "o", "n" ]
[ 10.43089, "o", "s" ]
[ 10.48288, "o", "t" ]
[ 10.53465, "o", "a" ]
[ 10.58692, "o", "l" ]
[ 10.63873, "o", "l" ]
[ 10.69071, "o", " " ]
[ 10.74251, "o", "a" ]
[ 10.79426, "o", "n" ]
[ 10.84609, "o", "d" ]
[ 10.89800, "o", " " ]
[ 10.95003, "o", "c" ]
[ 11.00189, "o", "o" ]
[ 11.05331, "o", "n" ]
[ 11.10524, "o", "f" ]
[ 11.15678, "o", "i" ]
[ 11.20848, "o", "g" ]
[ 11.26031, "o", "u" ]
[ 11.31220, "o", "r" ]
[ 11.36423, "o", "e" ]
[ 11.41616, "o", " " ]
[ 11.46804, "o", "c" ]
[ 11.52046, "o", "o" ]
[ 11.57233, "o", "r" ]
[ 11.62384, "o", "r" ]
[ 11.67559, "o", "e" ]
[ 11.72729, "o", "s" ]
[ 11.77919, "o", "p" ]
[ 11.83107, "o", "o" ]
[ 11.88254, "o", "n" ]
[ 11.93446, "o", "d" ]
[ 11.98593, "o", "i" ]
[ 12.03797, "o", "n" ]
[ 12.08945, "o", "g" ]
[ 12.14091, "o", " " ]
[ 12.19260, "o", "g" ]
[ 12.24411, "o", "l" ]
[ 12.29574, "o", "o" ]
[ 12.34724, "o", "b" ]
[ 12.39903, "o", "a" ]
[ 12.45146, "o", "l" ]
[ 12.50367, "o", " " ]
[ 12.55579, "o", "e" ]
[ 12.60763, "o", "n" ]
[ 12.65974, "o", "v" ]
[ 12.71129, "o", "i" ]
[ 12.76291, "o", "r" ]
[ 12.81459, "o", "o" ]
[ 12.86654, "o", "n" ]
[ 12.91819, "o", "m" ]
[ 12.97020, "o", "e" ]
[ 13.02185, "o", "n" ]
[ 13.07373, "o", "t" ]
[ 13.12573, "o", " " ]
[ 13.17760, "o", "v" ]
[ 13.22949, "o", "a" ]
[ 13.28095, "o", "r" ]
[ 13.33296, "o", "i" ]
[ 13.38441, "o", "a \r\u001b[K" ]
[ 13.43690, "o", "b" ]
[ 13.48843, "o", "\rbl" ]
[ 13.54020, "o", "e" ]
[ 13.59200, "o", "s" ]
[ 13.64401, "o", "\u001b[?2004l\r\r\n\u001b[1m\u001b[7m#\u001b[27m\u001b[1m\u001b[0m                                                                                                   \r \r" ]
[ 13.64406, "o", "\r\u001b[0m\u001b[27m\u001b[24m\u001b[J\r\n\u001b[19491001\u001b[1;35m> \u001b[20210325\u001b[0m\u001b[K\u001b[?2004h" ]
[ 15.14715, "o", "x" ]
[ 15.19923, "o", "\bx " ]
[ 15.25153, "o", "e" ]
[ 15.30304, "o", "n" ]
[ 15.35504, "o", "v" ]
[ 15.40680, "o", " " ]
[ 15.45917, "o", "u" ]
[ 15.51133, "o", "s" ]
[ 15.56232, "o", "e" ]
[ 15.61390, "o", " " ]
[ 15.66538, "o", "d" ]
[ 15.71732, "o", "a" ]
[ 15.76907, "o", "s" ]
[ 15.82092, "o", "e" ]
[ 15.87241, "o", "l" ]
[ 16.12603, "o", "\u001b[?2004l\r\r\n" ]
[ 16.25471, "o", "- \u001b[32mI\u001b[0m\u001b[32m|pkg: \u001b[0mSuccessfully set link from path \u001b[0m\r\n" ]
[ 16.27546, "o", "- \u001b[32mI\u001b[0m\u001b[32m|env: \u001b[0mSuccessfully set dasel=v0.0.1 in the current environment.\u001b[0m\r\n" ]
[ 16.33261, "o", "- \u001b[32mI\u001b[0m\u001b[32m|env: \u001b[0mConfig file updated to /root/.x-cmd.root/local/data/env/version\u001b[0m\r\n" ]
[ 16.33288, "o", "\u001b[1m\u001b[7m#\u001b[27m\u001b[1m\u001b[0m                                                                                                   \r \r\r\u001b[0m\u001b[27m\u001b[24m\u001b[J\r\n\u001b[19491001\u001b[1;35m> \u001b[20210325\u001b[0m\u001b[K\u001b[?2004h" ]
[ 18.12766, "o", "#\b# " ]
[ 18.12778, "o", "O" ]
[ 18.17964, "o", "b" ]
[ 18.23116, "o", "t" ]
[ 18.28309, "o", "a" ]
[ 18.33452, "o", "i" ]
[ 18.38615, "o", "n" ]
[ 18.43769, "o", " " ]
[ 18.48926, "o", "t" ]
[ 18.54079, "o", "h" ]
[ 18.59281, "o", "e" ]
[ 18.64436, "o", " " ]
[ 18.69581, "o", "v" ]
[ 18.74763, "o", "a" ]
[ 18.79929, "o", "l" ]
[ 18.85078, "o", "u" ]
[ 18.90234, "o", "e" ]
[ 18.95381, "o", " " ]
[ 19.00562, "o", "o" ]
[ 19.05708, "o", "f" ]
[ 19.10946, "o", " " ]
[ 19.16100, "o", "t" ]
[ 19.21374, "o", "h" ]
[ 19.26554, "o", "e" ]
[ 19.31693, "o", " " ]
[ 19.36866, "o", "s" ]
[ 19.42001, "o", "p" ]
[ 19.47221, "o", "e" ]
[ 19.52393, "o", "c" ]
[ 19.57591, "o", "i" ]
[ 19.62742, "o", "f" ]
[ 19.67909, "o", "i" ]
[ 19.73120, "o", "e" ]
[ 19.78300, "o", "d" ]
[ 19.83512, "o", " " ]
[ 19.88675, "o", "f" ]
[ 19.93878, "o", "i" ]
[ 19.99071, "o", "e" ]
[ 20.04343, "o", "l" ]
[ 20.09508, "o", "d" ]
[ 20.14690, "o", " " ]
[ 20.19888, "o", "i" ]
[ 20.25026, "o", "n" ]
[ 20.30200, "o", " " ]
[ 20.35362, "o", "j" ]
[ 20.40575, "o", "s" ]
[ 20.45774, "o", "o" ]
[ 20.50958, "o", "n" ]
[ 20.56216, "o", " " ]
[ 20.61366, "o", "d" ]
[ 20.66546, "o", "a" ]
[ 20.71695, "o", "t" ]
[ 20.76878, "o", "a" ]
[ 20.82016, "o", "\u001b[?2004l\r\r\n" ]
