{"version":2,"width":100,"height":26,"timestamp":1689840940,"env":{"SHELL":"","TERM":"xterm"}}
[ 0.00000, "o", "" ]
[ 0.16227, "o", "\u001b[19491001\u001b[1;35m> \u001b[20210325\u001b[0m\u001b[K\u001b[?2004h" ]
[ 0.39790, "o", "#\b# " ]
[ 0.39804, "o", "U" ]
[ 0.44983, "o", "s" ]
[ 0.50223, "o", "e" ]
[ 0.55399, "o", " " ]
[ 0.60649, "o", "t" ]
[ 0.65846, "o", "h" ]
[ 0.71028, "o", "e" ]
[ 0.76280, "o", " " ]
[ 0.81455, "o", "`" ]
[ 0.86658, "o", "x" ]
[ 0.91879, "o", " " ]
[ 0.97074, "o", "d" ]
[ 1.02262, "o", "i" ]
[ 1.07522, "o", "f" ]
[ 1.12778, "o", "f" ]
[ 1.17948, "o", "t" ]
[ 1.23120, "o", "`" ]
[ 1.28313, "o", " " ]
[ 1.33527, "o", "c" ]
[ 1.38714, "o", "o" ]
[ 1.43930, "o", "m" ]
[ 1.49160, "o", "m" ]
[ 1.54390, "o", "a" ]
[ 1.59605, "o", "n" ]
[ 1.64770, "o", "d" ]
[ 1.69960, "o", " " ]
[ 1.75150, "o", "f" ]
[ 1.80366, "o", "o" ]
[ 1.85518, "o", "r" ]
[ 1.90698, "o", "m" ]
[ 1.95889, "o", "a" ]
[ 2.01079, "o", "t" ]
[ 2.06394, "o", " " ]
[ 2.11555, "o", "t" ]
[ 2.16775, "o", "o" ]
[ 2.21955, "o", " " ]
[ 2.27146, "o", "q" ]
[ 2.32356, "o", "u" ]
[ 2.37548, "o", "i" ]
[ 2.42802, "o", "c" ]
[ 2.48015, "o", "k" ]
[ 2.53225, "o", "l" ]
[ 2.58394, "o", "y" ]
[ 2.63599, "o", " " ]
[ 2.68783, "o", "u" ]
[ 2.74011, "o", "s" ]
[ 2.79227, "o", "e" ]
[ 2.84480, "o", " " ]
[ 2.89748, "o", "t" ]
[ 2.94941, "o", "h" ]
[ 3.00239, "o", "e" ]
[ 3.05499, "o", " " ]
[ 3.10743, "o", "`" ]
[ 3.15932, "o", "d" ]
[ 3.21355, "o", "i" ]
[ 3.26607, "o", "f" ]
[ 3.31800, "o", "f" ]
[ 3.36981, "o", "t" ]
[ 3.42212, "o", "`" ]
[ 3.47430, "o", " " ]
[ 3.52604, "o", "c" ]
[ 3.57925, "o", "o" ]
[ 3.63167, "o", "m" ]
[ 3.68424, "o", "m" ]
[ 3.73596, "o", "a" ]
[ 3.78823, "o", "n" ]
[ 3.84006, "o", "d" ]
[ 3.89200, "o", "\u001b[?2004l\r\r\n" ]
[ 3.89214, "o", "\u001b[1m\u001b[7m#\u001b[27m\u001b[1m\u001b[0m                                                                                                   \r \r\r\u001b[0m\u001b[27m\u001b[24m\u001b[J\r\n\u001b[19491001\u001b[1;35m> \u001b[20210325\u001b[0m\u001b[K\u001b[?2004h" ]
[ 4.39416, "o", "x" ]
[ 4.44625, "o", "\bx " ]
[ 4.49790, "o", "d" ]
[ 4.54985, "o", "i" ]
[ 4.60169, "o", "f" ]
[ 4.65341, "o", "f" ]
[ 4.70499, "o", "t" ]
[ 4.75679, "o", " " ]
[ 4.80853, "o", "-" ]
[ 4.86061, "o", "-" ]
[ 4.91263, "o", "v" ]
[ 4.96488, "o", "e" ]
[ 5.01688, "o", "r" ]
[ 5.06849, "o", "s" ]
[ 5.12036, "o", "i" ]
[ 5.17215, "o", "o" ]
[ 5.22431, "o", "n" ]
[ 5.47819, "o", "\u001b[?2004l\r\r\n" ]
[ 5.58997, "o", "\u001b[0mDifftastic 0.46.0\r\n\u001b[0m" ]
[ 5.59137, "o", "\u001b[1m\u001b[7m#\u001b[27m\u001b[1m\u001b[0m                                                                                                   \r \r\r\u001b[0m\u001b[27m\u001b[24m\u001b[J\r\n\u001b[19491001\u001b[1;35m> \u001b[20210325\u001b[0m" ]
[ 5.59154, "o", "\u001b[K\u001b[?2004h" ]
[ 7.48098, "o", "#\b# " ]
[ 7.48105, "o", "U" ]
[ 7.53334, "o", "s" ]
[ 7.58658, "o", "i" ]
[ 7.63832, "o", "n" ]
[ 7.69078, "o", "g" ]
[ 7.74282, "o", " " ]
[ 7.79485, "o", "`" ]
[ 7.84718, "o", "x" ]
[ 7.89896, "o", " " ]
[ 7.95134, "o", "e" ]
[ 8.00346, "o", "n" ]
[ 8.05556, "o", "v" ]
[ 8.10771, "o", " " ]
[ 8.16034, "o", "u" ]
[ 8.21230, "o", "s" ]
[ 8.26418, "o", "e" ]
[ 8.31613, "o", "`" ]
[ 8.36820, "o", " " ]
[ 8.42011, "o", "c" ]
[ 8.47183, "o", "a" ]
[ 8.52671, "o", "n" ]
[ 8.57911, "o", " " ]
[ 8.63115, "o", "a" ]
[ 8.68313, "o", "u" ]
[ 8.73480, "o", "t" ]
[ 8.78689, "o", "o" ]
[ 8.83870, "o", "m" ]
[ 8.89108, "o", "a" ]
[ 8.94325, "o", "t" ]
[ 8.99540, "o", "i" ]
[ 9.04786, "o", "c" ]
[ 9.09956, "o", "a" ]
[ 9.15203, "o", "l" ]
[ 9.20365, "o", "l" ]
[ 9.25576, "o", "y" ]
[ 9.30836, "o", " " ]
[ 9.36019, "o", "i" ]
[ 9.41270, "o", "n" ]
[ 9.46477, "o", "s" ]
[ 9.51693, "o", "t" ]
[ 9.56856, "o", "a" ]
[ 9.62094, "o", "l" ]
[ 9.67293, "o", "l" ]
[ 9.72504, "o", " " ]
[ 9.77698, "o", "a" ]
[ 9.82878, "o", "n" ]
[ 9.88103, "o", "d" ]
[ 9.93289, "o", " " ]
[ 9.98535, "o", "c" ]
[ 10.03706, "o", "o" ]
[ 10.08912, "o", "n" ]
[ 10.14104, "o", "f" ]
[ 10.19312, "o", "i" ]
[ 10.24508, "o", "g" ]
[ 10.29759, "o", "u" ]
[ 10.34969, "o", "r" ]
[ 10.40181, "o", "e" ]
[ 10.45402, "o", " " ]
[ 10.50572, "o", "c" ]
[ 10.55801, "o", "o" ]
[ 10.61000, "o", "r" ]
[ 10.66285, "o", "r" ]
[ 10.71488, "o", "e" ]
[ 10.76781, "o", "s" ]
[ 10.81961, "o", "p" ]
[ 10.87180, "o", "o" ]
[ 10.92430, "o", "n" ]
[ 10.97621, "o", "d" ]
[ 11.02818, "o", "i" ]
[ 11.08003, "o", "n" ]
[ 11.13257, "o", "g" ]
[ 11.18436, "o", " " ]
[ 11.23661, "o", "g" ]
[ 11.28875, "o", "l" ]
[ 11.34100, "o", "o" ]
[ 11.39274, "o", "b" ]
[ 11.44431, "o", "a" ]
[ 11.49648, "o", "l" ]
[ 11.54852, "o", " " ]
[ 11.60080, "o", "e" ]
[ 11.65282, "o", "n" ]
[ 11.70500, "o", "v" ]
[ 11.75718, "o", "i" ]
[ 11.80887, "o", "r" ]
[ 11.86092, "o", "o" ]
[ 11.91289, "o", "n" ]
[ 11.96522, "o", "m" ]
[ 12.01705, "o", "e" ]
[ 12.06945, "o", "n" ]
[ 12.12207, "o", "t" ]
[ 12.17431, "o", " " ]
[ 12.22633, "o", "v" ]
[ 12.27787, "o", "a" ]
[ 12.33027, "o", "r" ]
[ 12.38188, "o", "i" ]
[ 12.43446, "o", "a \r\u001b[K" ]
[ 12.48637, "o", "b" ]
[ 12.53852, "o", "\rbl" ]
[ 12.59065, "o", "e" ]
[ 12.64237, "o", "s" ]
[ 12.69439, "o", "\u001b[?2004l\r\r\n" ]
[ 12.69453, "o", "\u001b[1m\u001b[7m#\u001b[27m\u001b[1m\u001b[0m                                                                                                   \r \r\r\u001b[0m\u001b[27m\u001b[24m\u001b[J\r\n\u001b[19491001\u001b[1;35m> \u001b[20210325\u001b[0m\u001b[K\u001b[?2004h" ]
[ 13.19613, "o", "x" ]
[ 13.24898, "o", "\bx " ]
[ 13.30119, "o", "e" ]
[ 13.35320, "o", "n" ]
[ 13.40534, "o", "v" ]
[ 13.45707, "o", " " ]
[ 13.50882, "o", "u" ]
[ 13.56044, "o", "s" ]
[ 13.61298, "o", "e" ]
[ 13.66479, "o", " " ]
[ 13.71696, "o", "d" ]
[ 13.76928, "o", "i" ]
[ 13.82109, "o", "f" ]
[ 13.87381, "o", "f" ]
[ 13.92565, "o", "t" ]
[ 14.18018, "o", "\u001b[?2004l\r\r\n" ]
[ 14.31843, "o", "- \u001b[32mI\u001b[0m\u001b[32m|pkg: \u001b[0mSuccessfully set link from path \u001b[0m\r\n" ]
[ 14.34442, "o", "- \u001b[32mI\u001b[0m\u001b[32m|env: \u001b[0mSuccessfully set difft=v0.0.1 in the current environment.\u001b[0m\r\n" ]
[ 14.40941, "o", "- \u001b[32mI\u001b[0m\u001b[32m|env: \u001b[0mConfig file updated to /root/.x-cmd.root/local/data/env/version\u001b[0m\r\n" ]
[ 14.40964, "o", "\u001b[1m\u001b[7m#\u001b[27m\u001b[1m\u001b[0m                                                                                                   \r \r" ]
[ 14.40968, "o", "\r\u001b[0m\u001b[27m\u001b[24m\u001b[J\r\n\u001b[19491001\u001b[1;35m> \u001b[20210325\u001b[0m\u001b[K\u001b[?2004h" ]
[ 16.18406, "o", "x" ]
[ 16.23574, "o", "\bx " ]
[ 16.28785, "o", "e" ]
[ 16.33980, "o", "x" ]
[ 16.39165, "o", "a" ]
[ 16.44366, "o", " " ]
[ 16.49552, "o", "-" ]
[ 16.54753, "o", "-" ]
[ 16.59928, "o", "t" ]
[ 16.65098, "o", "r" ]
[ 16.70284, "o", "e" ]
[ 16.75480, "o", "e" ]
[ 17.00945, "o", "\u001b[?2004l\r\r\n" ]
[ 17.09091, "o", "\u001b[1;34m.\u001b[0m\r\n\u001b[38;5;244m├──\u001b[0m \u001b[1;34mnew\u001b[0m\r\n\u001b[38;5;244m│  ├──\u001b[0m hello.py\r\n" ]
[ 17.09122, "o", "\u001b[38;5;244m│  └──\u001b[0m new.rs\r\n\u001b[38;5;244m└──\u001b[0m \u001b[1;34mold\u001b[0m\r\n\u001b[38;5;244m   ├──\u001b[0m hello.py\r\n\u001b[38;5;244m   └──\u001b[0m old.rs\r\n" ]
[ 17.09171, "o", "\u001b[1m\u001b[7m#\u001b[27m\u001b[1m\u001b[0m                                                                                                   \r \r\r\u001b[0m\u001b[27m\u001b[24m\u001b[J\r\n\u001b[19491001\u001b[1;35m> \u001b[20210325\u001b[0m" ]
[ 17.09190, "o", "\u001b[K\u001b[?2004h" ]
[ 19.01180, "o", "#\b# C" ]
[ 19.06367, "o", "o" ]
[ 19.11538, "o", "m" ]
[ 19.16768, "o", "p" ]
[ 19.21928, "o", "a" ]
[ 19.27137, "o", "r" ]
[ 19.32373, "o", "e" ]
[ 19.37569, "o", " " ]
[ 19.42772, "o", "t" ]
[ 19.47966, "o", "h" ]
[ 19.53153, "o", "e" ]
[ 19.58360, "o", " " ]
[ 19.63558, "o", "d" ]
[ 19.68747, "o", "i" ]
[ 19.73960, "o", "f" ]
[ 19.79201, "o", "f" ]
[ 19.84414, "o", "e" ]
[ 19.89609, "o", "r" ]
[ 19.94770, "o", "e" ]
