{"version":2,"width":100,"height":26,"timestamp":1690895014,"env":{"SHELL":"","TERM":"xterm"}}
[ 0.00000, "o", "" ]
[ 0.15023, "o", "\u001b[19491001\u001b[1;35m> \u001b[20210325\u001b[0m" ]
[ 0.15037, "o", "\u001b[K\u001b[?2004h" ]
[ 0.41387, "o", "#\b# U" ]
[ 0.46557, "o", "s" ]
[ 0.51788, "o", "e" ]
[ 0.56986, "o", " " ]
[ 0.62245, "o", "t" ]
[ 0.67463, "o", "h" ]
[ 0.72644, "o", "e" ]
[ 0.77885, "o", " " ]
[ 0.83078, "o", "`" ]
[ 0.88245, "o", "x" ]
[ 0.93398, "o", " " ]
[ 0.98645, "o", "d" ]
[ 1.03861, "o", "o" ]
[ 1.09119, "o", "g" ]
[ 1.14326, "o", "g" ]
[ 1.19522, "o", "o" ]
[ 1.24742, "o", "`" ]
[ 1.29887, "o", " " ]
[ 1.35133, "o", "c" ]
[ 1.40314, "o", "o" ]
[ 1.45544, "o", "m" ]
[ 1.50752, "o", "m" ]
[ 1.55996, "o", "a" ]
[ 1.61198, "o", "n" ]
[ 1.66361, "o", "d" ]
[ 1.71564, "o", " " ]
[ 1.76732, "o", "f" ]
[ 1.81975, "o", "o" ]
[ 1.87150, "o", "r" ]
[ 1.92354, "o", "m" ]
[ 1.97559, "o", "a" ]
[ 2.02738, "o", "t" ]
[ 2.07944, "o", " " ]
[ 2.13106, "o", "t" ]
[ 2.18303, "o", "o" ]
[ 2.23475, "o", " " ]
[ 2.28721, "o", "q" ]
[ 2.33904, "o", "u" ]
[ 2.39176, "o", "i" ]
[ 2.44391, "o", "c" ]
[ 2.49563, "o", "k" ]
[ 2.54759, "o", "l" ]
[ 2.59943, "o", "y" ]
[ 2.65143, "o", " " ]
[ 2.70350, "o", "u" ]
[ 2.75553, "o", "s" ]
[ 2.80755, "o", "e" ]
[ 2.85988, "o", " " ]
[ 2.91153, "o", "t" ]
[ 2.96323, "o", "h" ]
[ 3.01517, "o", "e" ]
[ 3.06695, "o", " " ]
[ 3.11949, "o", "`" ]
[ 3.17106, "o", "d" ]
[ 3.22395, "o", "o" ]
[ 3.27642, "o", "g" ]
[ 3.32874, "o", "g" ]
[ 3.38116, "o", "o" ]
[ 3.43283, "o", "`" ]
[ 3.48494, "o", " " ]
[ 3.53660, "o", "c" ]
[ 3.58912, "o", "o" ]
[ 3.64120, "o", "m" ]
[ 3.69379, "o", "m" ]
[ 3.74596, "o", "a" ]
[ 3.79759, "o", "n" ]
[ 3.84957, "o", "d" ]
[ 3.90112, "o", "\u001b[?2004l\r\r\n" ]
[ 3.90131, "o", "\u001b[1m\u001b[7m#\u001b[27m\u001b[1m\u001b[0m                                                                                                   \r \r\r\u001b[0m\u001b[27m\u001b[24m\u001b[J\r\n\u001b[19491001\u001b[1;35m> \u001b[20210325\u001b[0m\u001b[K\u001b[?2004h" ]
[ 5.40536, "o", "x" ]
[ 5.45775, "o", "\bx " ]
[ 5.50996, "o", "d" ]
[ 5.56144, "o", "o" ]
[ 5.61340, "o", "g" ]
[ 5.66499, "o", "g" ]
[ 5.71775, "o", "o" ]
[ 5.76966, "o", " " ]
[ 5.82192, "o", "-" ]
[ 5.87414, "o", "-" ]
[ 5.92592, "o", "v" ]
[ 5.97786, "o", "e" ]
[ 6.02947, "o", "r" ]
[ 6.08151, "o", "s" ]
[ 6.13330, "o", "i" ]
[ 6.18623, "o", "o" ]
[ 6.23826, "o", "n" ]
[ 6.49232, "o", "\u001b[?2004l\r\r\n" ]
[ 6.58172, "o", "v0.5.6 (8994efc 2023-07-22T09:37:47Z) - unknown\r\n" ]
[ 6.58235, "o", "\u001b[1m\u001b[7m#\u001b[27m\u001b[1m\u001b[0m                                                                                                   \r \r\r\u001b[0m\u001b[27m\u001b[24m\u001b[J\r\n\u001b[19491001\u001b[1;35m> \u001b[20210325\u001b[0m\u001b[K\u001b[?2004h" ]
[ 8.49503, "o", "#\b# U" ]
[ 8.54752, "o", "s" ]
[ 8.59941, "o", "i" ]
[ 8.65147, "o", "n" ]
[ 8.70345, "o", "g" ]
[ 8.75505, "o", " " ]
[ 8.80701, "o", "`" ]
[ 8.85866, "o", "x" ]
[ 8.91125, "o", " " ]
[ 8.96305, "o", "e" ]
[ 9.01523, "o", "n" ]
[ 9.06728, "o", "v" ]
[ 9.12016, "o", " " ]
[ 9.17267, "o", "u" ]
[ 9.22439, "o", "s" ]
[ 9.27645, "o", "e" ]
[ 9.32800, "o", "`" ]
[ 9.37992, "o", " " ]
[ 9.43193, "o", "c" ]
[ 9.48391, "o", "a" ]
[ 9.53641, "o", "n" ]
[ 9.58820, "o", " " ]
[ 9.64007, "o", "a" ]
[ 9.69203, "o", "u" ]
[ 9.74410, "o", "t" ]
[ 9.79590, "o", "o" ]
[ 9.84839, "o", "m" ]
[ 9.90044, "o", "a" ]
[ 9.95288, "o", "t" ]
[ 10.00531, "o", "i" ]
[ 10.05710, "o", "c" ]
[ 10.10947, "o", "a" ]
[ 10.16133, "o", "l" ]
[ 10.21328, "o", "l" ]
[ 10.26487, "o", "y" ]
[ 10.31701, "o", " " ]
[ 10.36902, "o", "i" ]
[ 10.42117, "o", "n" ]
[ 10.47277, "o", "s" ]
[ 10.52450, "o", "t" ]
[ 10.57681, "o", "a" ]
[ 10.62872, "o", "l" ]
[ 10.68043, "o", "l" ]
[ 10.73251, "o", " " ]
[ 10.78490, "o", "a" ]
[ 10.83726, "o", "n" ]
[ 10.88917, "o", "d" ]
[ 10.94135, "o", " " ]
[ 10.99307, "o", "c" ]
[ 11.04526, "o", "o" ]
[ 11.09690, "o", "n" ]
[ 11.14894, "o", "f" ]
[ 11.20135, "o", "i" ]
[ 11.25339, "o", "g" ]
[ 11.30572, "o", "u" ]
[ 11.35758, "o", "r" ]
[ 11.40951, "o", "e" ]
[ 11.46168, "o", " " ]
[ 11.51382, "o", "c" ]
[ 11.56540, "o", "o" ]
[ 11.61774, "o", "r" ]
[ 11.66971, "o", "r" ]
[ 11.72182, "o", "e" ]
[ 11.77397, "o", "s" ]
[ 11.82603, "o", "p" ]
[ 11.87808, "o", "o" ]
[ 11.92986, "o", "n" ]
[ 11.98179, "o", "d" ]
[ 12.03357, "o", "i" ]
[ 12.08615, "o", "n" ]
[ 12.13806, "o", "g" ]
[ 12.19017, "o", " " ]
[ 12.24226, "o", "g" ]
[ 12.29403, "o", "l" ]
[ 12.34599, "o", "o" ]
[ 12.39792, "o", "b" ]
[ 12.44987, "o", "a" ]
[ 12.50202, "o", "l" ]
[ 12.55435, "o", " " ]
[ 12.60648, "o", "e" ]
[ 12.65807, "o", "n" ]
[ 12.71087, "o", "v" ]
[ 12.76298, "o", "i" ]
[ 12.81519, "o", "r" ]
[ 12.86684, "o", "o" ]
[ 12.91891, "o", "n" ]
[ 12.97094, "o", "m" ]
[ 13.02292, "o", "e" ]
[ 13.07496, "o", "n" ]
[ 13.12672, "o", "t" ]
[ 13.17869, "o", " " ]
[ 13.23031, "o", "v" ]
[ 13.28235, "o", "a" ]
[ 13.33422, "o", "r" ]
[ 13.38703, "o", "i" ]
[ 13.43945, "o", "a \r\u001b[K" ]
[ 13.49174, "o", "b" ]
[ 13.54378, "o", "\rbl" ]
[ 13.59600, "o", "e" ]
[ 13.64813, "o", "s" ]
[ 13.70020, "o", "\u001b[?2004l\r\r\n\u001b[1m\u001b[7m#\u001b[27m\u001b[1m\u001b[0m                                                                                                   \r \r\r\u001b[0m\u001b[27m\u001b[24m\u001b[J\r\n\u001b[19491001\u001b[1;35m> \u001b[20210325\u001b[0m\u001b[K\u001b[?2004h" ]
[ 15.20470, "o", "x" ]
[ 15.25654, "o", "\bx " ]
[ 15.30857, "o", "e" ]
[ 15.36043, "o", "n" ]
[ 15.41257, "o", "v" ]
[ 15.46418, "o", " " ]
[ 15.51627, "o", "u" ]
[ 15.56835, "o", "s" ]
[ 15.62047, "o", "e" ]
[ 15.67262, "o", " " ]
[ 15.72430, "o", "d" ]
[ 15.77672, "o", "o" ]
[ 15.82891, "o", "g" ]
[ 15.88124, "o", "g" ]
[ 15.93358, "o", "o" ]
[ 16.18768, "o", "\u001b[?2004l\r\r\n" ]
[ 16.31724, "o", "- \u001b[32mI\u001b[0m\u001b[32m|pkg: \u001b[0mSuccessfully set link from path \u001b[0m\r\n" ]
[ 16.34093, "o", "- \u001b[32mI\u001b[0m\u001b[32m|env: \u001b[0mSuccessfully set doggo=v0.5.6 in the current environment.\u001b[0m\r\n" ]
[ 16.40164, "o", "- \u001b[32mI\u001b[0m\u001b[32m|env: \u001b[0mConfig file updated to /root/.x-cmd.root/local/data/env/version\u001b[0m\r\n" ]
[ 16.40188, "o", "\u001b[1m\u001b[7m#\u001b[27m\u001b[1m\u001b[0m                                                                                                   \r \r\r\u001b[0m\u001b[27m\u001b[24m\u001b[J\r\n\u001b[19491001\u001b[1;35m> \u001b[20210325\u001b[0m\u001b[K" ]
[ 16.40195, "o", "\u001b[?2004h" ]
[ 18.18950, "o", "#\b# " ]
[ 18.18963, "o", "D" ]
[ 18.24204, "o", "o" ]
[ 18.29444, "o", " " ]
[ 18.34685, "o", "a" ]
[ 18.39955, "o", " " ]
[ 18.45165, "o", "s" ]
[ 18.50352, "o", "i" ]
[ 18.55502, "o", "m" ]
[ 18.60712, "o", "p" ]
[ 18.65927, "o", "l" ]
[ 18.71138, "o", "e" ]
[ 18.76302, "o", " " ]
[ 18.81559, "o", "D" ]
[ 18.86832, "o", "N" ]
[ 18.92033, "o", "S" ]
[ 18.97225, "o", " " ]
[ 19.02417, "o", "L" ]
[ 19.07643, "o", "o" ]
[ 19.12816, "o", "o" ]
[ 19.18037, "o", "k" ]
[ 19.23273, "o", "u" ]
[ 19.28480, "o", "p" ]
[ 19.33710, "o", " " ]
[ 19.38871, "o", "f" ]
[ 19.44117, "o", "o" ]
[ 19.49296, "o", "r" ]
[ 19.54494, "o", " " ]
[ 19.59655, "o", "m" ]
[ 19.64869, "o", "r" ]
[ 19.70089, "o", "k" ]
[ 19.75355, "o", "a" ]
[ 19.80571, "o", "r" ]
[ 19.85793, "o", "a" ]
[ 19.90998, "o", "n" ]
[ 19.96161, "o", "." ]
[ 20.01370, "o", "d" ]
[ 20.06554, "o", "e" ]
[ 20.11761, "o", "v" ]
[ 20.16966, "o", "\u001b[?2004l\r\r\n" ]
[ 20.16978, "o", "\u001b[1m\u001b[7m#\u001b[27m\u001b[1m\u001b[0m                                                                                                   \r \r\r\u001b[0m\u001b[27m\u001b[24m\u001b[J\r\n\u001b[19491001\u001b[1;35m> \u001b[20210325\u001b[0m\u001b[K\u001b[?2004h" ]
[ 21.67358, "o", "d" ]
[ 21.72544, "o", "\bdo" ]
[ 21.77814, "o", "g" ]
[ 21.83009, "o", "g" ]
[ 21.88227, "o", "o" ]
[ 21.93426, "o", " " ]
[ 21.98636, "o", "m" ]
[ 22.03837, "o", "r" ]
[ 22.08992, "o", "k" ]
[ 22.14167, "o", "a" ]
