{"version":2,"width":100,"height":26,"timestamp":1689996025,"env":{"SHELL":"","TERM":"xterm"}}
[ 0.00000, "o", "" ]
[ 0.16252, "o", "\u001b[19491001\u001b[1;35m> \u001b[20210325\u001b[0m\u001b[K\u001b[?2004h" ]
[ 0.40079, "o", "#\b# " ]
[ 0.40087, "o", "U" ]
[ 0.45319, "o", "s" ]
[ 0.50489, "o", "e" ]
[ 0.55699, "o", " " ]
[ 0.60882, "o", "t" ]
[ 0.66062, "o", "h" ]
[ 0.71258, "o", "e" ]
[ 0.76428, "o", " " ]
[ 0.81608, "o", "`" ]
[ 0.86753, "o", "x" ]
[ 0.91905, "o", " " ]
[ 0.97102, "o", "d" ]
[ 1.02309, "o", "u" ]
[ 1.07453, "o", "f" ]
[ 1.12600, "o", "`" ]
[ 1.17791, "o", " " ]
[ 1.22940, "o", "c" ]
[ 1.28190, "o", "o" ]
[ 1.33361, "o", "m" ]
[ 1.38522, "o", "m" ]
[ 1.43695, "o", "a" ]
[ 1.48876, "o", "n" ]
[ 1.54099, "o", "d" ]
[ 1.59250, "o", " " ]
[ 1.64414, "o", "f" ]
[ 1.69548, "o", "o" ]
[ 1.74762, "o", "r" ]
[ 1.79929, "o", "m" ]
[ 1.85118, "o", "a" ]
[ 1.90265, "o", "t" ]
[ 1.95418, "o", " " ]
[ 2.00581, "o", "t" ]
[ 2.05736, "o", "o" ]
[ 2.10908, "o", " " ]
[ 2.16103, "o", "q" ]
[ 2.21302, "o", "u" ]
[ 2.26486, "o", "i" ]
[ 2.31737, "o", "c" ]
[ 2.36908, "o", "k" ]
[ 2.42092, "o", "l" ]
[ 2.47241, "o", "y" ]
[ 2.52410, "o", " " ]
[ 2.57578, "o", "u" ]
[ 2.62730, "o", "s" ]
[ 2.67928, "o", "e" ]
[ 2.73115, "o", " " ]
[ 2.78265, "o", "t" ]
[ 2.83445, "o", "h" ]
[ 2.88607, "o", "e" ]
[ 2.93759, "o", " " ]
[ 2.98952, "o", "`" ]
[ 3.04149, "o", "d" ]
[ 3.09297, "o", "u" ]
[ 3.14487, "o", "f" ]
[ 3.19677, "o", "`" ]
[ 3.24897, "o", " " ]
[ 3.30089, "o", "c" ]
[ 3.35325, "o", "o" ]
[ 3.40486, "o", "m" ]
[ 3.45667, "o", "m" ]
[ 3.50885, "o", "a" ]
[ 3.56083, "o", "n" ]
[ 3.61230, "o", "d" ]
[ 3.66455, "o", "\u001b[?2004l\r\r\n" ]
[ 3.66475, "o", "\u001b[1m\u001b[7m#\u001b[27m\u001b[1m\u001b[0m                                                                                                   \r \r\r\u001b[0m\u001b[27m\u001b[24m\u001b[J\r\n\u001b[19491001\u001b[1;35m> \u001b[20210325\u001b[0m\u001b[K\u001b[?2004h" ]
[ 5.16839, "o", "x" ]
[ 5.22035, "o", "\bx " ]
[ 5.27189, "o", "d" ]
[ 5.32375, "o", "u" ]
[ 5.37565, "o", "f" ]
[ 5.42749, "o", " " ]
[ 5.47892, "o", "-" ]
[ 5.53140, "o", "-" ]
[ 5.58332, "o", "v" ]
[ 5.63487, "o", "e" ]
[ 5.68714, "o", "r" ]
[ 5.73867, "o", "s" ]
[ 5.79033, "o", "i" ]
[ 5.84216, "o", "o" ]
[ 5.89371, "o", "n" ]
[ 6.14738, "o", "\u001b[?2004l\r\r\n" ]
[ 6.23511, "o", "\u001b]11;?\u001b\\\u001b[6n" ]
[ 6.23881, "o", "duf 0.8.0 (0d660c3)\r\n" ]
[ 6.23930, "o", "\u001b[1m\u001b[7m#\u001b[27m\u001b[1m\u001b[0m                                                                                                   \r \r\r\u001b[0m\u001b[27m\u001b[24m\u001b[J\r\n\u001b[19491001\u001b[1;35m> \u001b[20210325\u001b[0m\u001b[K" ]
[ 6.23944, "o", "\u001b[?2004h" ]
[ 7.14934, "o", "#\b# " ]
[ 7.14948, "o", "U" ]
[ 7.20110, "o", "s" ]
[ 7.25318, "o", "i" ]
[ 7.30499, "o", "n" ]
[ 7.35694, "o", "g" ]
[ 7.40909, "o", " " ]
[ 7.46137, "o", "`" ]
[ 7.51340, "o", "x" ]
[ 7.56532, "o", " " ]
[ 7.61709, "o", "e" ]
[ 7.66891, "o", "n" ]
[ 7.72055, "o", "v" ]
[ 7.77238, "o", " " ]
[ 7.82400, "o", "u" ]
[ 7.87541, "o", "s" ]
[ 7.92696, "o", "e" ]
[ 7.97840, "o", "`" ]
[ 8.03038, "o", " " ]
[ 8.08186, "o", "c" ]
[ 8.13333, "o", "a" ]
[ 8.18472, "o", "n" ]
[ 8.23645, "o", " " ]
[ 8.28803, "o", "a" ]
[ 8.33961, "o", "u" ]
[ 8.39125, "o", "t" ]
[ 8.44294, "o", "o" ]
[ 8.49472, "o", "m" ]
[ 8.54636, "o", "a" ]
[ 8.59852, "o", "t" ]
[ 8.65023, "o", "i" ]
[ 8.70264, "o", "c" ]
[ 8.75482, "o", "a" ]
[ 8.80641, "o", "l" ]
[ 8.85797, "o", "l" ]
[ 8.90976, "o", "y" ]
[ 8.96178, "o", " " ]
[ 9.01348, "o", "i" ]
[ 9.06549, "o", "n" ]
[ 9.11705, "o", "s" ]
[ 9.16890, "o", "t" ]
[ 9.22053, "o", "a" ]
[ 9.27243, "o", "l" ]
[ 9.32423, "o", "l" ]
[ 9.37613, "o", " " ]
[ 9.42796, "o", "a" ]
[ 9.48091, "o", "n" ]
[ 9.53274, "o", "d" ]
[ 9.58449, "o", " " ]
[ 9.63637, "o", "c" ]
[ 9.68885, "o", "o" ]
[ 9.74032, "o", "n" ]
[ 9.79189, "o", "f" ]
[ 9.84349, "o", "i" ]
[ 9.89541, "o", "g" ]
[ 9.94815, "o", "u" ]
[ 10.00066, "o", "r" ]
[ 10.05239, "o", "e" ]
[ 10.10392, "o", " " ]
[ 10.15629, "o", "c" ]
[ 10.20787, "o", "o" ]
[ 10.25974, "o", "r" ]
[ 10.31127, "o", "r" ]
[ 10.36387, "o", "e" ]
[ 10.41550, "o", "s" ]
[ 10.46799, "o", "p" ]
[ 10.52020, "o", "o" ]
[ 10.57214, "o", "n" ]
[ 10.62372, "o", "d" ]
[ 10.67524, "o", "i" ]
[ 10.72714, "o", "n" ]
[ 10.77897, "o", "g" ]
[ 10.83213, "o", " " ]
[ 10.88380, "o", "g" ]
[ 10.93608, "o", "l" ]
[ 10.98794, "o", "o" ]
[ 11.03946, "o", "b" ]
[ 11.09140, "o", "a" ]
[ 11.14286, "o", "l" ]
[ 11.19476, "o", " " ]
[ 11.24722, "o", "e" ]
[ 11.29977, "o", "n" ]
[ 11.35166, "o", "v" ]
[ 11.40380, "o", "i" ]
[ 11.45545, "o", "r" ]
[ 11.50696, "o", "o" ]
[ 11.55907, "o", "n" ]
[ 11.61092, "o", "m" ]
[ 11.66327, "o", "e" ]
[ 11.71494, "o", "n" ]
[ 11.76648, "o", "t" ]
[ 11.81869, "o", " " ]
[ 11.87091, "o", "v" ]
[ 11.92313, "o", "a" ]
[ 11.97394, "o", "r" ]
[ 12.02602, "o", "i" ]
[ 12.07756, "o", "a \r\u001b[K" ]
[ 12.12982, "o", "b" ]
[ 12.18151, "o", "\rbl" ]
[ 12.23331, "o", "e" ]
[ 12.28522, "o", "s" ]
[ 12.33673, "o", "\u001b[?2004l\r\r\n" ]
[ 12.33686, "o", "\u001b[1m\u001b[7m#\u001b[27m\u001b[1m\u001b[0m                                                                                                   \r \r\r\u001b[0m\u001b[27m\u001b[24m\u001b[J\r\n\u001b[19491001\u001b[1;35m> \u001b[20210325\u001b[0m\u001b[K\u001b[?2004h" ]
[ 13.83995, "o", "x" ]
[ 13.89143, "o", "\bx " ]
[ 13.94324, "o", "e" ]
[ 13.99512, "o", "n" ]
[ 14.04705, "o", "v" ]
[ 14.09862, "o", " " ]
[ 14.15012, "o", "u" ]
[ 14.20172, "o", "s" ]
[ 14.25403, "o", "e" ]
[ 14.30644, "o", " " ]
[ 14.35815, "o", "d" ]
[ 14.41048, "o", "u" ]
[ 14.46206, "o", "f" ]
[ 14.71583, "o", "\u001b[?2004l\r\r\n" ]
[ 14.82579, "o", "- \u001b[32mI\u001b[0m\u001b[32m|pkg: \u001b[0mSuccessfully set link from path \u001b[0m\r\n" ]
[ 14.84856, "o", "- \u001b[32mI\u001b[0m\u001b[32m|env: \u001b[0mSuccessfully set duf=v0.0.1 in the current environment.\u001b[0m\r\n" ]
[ 14.90657, "o", "- \u001b[32mI\u001b[0m\u001b[32m|env: \u001b[0mConfig file updated to /root/.x-cmd.root/local/data/env/version\u001b[0m\r\n" ]
[ 14.90674, "o", "\u001b[1m\u001b[7m#\u001b[27m\u001b[1m\u001b[0m                                                                                                   \r \r\r\u001b[0m\u001b[27m\u001b[24m\u001b[J\r\n\u001b[19491001\u001b[1;35m> \u001b[20210325\u001b[0m\u001b[K\u001b[?2004h" ]
[ 15.71787, "o", "#\b# V" ]
[ 15.76963, "o", "i" ]
[ 15.82158, "o", "e" ]
[ 15.87324, "o", "w" ]
[ 15.92512, "o", " " ]
[ 15.97658, "o", "d" ]
[ 16.02850, "o", "i" ]
[ 16.08028, "o", "s" ]
[ 16.13194, "o", "k" ]
[ 16.18336, "o", " " ]
[ 16.23500, "o", "s" ]
[ 16.28691, "o", "p" ]
[ 16.33841, "o", "a" ]
[ 16.39022, "o", "c" ]
[ 16.44174, "o", "e" ]
[ 16.49369, "o", " " ]
[ 16.54607, "o", "u" ]
[ 16.59762, "o", "s" ]
[ 16.64981, "o", "a" ]
[ 16.70120, "o", "g" ]
[ 16.75295, "o", "e" ]
[ 16.80455, "o", " " ]
[ 16.85598, "o", "a" ]
[ 16.90795, "o", "n" ]
[ 16.96006, "o", "d" ]
[ 17.01243, "o", " " ]
[ 17.06487, "o", "d" ]
[ 17.11657, "o", "i" ]
[ 17.16857, "o", "s" ]
[ 17.22032, "o", "k" ]
[ 17.27224, "o", " " ]
[ 17.32504, "o", "f" ]
[ 17.37684, "o", "i" ]
[ 17.42894, "o", "l" ]
[ 17.48026, "o", "e" ]
[ 17.53273, "o", " " ]
[ 17.58440, "o", "s" ]
[ 17.63599, "o", "y" ]
[ 17.68802, "o", "s" ]
[ 17.73975, "o", "t" ]
[ 17.79169, "o", "e" ]
[ 17.84403, "o", "m" ]
[ 17.89629, "o", " " ]
[ 17.94819, "o", "i" ]
[ 17.99959, "o", "n" ]
[ 18.05120, "o", "f" ]
[ 18.10263, "o", "o" ]
[ 18.15448, "o", "r" ]
[ 18.20599, "o", "m" ]
[ 18.25803, "o", "a" ]
[ 18.30991, "o", "t" ]
[ 18.36238, "o", "i" ]
[ 18.41456, "o", "o" ]
[ 18.46604, "o", "n" ]
[ 18.51786, "o", "\u001b[?2004l\r\r\n" ]
[ 18.51803, "o", "\u001b[1m\u001b[7m#\u001b[27m\u001b[1m\u001b[0m                                                                                                   \r \r\r\u001b[0m\u001b[27m\u001b[24m\u001b[J\r\n\u001b[19491001\u001b[1;35m> \u001b[20210325\u001b[0m\u001b[K\u001b[?2004h" ]
[ 20.02267, "o", "d" ]
[ 20.07508, "o", "\bdu" ]
