{"version":2,"width":100,"height":26,"timestamp":1689846619,"env":{"SHELL":"","TERM":"xterm"}}
[ 0.00000, "o", "" ]
[ 0.16260, "o", "\u001b[19491001\u001b[1;35m> \u001b[20210325\u001b[0m\u001b[K\u001b[?2004h" ]
[ 0.40998, "o", "#\b# " ]
[ 0.41020, "o", "U" ]
[ 0.46189, "o", "s" ]
[ 0.51463, "o", "e" ]
[ 0.56671, "o", " " ]
[ 0.61969, "o", "t" ]
[ 0.67140, "o", "h" ]
[ 0.72367, "o", "e" ]
[ 0.77530, "o", " " ]
[ 0.82740, "o", "`" ]
[ 0.87953, "o", "x" ]
[ 0.93242, "o", " " ]
[ 0.98507, "o", "d" ]
[ 1.03705, "o", "u" ]
[ 1.08888, "o", "s" ]
[ 1.14102, "o", "t" ]
[ 1.19280, "o", "`" ]
[ 1.24527, "o", " " ]
[ 1.29712, "o", "c" ]
[ 1.35001, "o", "o" ]
[ 1.40292, "o", "m" ]
[ 1.45506, "o", "m" ]
[ 1.50725, "o", "a" ]
[ 1.55919, "o", "n" ]
[ 1.61199, "o", "d" ]
[ 1.66401, "o", " " ]
[ 1.71700, "o", "f" ]
[ 1.76884, "o", "o" ]
[ 1.82149, "o", "r" ]
[ 1.87361, "o", "m" ]
[ 1.92566, "o", "a" ]
[ 1.97837, "o", "t" ]
[ 2.03041, "o", " " ]
[ 2.08322, "o", "t" ]
[ 2.13541, "o", "o" ]
[ 2.18853, "o", " " ]
[ 2.24139, "o", "q" ]
[ 2.29410, "o", "u" ]
[ 2.34631, "o", "i" ]
[ 2.39813, "o", "c" ]
[ 2.45066, "o", "k" ]
[ 2.50269, "o", "l" ]
[ 2.55548, "o", "y" ]
[ 2.60787, "o", " " ]
[ 2.66025, "o", "u" ]
[ 2.71191, "o", "s" ]
[ 2.76400, "o", "e" ]
[ 2.81625, "o", " " ]
[ 2.86833, "o", "t" ]
[ 2.92101, "o", "h" ]
[ 2.97297, "o", "e" ]
[ 3.02517, "o", " " ]
[ 3.07729, "o", "`" ]
[ 3.12993, "o", "d" ]
[ 3.18185, "o", "u" ]
[ 3.23384, "o", "s" ]
[ 3.28606, "o", "t" ]
[ 3.33775, "o", "`" ]
[ 3.38983, "o", " " ]
[ 3.44156, "o", "c" ]
[ 3.49440, "o", "o" ]
[ 3.54627, "o", "m" ]
[ 3.59914, "o", "m" ]
[ 3.65144, "o", "a" ]
[ 3.70434, "o", "n" ]
[ 3.75669, "o", "d" ]
[ 3.80847, "o", "\u001b[?2004l\r\r\n" ]
[ 3.80870, "o", "\u001b[1m\u001b[7m#\u001b[27m\u001b[1m\u001b[0m                                                                                                   \r \r\r\u001b[0m\u001b[27m\u001b[24m\u001b[J\r\n\u001b[19491001\u001b[1;35m> \u001b[20210325\u001b[0m\u001b[K\u001b[?2004h" ]
[ 5.31208, "o", "x" ]
[ 5.36405, "o", "\bx " ]
[ 5.41581, "o", "d" ]
[ 5.46739, "o", "u" ]
[ 5.51948, "o", "s" ]
[ 5.57103, "o", "t" ]
[ 5.62296, "o", " " ]
[ 5.67487, "o", "-" ]
[ 5.72692, "o", "-" ]
[ 5.77925, "o", "v" ]
[ 5.83152, "o", "e" ]
[ 5.88499, "o", "r" ]
[ 5.93666, "o", "s" ]
[ 5.98912, "o", "i" ]
[ 6.04085, "o", "o" ]
[ 6.09354, "o", "n" ]
[ 6.34716, "o", "\u001b[?2004l\r\r\n" ]
[ 6.42600, "o", "Dust 0.6.0\r\n" ]
[ 6.42650, "o", "\u001b[1m\u001b[7m#\u001b[27m\u001b[1m\u001b[0m                                                                                                   \r \r\r\u001b[0m\u001b[27m\u001b[24m\u001b[J\r\n\u001b[19491001\u001b[1;35m> \u001b[20210325\u001b[0m\u001b[K\u001b[?2004h" ]
[ 7.34906, "o", "#" ]
[ 7.34925, "o", "\b# U" ]
[ 7.40189, "o", "s" ]
[ 7.45376, "o", "i" ]
[ 7.50685, "o", "n" ]
[ 7.55887, "o", "g" ]
[ 7.61072, "o", " " ]
[ 7.66325, "o", "`" ]
[ 7.71505, "o", "x" ]
[ 7.76753, "o", " " ]
[ 7.81947, "o", "e" ]
[ 7.87157, "o", "n" ]
[ 7.92322, "o", "v" ]
[ 7.97584, "o", " " ]
[ 8.02748, "o", "u" ]
[ 8.07961, "o", "s" ]
[ 8.13173, "o", "e" ]
[ 8.18381, "o", "`" ]
[ 8.23591, "o", " " ]
[ 8.28757, "o", "c" ]
[ 8.33949, "o", "a" ]
[ 8.39126, "o", "n" ]
[ 8.44297, "o", " " ]
[ 8.49518, "o", "a" ]
[ 8.54744, "o", "u" ]
[ 8.59951, "o", "t" ]
[ 8.65118, "o", "o" ]
[ 8.70366, "o", "m" ]
[ 8.75592, "o", "a" ]
[ 8.80799, "o", "t" ]
[ 8.86043, "o", "i" ]
[ 8.91253, "o", "c" ]
[ 8.96483, "o", "a" ]
[ 9.01656, "o", "l" ]
[ 9.06873, "o", "l" ]
[ 9.12049, "o", "y" ]
[ 9.17260, "o", " " ]
[ 9.22458, "o", "i" ]
[ 9.27725, "o", "n" ]
[ 9.32941, "o", "s" ]
[ 9.38212, "o", "t" ]
[ 9.43431, "o", "a" ]
[ 9.48595, "o", "l" ]
[ 9.53857, "o", "l" ]
[ 9.59030, "o", " " ]
[ 9.64258, "o", "a" ]
[ 9.69488, "o", "n" ]
[ 9.74677, "o", "d" ]
[ 9.79884, "o", " " ]
[ 9.85093, "o", "c" ]
[ 9.90277, "o", "o" ]
[ 9.95482, "o", "n" ]
[ 10.00741, "o", "f" ]
[ 10.05915, "o", "i" ]
[ 10.11159, "o", "g" ]
[ 10.16342, "o", "u" ]
[ 10.21519, "o", "r" ]
[ 10.26707, "o", "e" ]
[ 10.31916, "o", " " ]
[ 10.37122, "o", "c" ]
[ 10.42316, "o", "o" ]
[ 10.47538, "o", "r" ]
[ 10.52711, "o", "r" ]
[ 10.58000, "o", "e" ]
[ 10.63189, "o", "s" ]
[ 10.68399, "o", "p" ]
[ 10.73636, "o", "o" ]
[ 10.78851, "o", "n" ]
[ 10.84064, "o", "d" ]
[ 10.89255, "o", "i" ]
[ 10.94464, "o", "n" ]
[ 10.99651, "o", "g" ]
[ 11.04941, "o", " " ]
[ 11.10125, "o", "g" ]
[ 11.15349, "o", "l" ]
[ 11.20554, "o", "o" ]
[ 11.25780, "o", "b" ]
[ 11.30987, "o", "a" ]
[ 11.36163, "o", "l" ]
[ 11.41381, "o", " " ]
[ 11.46547, "o", "e" ]
[ 11.51790, "o", "n" ]
[ 11.57000, "o", "v" ]
[ 11.62223, "o", "i" ]
[ 11.67410, "o", "r" ]
[ 11.72583, "o", "o" ]
[ 11.77790, "o", "n" ]
[ 11.82969, "o", "m" ]
[ 11.88198, "o", "e" ]
[ 11.93372, "o", "n" ]
[ 11.98585, "o", "t" ]
[ 12.03807, "o", " " ]
[ 12.09065, "o", "v" ]
[ 12.14322, "o", "a" ]
[ 12.19533, "o", "r" ]
[ 12.24752, "o", "i" ]
[ 12.29963, "o", "a \r\u001b[K" ]
[ 12.35244, "o", "b" ]
[ 12.40433, "o", "\rbl" ]
[ 12.45702, "o", "e" ]
[ 12.50923, "o", "s" ]
[ 12.56140, "o", "\u001b[?2004l\r\r\n\u001b[1m\u001b[7m#\u001b[27m\u001b[1m\u001b[0m                                                                                                   \r \r" ]
[ 12.56164, "o", "\r\u001b[0m\u001b[27m\u001b[24m\u001b[J\r\n\u001b[19491001\u001b[1;35m> \u001b[20210325\u001b[0m\u001b[K\u001b[?2004h" ]
[ 14.06537, "o", "x" ]
[ 14.11736, "o", "\bx " ]
[ 14.16954, "o", "e" ]
[ 14.22208, "o", "n" ]
[ 14.27398, "o", "v" ]
[ 14.32590, "o", " " ]
[ 14.37927, "o", "u" ]
[ 14.43095, "o", "s" ]
[ 14.48326, "o", "e" ]
[ 14.53516, "o", " " ]
[ 14.58785, "o", "d" ]
[ 14.64008, "o", "u" ]
[ 14.69229, "o", "s" ]
[ 14.74438, "o", "t" ]
[ 14.99810, "o", "\u001b[?2004l\r\r\n" ]
[ 15.11872, "o", "- \u001b[32mI\u001b[0m\u001b[32m|pkg: \u001b[0mSuccessfully set link from path \u001b[0m\r\n" ]
[ 15.14824, "o", "- \u001b[32mI\u001b[0m\u001b[32m|env: \u001b[0mSuccessfully set dust=v0.0.1 in the current environment.\u001b[0m\r\n" ]
[ 15.20976, "o", "- \u001b[32mI\u001b[0m\u001b[32m|env: \u001b[0mConfig file updated to /root/.x-cmd.root/local/data/env/version\u001b[0m\r\n" ]
[ 15.20996, "o", "\u001b[1m\u001b[7m#\u001b[27m\u001b[1m\u001b[0m                                                                                                   \r \r\r\u001b[0m\u001b[27m\u001b[24m\u001b[J\r\n\u001b[19491001\u001b[1;35m> \u001b[20210325\u001b[0m\u001b[K\u001b[?2004h" ]
[ 16.00059, "o", "#\b# " ]
[ 16.00073, "o", "V" ]
[ 16.05279, "o", "i" ]
[ 16.10454, "o", "e" ]
[ 16.15741, "o", "w" ]
[ 16.20930, "o", " " ]
[ 16.26140, "o", "d" ]
[ 16.31302, "o", "i" ]
[ 16.36554, "o", "s" ]
[ 16.41753, "o", "k" ]
[ 16.47020, "o", " " ]
[ 16.52271, "o", "s" ]
[ 16.57482, "o", "p" ]
[ 16.62701, "o", "a" ]
[ 16.67876, "o", "c" ]
[ 16.73058, "o", "e" ]
[ 16.78226, "o", " " ]
[ 16.83398, "o", "u" ]
[ 16.88571, "o", "s" ]
[ 16.93859, "o", "a" ]
[ 16.99084, "o", "g" ]
[ 17.04267, "o", "e" ]
[ 17.09508, "o", "\u001b[?2004l\r\r\n" ]
[ 17.09531, "o", "\u001b[1m\u001b[7m#\u001b[27m\u001b[1m\u001b[0m                                                                                                   \r \r\r\u001b[0m\u001b[27m\u001b[24m\u001b[J\r\n\u001b[19491001\u001b[1;35m> \u001b[20210325\u001b[0m\u001b[K\u001b[?2004h" ]
[ 18.60024, "o", "d" ]
[ 18.65282, "o", "\bdu" ]
[ 18.70488, "o", "s" ]
[ 18.75674, "o", "t" ]
[ 19.01085, "o", "\u001b[?2004l\r\r\n" ]
[ 19.01296, "o", " 4.0K   ┌── demo.asciinema.yml│                                                      ████████ │  12%\r\n 4.0K   ├── meta.yml          │                                                      ████████ │  12%\r\n 4.0K   ├── version.yml       │                                                      ████████ │  12%\r\n 4.0K   │ ┌── post-apply      │                              ░░░░░░░░░░░░░░░░░░░░░░░░████████ │  12%\r\n" ]
