{"version":2,"width":100,"height":26,"timestamp":1689846674,"env":{"SHELL":"","TERM":"xterm"}}
[ 0.00000, "o", "" ]
[ 0.15969, "o", "\u001b[19491001\u001b[1;35m> \u001b[20210325\u001b[0m\u001b[K\u001b[?2004h" ]
[ 0.40241, "o", "#" ]
[ 0.40246, "o", "\b# U" ]
[ 0.45409, "o", "s" ]
[ 0.50588, "o", "e" ]
[ 0.55788, "o", " " ]
[ 0.61045, "o", "t" ]
[ 0.66313, "o", "h" ]
[ 0.71526, "o", "e" ]
[ 0.76728, "o", " " ]
[ 0.81966, "o", "`" ]
[ 0.87182, "o", "x" ]
[ 0.92404, "o", " " ]
[ 0.97725, "o", "f" ]
[ 1.03000, "o", "d" ]
[ 1.08292, "o", "`" ]
[ 1.13517, "o", " " ]
[ 1.18751, "o", "c" ]
[ 1.23986, "o", "o" ]
[ 1.34860, "o", "m" ]
[ 1.40061, "o", "m" ]
[ 1.45244, "o", "a" ]
[ 1.50446, "o", "n" ]
[ 1.55633, "o", "d" ]
[ 1.60831, "o", " " ]
[ 1.66030, "o", "f" ]
[ 1.71229, "o", "o" ]
[ 1.76446, "o", "r" ]
[ 1.81650, "o", "m" ]
[ 1.86833, "o", "a" ]
[ 1.92000, "o", "t" ]
[ 1.97200, "o", " " ]
[ 2.02398, "o", "t" ]
[ 2.07590, "o", "o" ]
[ 2.12801, "o", " " ]
[ 2.17973, "o", "q" ]
[ 2.23160, "o", "u" ]
[ 2.28417, "o", "i" ]
[ 2.33589, "o", "c" ]
[ 2.38783, "o", "k" ]
[ 2.43989, "o", "l" ]
[ 2.49206, "o", "y" ]
[ 2.54378, "o", " " ]
[ 2.59663, "o", "u" ]
[ 2.64856, "o", "s" ]
[ 2.70069, "o", "e" ]
[ 2.75259, "o", " " ]
[ 2.80434, "o", "t" ]
[ 2.85708, "o", "h" ]
[ 2.90931, "o", "e" ]
[ 2.96128, "o", " " ]
[ 3.01352, "o", "`" ]
[ 3.06675, "o", "f" ]
[ 3.12035, "o", "d" ]
[ 3.17549, "o", "`" ]
[ 3.22695, "o", " " ]
[ 3.27877, "o", "c" ]
[ 3.33125, "o", "o" ]
[ 3.38323, "o", "m" ]
[ 3.43539, "o", "m" ]
[ 3.48802, "o", "a" ]
[ 3.54053, "o", "n" ]
[ 3.59262, "o", "d" ]
[ 3.64441, "o", "\u001b[?2004l\r\r\n" ]
[ 3.64461, "o", "\u001b[1m\u001b[7m#\u001b[27m\u001b[1m\u001b[0m                                                                                                   \r \r\r\u001b[0m\u001b[27m\u001b[24m\u001b[J\r\n\u001b[19491001\u001b[1;35m> \u001b[20210325\u001b[0m\u001b[K\u001b[?2004h" ]
[ 5.14879, "o", "x" ]
[ 5.20089, "o", "\bx " ]
[ 5.25257, "o", "f" ]
[ 5.30446, "o", "d" ]
[ 5.35613, "o", " " ]
[ 5.40820, "o", "-" ]
[ 5.45994, "o", "-" ]
[ 5.51193, "o", "v" ]
[ 5.56399, "o", "e" ]
[ 5.61586, "o", "r" ]
[ 5.66777, "o", "s" ]
[ 5.72020, "o", "i" ]
[ 5.77233, "o", "o" ]
[ 5.82444, "o", "n" ]
[ 6.07832, "o", "\u001b[?2004l\r\r\n" ]
[ 6.20161, "o", "\u001b[0mfd 8.7.0\r\n\u001b[0m" ]
[ 6.20212, "o", "\u001b[1m\u001b[7m#\u001b[27m\u001b[1m\u001b[0m                                                                                                   \r \r\r\u001b[0m\u001b[27m\u001b[24m\u001b[J\r\n\u001b[19491001\u001b[1;35m> \u001b[20210325\u001b[0m" ]
[ 6.20224, "o", "\u001b[K\u001b[?2004h" ]
[ 7.08101, "o", "#\b# " ]
[ 7.08107, "o", "U" ]
[ 7.13437, "o", "s" ]
[ 7.18650, "o", "i" ]
[ 7.23898, "o", "n" ]
[ 7.29114, "o", "g" ]
[ 7.34335, "o", " " ]
[ 7.39505, "o", "`" ]
[ 7.44761, "o", "x" ]
[ 7.49927, "o", " " ]
[ 7.55154, "o", "e" ]
[ 7.60438, "o", "n" ]
[ 7.65638, "o", "v" ]
[ 7.70891, "o", " " ]
[ 7.76049, "o", "u" ]
[ 7.81309, "o", "s" ]
[ 7.86491, "o", "e" ]
[ 7.91768, "o", "`" ]
[ 7.96964, "o", " " ]
[ 8.02244, "o", "c" ]
[ 8.07498, "o", "a" ]
[ 8.12726, "o", "n" ]
[ 8.17951, "o", " " ]
[ 8.23124, "o", "a" ]
[ 8.28350, "o", "u" ]
[ 8.33536, "o", "t" ]
[ 8.38794, "o", "o" ]
[ 8.44002, "o", "m" ]
[ 8.49214, "o", "a" ]
[ 8.54515, "o", "t" ]
[ 8.59720, "o", "i" ]
[ 8.64978, "o", "c" ]
[ 8.70147, "o", "a" ]
[ 8.75359, "o", "l" ]
[ 8.80546, "o", "l" ]
[ 8.85958, "o", "y" ]
[ 8.91220, "o", " " ]
[ 8.96497, "o", "i" ]
[ 9.01718, "o", "n" ]
[ 9.06911, "o", "s" ]
[ 9.12124, "o", "t" ]
[ 9.17303, "o", "a" ]
[ 9.22642, "o", "l" ]
[ 9.27829, "o", "l" ]
[ 9.33092, "o", " " ]
[ 9.38305, "o", "a" ]
[ 9.43486, "o", "n" ]
[ 9.48723, "o", "d" ]
[ 9.54030, "o", " " ]
[ 9.59242, "o", "c" ]
[ 9.64418, "o", "o" ]
[ 9.69660, "o", "n" ]
[ 9.74905, "o", "f" ]
[ 9.80075, "o", "i" ]
[ 9.85284, "o", "g" ]
[ 9.90549, "o", "u" ]
[ 9.95765, "o", "r" ]
[ 10.00934, "o", "e" ]
[ 10.06168, "o", " " ]
[ 10.11377, "o", "c" ]
[ 10.16618, "o", "o" ]
[ 10.21805, "o", "r" ]
[ 10.27091, "o", "r" ]
[ 10.32333, "o", "e" ]
[ 10.37534, "o", "s" ]
[ 10.42739, "o", "p" ]
[ 10.47966, "o", "o" ]
[ 10.53214, "o", "n" ]
[ 10.58388, "o", "d" ]
[ 10.63649, "o", "i" ]
[ 10.68845, "o", "n" ]
[ 10.74094, "o", "g" ]
[ 10.79358, "o", " " ]
[ 10.84569, "o", "g" ]
[ 10.89832, "o", "l" ]
[ 10.95032, "o", "o" ]
[ 11.00211, "o", "b" ]
[ 11.05409, "o", "a" ]
[ 11.10653, "o", "l" ]
[ 11.15905, "o", " " ]
[ 11.21155, "o", "e" ]
[ 11.26648, "o", "n" ]
[ 11.31850, "o", "v" ]
[ 11.37061, "o", "i" ]
[ 11.42278, "o", "r" ]
[ 11.47553, "o", "o" ]
[ 11.52747, "o", "n" ]
[ 11.58064, "o", "m" ]
[ 11.63284, "o", "e" ]
[ 11.68524, "o", "n" ]
[ 11.73719, "o", "t" ]
[ 11.78971, "o", " " ]
[ 11.84389, "o", "v" ]
[ 11.89581, "o", "a" ]
[ 11.94846, "o", "r" ]
[ 12.00036, "o", "i" ]
[ 12.05250, "o", "a \r\u001b[K" ]
[ 12.10440, "o", "b" ]
[ 12.15705, "o", "\rbl" ]
[ 12.20939, "o", "e" ]
[ 12.26104, "o", "s" ]
[ 12.31339, "o", "\u001b[?2004l\r\r\n" ]
[ 12.31354, "o", "\u001b[1m\u001b[7m#\u001b[27m\u001b[1m\u001b[0m                                                                                                   \r \r\r\u001b[0m\u001b[27m\u001b[24m\u001b[J\r\n\u001b[19491001\u001b[1;35m> \u001b[20210325\u001b[0m\u001b[K\u001b[?2004h" ]
[ 13.81887, "o", "x" ]
[ 13.87136, "o", "\bx " ]
[ 13.92364, "o", "e" ]
[ 13.97598, "o", "n" ]
[ 14.02791, "o", "v" ]
[ 14.08070, "o", " " ]
[ 14.13244, "o", "u" ]
[ 14.18505, "o", "s" ]
[ 14.23687, "o", "e" ]
[ 14.28918, "o", " " ]
[ 14.34126, "o", "f" ]
[ 14.39372, "o", "d" ]
[ 14.64794, "o", "\u001b[?2004l\r\r\n" ]
[ 14.77059, "o", "- \u001b[32mI\u001b[0m\u001b[32m|pkg: \u001b[0mSuccessfully set link from path \u001b[0m\r\n" ]
[ 14.79653, "o", "- \u001b[32mI\u001b[0m\u001b[32m|env: \u001b[0mSuccessfully set fd=v0.0.1 in the current environment.\u001b[0m\r\n" ]
[ 14.86252, "o", "- \u001b[32mI\u001b[0m\u001b[32m|env: \u001b[0mConfig file updated to /root/.x-cmd.root/local/data/env/version\u001b[0m\r\n" ]
[ 14.86308, "o", "\u001b[1m\u001b[7m#\u001b[27m\u001b[1m\u001b[0m                                                                                                   \r \r\r\u001b[0m\u001b[27m\u001b[24m\u001b[J\r\n\u001b[19491001\u001b[1;35m> \u001b[20210325\u001b[0m\u001b[K\u001b[?2004h" ]
[ 15.65005, "o", "#\b# " ]
[ 15.65023, "o", "S" ]
[ 15.70264, "o", "e" ]
[ 15.75473, "o", "a" ]
[ 15.80670, "o", "r" ]
[ 15.85834, "o", "c" ]
[ 15.90994, "o", "h" ]
[ 15.96177, "o", " " ]
[ 16.01373, "o", "f" ]
[ 16.06597, "o", "o" ]
[ 16.11778, "o", "r" ]
[ 16.16948, "o", " " ]
[ 16.22121, "o", "e" ]
[ 16.27322, "o", "n" ]
[ 16.32520, "o", "t" ]
[ 16.37700, "o", "r" ]
[ 16.42923, "o", "i" ]
[ 16.48102, "o", "e" ]
[ 16.53323, "o", "s" ]
[ 16.58485, "o", " " ]
[ 16.63682, "o", "w" ]
[ 16.68868, "o", "h" ]
[ 16.74071, "o", "o" ]
[ 16.79306, "o", "s" ]
[ 16.84510, "o", "e" ]
[ 16.89750, "o", " " ]
[ 16.94926, "o", "f" ]
[ 17.00107, "o", "i" ]
[ 17.05283, "o", "l" ]
[ 17.10494, "o", "e" ]
[ 17.15706, "o", " " ]
[ 17.20880, "o", "n" ]
[ 17.26109, "o", "a" ]
[ 17.31313, "o", "m" ]
[ 17.36571, "o", "e" ]
[ 17.41855, "o", "s" ]
[ 17.47047, "o", " " ]
[ 17.52256, "o", "c" ]
[ 17.57451, "o", "o" ]
[ 17.62655, "o", "n" ]
[ 17.67842, "o", "t" ]
[ 17.73034, "o", "a" ]
[ 17.78234, "o", "i" ]
[ 17.83442, "o", "n" ]
[ 17.88656, "o", " " ]
[ 17.93864, "o", "m" ]
[ 17.99052, "o", "o" ]
[ 18.04284, "o", "d" ]
[ 18.09568, "o", "\u001b[?2004l\r\r\n\u001b[1m\u001b[7m#\u001b[27m\u001b[1m\u001b[0m                                                                                                   \r \r\r\u001b[0m\u001b[27m\u001b[24m\u001b[J\r\n\u001b[19491001\u001b[1;35m> \u001b[20210325\u001b[0m\u001b[K\u001b[?2004h" ]
[ 19.60082, "o", "f" ]
[ 19.65330, "o", "\bfd" ]
[ 19.70570, "o", " " ]
[ 19.75792, "o", "m" ]
[ 19.80980, "o", "o" ]
[ 19.86199, "o", "d" ]
[ 20.41596, "o", "\u001b[?2004l\r\r\n" ]
