{"version":2,"width":100,"height":26,"timestamp":1690612027,"env":{"SHELL":"","TERM":"xterm"}}
[ 0.00000, "o", "" ]
[ 0.52437, "o", "\u001b[19491001\u001b[1;35m> \u001b[20210325\u001b[0m\u001b[K\u001b[?2004h" ]
[ 1.20628, "o", "#" ]
[ 1.20633, "o", "\b# " ]
[ 1.20650, "o", "U" ]
[ 1.25898, "o", "s" ]
[ 1.31734, "o", "e" ]
[ 1.38069, "o", " " ]
[ 1.44868, "o", "t" ]
[ 1.50162, "o", "h" ]
[ 1.55431, "o", "e" ]
[ 1.60702, "o", " " ]
[ 1.65977, "o", "`" ]
[ 1.71922, "o", "x" ]
[ 1.78318, "o", " " ]
[ 1.83594, "o", "g" ]
[ 1.88873, "o", "i" ]
[ 1.94158, "o", "t" ]
[ 1.99436, "o", "l" ]
[ 2.04714, "o", "e" ]
[ 2.10064, "o", "a" ]
[ 2.15417, "o", "k" ]
[ 2.20767, "o", "s" ]
[ 2.26124, "o", "`" ]
[ 2.31736, "o", " " ]
[ 2.37164, "o", "c" ]
[ 2.42550, "o", "o" ]
[ 2.47899, "o", "m" ]
[ 2.53221, "o", "m" ]
[ 2.58560, "o", "a" ]
[ 2.63959, "o", "n" ]
[ 2.69335, "o", "d" ]
[ 2.74606, "o", " " ]
[ 2.80327, "o", "f" ]
[ 2.85565, "o", "o" ]
[ 2.91042, "o", "r" ]
[ 2.96901, "o", "m" ]
[ 3.02243, "o", "a" ]
[ 3.07629, "o", "t" ]
[ 3.13011, "o", " " ]
[ 3.18356, "o", "t" ]
[ 3.23959, "o", "o" ]
[ 3.29313, "o", " " ]
[ 3.34650, "o", "q" ]
[ 3.39957, "o", "u" ]
[ 3.45325, "o", "i" ]
[ 3.50655, "o", "c" ]
[ 3.55971, "o", "k" ]
[ 3.61262, "o", "l" ]
[ 3.66537, "o", "y" ]
[ 3.71852, "o", " " ]
[ 3.77120, "o", "u" ]
[ 3.82393, "o", "s" ]
[ 3.87701, "o", "e" ]
[ 3.93519, "o", " " ]
[ 3.98614, "o", "t" ]
[ 4.03954, "o", "h" ]
[ 4.10166, "o", "e" ]
[ 4.15171, "o", " " ]
[ 4.20628, "o", "`" ]
[ 4.25871, "o", "g" ]
[ 4.31270, "o", "i" ]
[ 4.36716, "o", "t" ]
[ 4.42597, "o", "l" ]
[ 4.47992, "o", "e" ]
[ 4.53793, "o", "a" ]
[ 4.59498, "o", "k" ]
[ 4.65536, "o", "s" ]
[ 4.70549, "o", "`" ]
[ 4.76545, "o", " " ]
[ 4.83419, "o", "c" ]
[ 4.88730, "o", "o" ]
[ 4.93404, "o", "m" ]
[ 4.98859, "o", "m" ]
[ 5.04324, "o", "a" ]
[ 5.10299, "o", "n" ]
[ 5.16811, "o", "d" ]
[ 5.22010, "o", "\u001b[?2004l\r\r\n\u001b[1m\u001b[7m#\u001b[27m\u001b[1m\u001b[0m                                                                                                   \r \r\r\u001b[0m\u001b[27m\u001b[24m\u001b[J\r\n\u001b[19491001\u001b[1;35m> \u001b[20210325\u001b[0m\u001b[K\u001b[?2004h" ]
[ 6.72613, "o", "x" ]
[ 6.77908, "o", "\bx " ]
[ 6.83439, "o", "g" ]
[ 6.90305, "o", "i" ]
[ 6.94886, "o", "t" ]
[ 7.01882, "o", "l" ]
[ 7.08009, "o", "e" ]
[ 7.15679, "o", "a" ]
[ 7.18724, "o", "k" ]
[ 7.24586, "o", "s" ]
[ 7.30074, "o", " " ]
[ 7.36706, "o", "v" ]
[ 7.41824, "o", "e" ]
[ 7.47078, "o", "r" ]
[ 7.52450, "o", "s" ]
[ 7.57716, "o", "i" ]
[ 7.63226, "o", "o" ]
[ 7.69774, "o", "n" ]
[ 7.97609, "o", "\u001b[?2004l\r\r\n" ]
[ 8.29120, "o", "8.16.2\r\n" ]
[ 8.29214, "o", "\u001b[1m\u001b[7m#\u001b[27m\u001b[1m\u001b[0m                                                                                                   \r \r" ]
[ 8.29235, "o", "\r\u001b[0m\u001b[27m\u001b[24m\u001b[J\r\n\u001b[19491001\u001b[1;35m> \u001b[20210325\u001b[0m\u001b[K\u001b[?2004h" ]
[ 9.98540, "o", "#\b# " ]
[ 9.98566, "o", "U" ]
[ 10.03799, "o", "s" ]
[ 10.10943, "o", "i" ]
[ 10.15396, "o", "n" ]
[ 10.20796, "o", "g" ]
[ 10.25999, "o", " " ]
[ 10.31542, "o", "`" ]
[ 10.37082, "o", "x" ]
[ 10.42319, "o", " " ]
[ 10.47796, "o", "e" ]
[ 10.52905, "o", "n" ]
[ 10.58197, "o", "v" ]
[ 10.63506, "o", " " ]
[ 10.68801, "o", "u" ]
[ 10.74046, "o", "s" ]
[ 10.79428, "o", "e" ]
[ 10.84726, "o", "`" ]
[ 10.89962, "o", " " ]
[ 10.95172, "o", "c" ]
[ 11.00371, "o", "a" ]
[ 11.05579, "o", "n" ]
[ 11.10787, "o", " " ]
[ 11.16002, "o", "a" ]
[ 11.21222, "o", "u" ]
[ 11.26475, "o", "t" ]
[ 11.31696, "o", "o" ]
[ 11.36894, "o", "m" ]
[ 11.42110, "o", "a" ]
[ 11.47352, "o", "t" ]
[ 11.52588, "o", "i" ]
[ 11.57786, "o", "c" ]
[ 11.63038, "o", "a" ]
[ 11.68277, "o", "l" ]
[ 11.73477, "o", "l" ]
[ 11.78722, "o", "y" ]
[ 11.83911, "o", " " ]
[ 11.89134, "o", "i" ]
[ 11.94366, "o", "n" ]
[ 11.99627, "o", "s" ]
[ 12.04857, "o", "t" ]
[ 12.10110, "o", "a" ]
[ 12.15291, "o", "l" ]
[ 12.20531, "o", "l" ]
[ 12.25805, "o", " " ]
[ 12.31106, "o", "a" ]
[ 12.36351, "o", "n" ]
[ 12.41676, "o", "d" ]
[ 12.46966, "o", " " ]
[ 12.52216, "o", "c" ]
[ 12.57537, "o", "o" ]
[ 12.62778, "o", "n" ]
[ 12.68048, "o", "f" ]
[ 12.73353, "o", "i" ]
[ 12.78621, "o", "g" ]
[ 12.83862, "o", "u" ]
[ 12.89086, "o", "r" ]
[ 12.94343, "o", "e" ]
[ 12.99589, "o", " " ]
[ 13.04799, "o", "c" ]
[ 13.10040, "o", "o" ]
[ 13.15287, "o", "r" ]
[ 13.20526, "o", "r" ]
[ 13.25702, "o", "e" ]
[ 13.30886, "o", "s" ]
[ 13.36128, "o", "p" ]
[ 13.41394, "o", "o" ]
[ 13.46624, "o", "n" ]
[ 13.51818, "o", "d" ]
[ 13.57044, "o", "i" ]
[ 13.62281, "o", "n" ]
[ 13.67471, "o", "g" ]
[ 13.72655, "o", " " ]
[ 13.77866, "o", "g" ]
[ 13.83052, "o", "l" ]
[ 13.88208, "o", "o" ]
[ 13.93362, "o", "b" ]
[ 13.98520, "o", "a" ]
[ 14.03718, "o", "l" ]
[ 14.08920, "o", " " ]
[ 14.14103, "o", "e" ]
[ 14.19248, "o", "n" ]
[ 14.24415, "o", "v" ]
[ 14.29621, "o", "i" ]
[ 14.34842, "o", "r" ]
[ 14.40012, "o", "o" ]
[ 14.45211, "o", "n" ]
[ 14.50398, "o", "m" ]
[ 14.55593, "o", "e" ]
[ 14.60792, "o", "n" ]
[ 14.65969, "o", "t" ]
[ 14.71155, "o", " " ]
[ 14.76359, "o", "v" ]
[ 14.81590, "o", "a" ]
[ 14.86766, "o", "r" ]
[ 14.91933, "o", "i" ]
[ 14.97144, "o", "a \r\u001b[K" ]
[ 15.02293, "o", "b" ]
[ 15.07484, "o", "\rbl" ]
[ 15.12707, "o", "e" ]
[ 15.17851, "o", "s" ]
[ 15.23018, "o", "\u001b[?2004l\r\r\n" ]
[ 15.23033, "o", "\u001b[1m\u001b[7m#\u001b[27m\u001b[1m\u001b[0m                                                                                                   \r \r\r\u001b[0m\u001b[27m\u001b[24m\u001b[J\r\n\u001b[19491001\u001b[1;35m> \u001b[20210325\u001b[0m\u001b[K\u001b[?2004h" ]
[ 16.73362, "o", "x" ]
[ 16.78591, "o", "\bx " ]
[ 16.83753, "o", "e" ]
[ 16.88925, "o", "n" ]
[ 16.94065, "o", "v" ]
[ 16.99223, "o", " " ]
[ 17.04421, "o", "u" ]
[ 17.09704, "o", "s" ]
[ 17.14889, "o", "e" ]
[ 17.20054, "o", " " ]
[ 17.25230, "o", "g" ]
[ 17.30376, "o", "i" ]
[ 17.35622, "o", "t" ]
[ 17.40774, "o", "l" ]
[ 17.45930, "o", "e" ]
[ 17.51163, "o", "a" ]
[ 17.56388, "o", "k" ]
[ 17.61580, "o", "s" ]
[ 17.86910, "o", "\u001b[?2004l\r\r\n" ]
[ 17.97791, "o", "- \u001b[32mI\u001b[0m\u001b[32m|pkg: \u001b[0mSuccessfully set link from path \u001b[0m\r\n" ]
[ 18.00423, "o", "- \u001b[32mI\u001b[0m\u001b[32m|env: \u001b[0mSuccessfully set gitleaks=v0.0.1 in the current environment.\u001b[0m\r\n" ]
[ 18.06511, "o", "- \u001b[32mI\u001b[0m\u001b[32m|env: \u001b[0mConfig file updated to /root/.x-cmd.root/local/data/env/version\u001b[0m\r\n" ]
[ 18.06531, "o", "\u001b[1m\u001b[7m#\u001b[27m\u001b[1m\u001b[0m                                                                                                   \r \r\r\u001b[0m\u001b[27m\u001b[24m\u001b[J\r\n\u001b[19491001\u001b[1;35m> \u001b[20210325\u001b[0m\u001b[K" ]
[ 18.06556, "o", "\u001b[?2004h" ]
[ 19.87151, "o", "#\b# E" ]
[ 19.92306, "o", "n" ]
[ 19.97487, "o", "t" ]
[ 20.02640, "o", "e" ]
[ 20.07799, "o", "r" ]
[ 20.12982, "o", " " ]
[ 20.18204, "o", "t" ]
[ 20.23354, "o", "h" ]
[ 20.28566, "o", "e" ]
[ 20.33760, "o", " " ]
[ 20.38940, "o", "l" ]
[ 20.44117, "o", "o" ]
[ 20.49286, "o", "c" ]
[ 20.54464, "o", "a" ]
[ 20.59734, "o", "l" ]
[ 20.64881, "o", " " ]
[ 20.70077, "o", "g" ]
[ 20.75283, "o", "i" ]
[ 20.80537, "o", "t" ]
[ 20.85729, "o", " " ]
[ 20.90943, "o", "r" ]
[ 20.96116, "o", "e" ]
[ 21.01311, "o", "p" ]
[ 21.06449, "o", "o" ]
[ 21.11636, "o", " " ]
[ 21.16850, "o", "d" ]
[ 21.22083, "o", "i" ]
[ 21.27288, "o", "r" ]
[ 21.32437, "o", "e" ]
[ 21.37616, "o", "c" ]
[ 21.42767, "o", "t" ]
[ 21.48027, "o", "o" ]
[ 21.53228, "o", "r" ]
[ 21.58418, "o", "y" ]
[ 21.63621, "o", "\u001b[?2004l\r\r\n\u001b[1m\u001b[7m#\u001b[27m\u001b[1m\u001b[0m                                                                                                   \r \r\r\u001b[0m\u001b[27m\u001b[24m\u001b[J\r\n\u001b[19491001\u001b[1;35m> \u001b[20210325\u001b[0m\u001b[K\u001b[?2004h" ]
[ 22.13981, "o", "x" ]
[ 22.18955, "o", "\bx " ]
[ 22.24116, "o", "e" ]
[ 22.29269, "o", "x" ]
