{"version":2,"width":100,"height":26,"timestamp":1689841023,"env":{"SHELL":"","TERM":"xterm"}}
[ 0.00000, "o", "" ]
[ 0.16133, "o", "\u001b[19491001\u001b[1;35m> \u001b[20210325\u001b[0m\u001b[K\u001b[?2004h" ]
[ 0.40290, "o", "#\b# U" ]
[ 0.45527, "o", "s" ]
[ 0.50817, "o", "e" ]
[ 0.56161, "o", " " ]
[ 0.61488, "o", "t" ]
[ 0.66675, "o", "h" ]
[ 0.71881, "o", "e" ]
[ 0.77041, "o", " " ]
[ 0.82240, "o", "`" ]
[ 0.87496, "o", "x" ]
[ 0.92704, "o", " " ]
[ 0.97931, "o", "g" ]
[ 1.03126, "o", "r" ]
[ 1.08358, "o", "e" ]
[ 1.13533, "o", "x" ]
[ 1.18752, "o", "`" ]
[ 1.23925, "o", " " ]
[ 1.29136, "o", "c" ]
[ 1.34309, "o", "o" ]
[ 1.39514, "o", "m" ]
[ 1.44754, "o", "m" ]
[ 1.49929, "o", "a" ]
[ 1.55184, "o", "n" ]
[ 1.60356, "o", "d" ]
[ 1.65564, "o", " " ]
[ 1.70801, "o", "f" ]
[ 1.76064, "o", "o" ]
[ 1.81280, "o", "r" ]
[ 1.86450, "o", "m" ]
[ 1.91664, "o", "a" ]
[ 1.96844, "o", "t" ]
[ 2.02055, "o", " " ]
[ 2.07244, "o", "t" ]
[ 2.12438, "o", "o" ]
[ 2.17643, "o", " " ]
[ 2.22864, "o", "q" ]
[ 2.28072, "o", "u" ]
[ 2.33286, "o", "i" ]
[ 2.38494, "o", "c" ]
[ 2.43680, "o", "k" ]
[ 2.48977, "o", "l" ]
[ 2.54156, "o", "y" ]
[ 2.59424, "o", " " ]
[ 2.64636, "o", "u" ]
[ 2.69876, "o", "s" ]
[ 2.75078, "o", "e" ]
[ 2.80243, "o", " " ]
[ 2.85411, "o", "t" ]
[ 2.90590, "o", "h" ]
[ 2.95888, "o", "e" ]
[ 3.01087, "o", " " ]
[ 3.06316, "o", "`" ]
[ 3.11570, "o", "g" ]
[ 3.16782, "o", "r" ]
[ 3.22030, "o", "e" ]
[ 3.27241, "o", "x" ]
[ 3.32466, "o", "`" ]
[ 3.37641, "o", " " ]
[ 3.42935, "o", "c" ]
[ 3.48127, "o", "o" ]
[ 3.53310, "o", "m" ]
[ 3.58494, "o", "m" ]
[ 3.63685, "o", "a" ]
[ 3.68870, "o", "n" ]
[ 3.74086, "o", "d" ]
[ 3.79298, "o", "\u001b[?2004l\r\r\n" ]
[ 3.79317, "o", "\u001b[1m\u001b[7m#\u001b[27m\u001b[1m\u001b[0m                                                                                                   \r \r\r\u001b[0m\u001b[27m\u001b[24m\u001b[J\r\n\u001b[19491001\u001b[1;35m> \u001b[20210325\u001b[0m\u001b[K\u001b[?2004h" ]
[ 5.29678, "o", "x" ]
[ 5.34935, "o", "\bx " ]
[ 5.40107, "o", "g" ]
[ 5.45323, "o", "r" ]
[ 5.50509, "o", "e" ]
[ 5.55750, "o", "x" ]
[ 5.60937, "o", " " ]
[ 5.66146, "o", "-" ]
[ 5.71361, "o", "-" ]
[ 5.76528, "o", "v" ]
[ 5.81789, "o", "e" ]
[ 5.86983, "o", "r" ]
[ 5.92186, "o", "s" ]
[ 5.97381, "o", "i" ]
[ 6.02573, "o", "o" ]
[ 6.07749, "o", "n" ]
[ 6.33124, "o", "\u001b[?2004l\r\r\n" ]
[ 6.43089, "o", "\u001b[0mgrex 1.4.1\r\n\u001b[0m" ]
[ 6.43113, "o", "\u001b[1m\u001b[7m#\u001b[27m\u001b[1m\u001b[0m                                                                                                   \r \r\r\u001b[0m\u001b[27m\u001b[24m\u001b[J" ]
[ 6.43124, "o", "\r\n\u001b[19491001\u001b[1;35m> \u001b[20210325\u001b[0m\u001b[K\u001b[?2004h" ]
[ 8.33343, "o", "#\b# " ]
[ 8.33357, "o", "U" ]
[ 8.39618, "o", "s" ]
[ 8.44777, "o", "i" ]
[ 8.50139, "o", "n" ]
[ 8.55349, "o", "g" ]
[ 8.60575, "o", " " ]
[ 8.65791, "o", "`" ]
[ 8.70955, "o", "x" ]
[ 8.76119, "o", " " ]
[ 8.81291, "o", "e" ]
[ 8.86540, "o", "n" ]
[ 8.91749, "o", "v" ]
[ 8.97004, "o", " " ]
[ 9.02218, "o", "u" ]
[ 9.07383, "o", "s" ]
[ 9.12594, "o", "e" ]
[ 9.17755, "o", "`" ]
[ 9.22966, "o", " " ]
[ 9.28137, "o", "c" ]
[ 9.33412, "o", "a" ]
[ 9.38576, "o", "n" ]
[ 9.43782, "o", " " ]
[ 9.49053, "o", "a" ]
[ 9.54266, "o", "u" ]
[ 9.59493, "o", "t" ]
[ 9.64678, "o", "o" ]
[ 9.69902, "o", "m" ]
[ 9.75080, "o", "a" ]
[ 9.80300, "o", "t" ]
[ 9.85487, "o", "i" ]
[ 9.90694, "o", "c" ]
[ 9.95880, "o", "a" ]
[ 10.01037, "o", "l" ]
[ 10.06263, "o", "l" ]
[ 10.11425, "o", "y" ]
[ 10.16679, "o", " " ]
[ 10.21847, "o", "i" ]
[ 10.27054, "o", "n" ]
[ 10.32244, "o", "s" ]
[ 10.37410, "o", "t" ]
[ 10.42585, "o", "a" ]
[ 10.47803, "o", "l" ]
[ 10.53033, "o", "l" ]
[ 10.58216, "o", " " ]
[ 10.63508, "o", "a" ]
[ 10.68699, "o", "n" ]
[ 10.73930, "o", "d" ]
[ 10.79110, "o", " " ]
[ 10.84276, "o", "c" ]
[ 10.89511, "o", "o" ]
[ 10.94704, "o", "n" ]
[ 10.99958, "o", "f" ]
[ 11.05133, "o", "i" ]
[ 11.10332, "o", "g" ]
[ 11.15583, "o", "u" ]
[ 11.20861, "o", "r" ]
[ 11.26043, "o", "e" ]
[ 11.31226, "o", " " ]
[ 11.36485, "o", "c" ]
[ 11.41673, "o", "o" ]
[ 11.46848, "o", "r" ]
[ 11.52063, "o", "r" ]
[ 11.57302, "o", "e" ]
[ 11.62532, "o", "s" ]
[ 11.67711, "o", "p" ]
[ 11.72935, "o", "o" ]
[ 11.78113, "o", "n" ]
[ 11.83348, "o", "d" ]
[ 11.88532, "o", "i" ]
[ 11.93734, "o", "n" ]
[ 11.99038, "o", "g" ]
[ 12.04282, "o", " " ]
[ 12.09504, "o", "g" ]
[ 12.14724, "o", "l" ]
[ 12.19920, "o", "o" ]
[ 12.25106, "o", "b" ]
[ 12.30278, "o", "a" ]
[ 12.35560, "o", "l" ]
[ 12.40816, "o", " " ]
[ 12.45990, "o", "e" ]
[ 12.51247, "o", "n" ]
[ 12.56493, "o", "v" ]
[ 12.61688, "o", "i" ]
[ 12.66894, "o", "r" ]
[ 12.72074, "o", "o" ]
[ 12.77321, "o", "n" ]
[ 12.82515, "o", "m" ]
[ 12.87681, "o", "e" ]
[ 12.92891, "o", "n" ]
[ 12.98134, "o", "t" ]
[ 13.03368, "o", " " ]
[ 13.08581, "o", "v" ]
[ 13.13799, "o", "a" ]
[ 13.18964, "o", "r" ]
[ 13.24166, "o", "i" ]
[ 13.29329, "o", "a \r\u001b[K" ]
[ 13.34530, "o", "b" ]
[ 13.39795, "o", "\rbl" ]
[ 13.44988, "o", "e" ]
[ 13.50244, "o", "s" ]
[ 13.55443, "o", "\u001b[?2004l\r\r\n" ]
[ 13.55456, "o", "\u001b[1m\u001b[7m#\u001b[27m\u001b[1m\u001b[0m                                                                                                   \r \r\r\u001b[0m\u001b[27m\u001b[24m\u001b[J\r\n\u001b[19491001\u001b[1;35m> \u001b[20210325\u001b[0m\u001b[K\u001b[?2004h" ]
[ 15.05795, "o", "x" ]
[ 15.11010, "o", "\bx " ]
[ 15.16263, "o", "e" ]
[ 15.21459, "o", "n" ]
[ 15.26648, "o", "v" ]
[ 15.31838, "o", " " ]
[ 15.37051, "o", "u" ]
[ 15.42254, "o", "s" ]
[ 15.47454, "o", "e" ]
[ 15.52649, "o", " " ]
[ 15.57877, "o", "g" ]
[ 15.63070, "o", "r" ]
[ 15.68239, "o", "e" ]
[ 15.73472, "o", "x" ]
[ 15.98885, "o", "\u001b[?2004l\r\r\n" ]
[ 16.10979, "o", "- \u001b[32mI\u001b[0m\u001b[32m|pkg: \u001b[0mSuccessfully set link from path \u001b[0m\r\n" ]
[ 16.13687, "o", "- \u001b[32mI\u001b[0m\u001b[32m|env: \u001b[0mSuccessfully set grex=v0.0.1 in the current environment.\u001b[0m\r\n" ]
[ 16.19676, "o", "- \u001b[32mI\u001b[0m\u001b[32m|env: \u001b[0mConfig file updated to /root/.x-cmd.root/local/data/env/version\u001b[0m\r\n" ]
[ 16.19745, "o", "\u001b[1m\u001b[7m#\u001b[27m\u001b[1m\u001b[0m                                                                                                   \r \r\r\u001b[0m\u001b[27m\u001b[24m\u001b[J\r\n\u001b[19491001\u001b[1;35m> \u001b[20210325\u001b[0m\u001b[K\u001b[?2004h" ]
[ 17.99149, "o", "#\b# G" ]
[ 18.04329, "o", "e" ]
[ 18.09557, "o", "n" ]
[ 18.14774, "o", "e" ]
[ 18.19975, "o", "r" ]
[ 18.25138, "o", "a" ]
[ 18.30345, "o", "t" ]
[ 18.35517, "o", "e" ]
[ 18.40733, "o", " " ]
[ 18.45989, "o", "a" ]
[ 18.51166, "o", " " ]
[ 18.56449, "o", "r" ]
[ 18.61633, "o", "e" ]
[ 18.66836, "o", "g" ]
[ 18.72016, "o", "u" ]
[ 18.77268, "o", "l" ]
[ 18.82480, "o", "a" ]
[ 18.87649, "o", "r" ]
[ 18.92867, "o", " " ]
[ 18.98047, "o", "e" ]
[ 19.03268, "o", "x" ]
[ 19.08445, "o", "p" ]
[ 19.13662, "o", "r" ]
[ 19.18918, "o", "e" ]
[ 19.24149, "o", "s" ]
[ 19.29357, "o", "s" ]
[ 19.34534, "o", "i" ]
[ 19.39729, "o", "o" ]
[ 19.44913, "o", "n" ]
[ 19.50118, "o", " " ]
[ 19.55300, "o", "o" ]
[ 19.60508, "o", "f" ]
[ 19.65693, "o", " " ]
[ 19.70859, "o", "t" ]
[ 19.76114, "o", "h" ]
[ 19.81292, "o", "e" ]
[ 19.86489, "o", " " ]
[ 19.91674, "o", "l" ]
[ 19.96861, "o", "e" ]
[ 20.02054, "o", "t" ]
[ 20.07242, "o", "t" ]
[ 20.12437, "o", "e" ]
[ 20.17601, "o", "r" ]
[ 20.22845, "o", "s" ]
[ 20.28012, "o", " " ]
[ 20.33242, "o", "a" ]
[ 20.38421, "o", "-" ]
[ 20.43730, "o", "f" ]
[ 20.48900, "o", "\u001b[?2004l\r\r\n" ]
[ 20.48925, "o", "\u001b[1m\u001b[7m#\u001b[27m\u001b[1m\u001b[0m                                                                                                   \r \r\r\u001b[0m\u001b[27m\u001b[24m\u001b[J\r\n\u001b[19491001\u001b[1;35m> \u001b[20210325\u001b[0m\u001b[K\u001b[?2004h" ]
[ 21.99327, "o", "g" ]
[ 22.04538, "o", "\bgr" ]
[ 22.09787, "o", "e" ]
[ 22.15005, "o", "x" ]
[ 22.20205, "o", " " ]
