{"version":2,"width":100,"height":26,"timestamp":1689339448,"env":{"SHELL":"","TERM":"xterm"}}
[ 0.00000, "o", "" ]
[ 0.11529, "o", "\u001b[19491001\u001b[1;35m> \u001b[20210325\u001b[0m" ]
[ 0.11548, "o", "\u001b[K\u001b[?2004h" ]
[ 0.90630, "o", "#\b# " ]
[ 0.90651, "o", "U" ]
[ 0.95851, "o", "s" ]
[ 1.01053, "o", "e" ]
[ 1.06252, "o", " " ]
[ 1.11566, "o", "t" ]
[ 1.16761, "o", "h" ]
[ 1.21948, "o", "e" ]
[ 1.27172, "o", " " ]
[ 1.32365, "o", "`" ]
[ 1.37560, "o", "x" ]
[ 1.42718, "o", " " ]
[ 1.47922, "o", "g" ]
[ 1.53100, "o", "u" ]
[ 1.58391, "o", "m" ]
[ 1.63564, "o", "`" ]
[ 1.68826, "o", " " ]
[ 1.74030, "o", "c" ]
[ 1.79194, "o", "o" ]
[ 1.84393, "o", "m" ]
[ 1.89562, "o", "m" ]
[ 1.94822, "o", "a" ]
[ 1.99981, "o", "n" ]
[ 2.05175, "o", "d" ]
[ 2.10411, "o", " " ]
[ 2.15651, "o", "f" ]
[ 2.20817, "o", "o" ]
[ 2.25991, "o", "r" ]
[ 2.31191, "o", "m" ]
[ 2.36380, "o", "a" ]
[ 2.41591, "o", "t" ]
[ 2.46745, "o", " " ]
[ 2.52025, "o", "t" ]
[ 2.57198, "o", "o" ]
[ 2.62405, "o", " " ]
[ 2.67607, "o", "q" ]
[ 2.72833, "o", "u" ]
[ 2.78074, "o", "i" ]
[ 2.83272, "o", "c" ]
[ 2.88471, "o", "k" ]
[ 2.93714, "o", "l" ]
[ 2.98942, "o", "y" ]
[ 3.04136, "o", " " ]
[ 3.09400, "o", "u" ]
[ 3.14634, "o", "s" ]
[ 3.19823, "o", "e" ]
[ 3.25024, "o", " " ]
[ 3.30197, "o", "t" ]
[ 3.35439, "o", "h" ]
[ 3.40626, "o", "e" ]
[ 3.45834, "o", " " ]
[ 3.51030, "o", "`" ]
[ 3.56216, "o", "g" ]
[ 3.61433, "o", "u" ]
[ 3.66614, "o", "m" ]
[ 3.71868, "o", "`" ]
[ 3.77042, "o", " " ]
[ 3.82273, "o", "c" ]
[ 3.87439, "o", "o" ]
[ 3.92633, "o", "m" ]
[ 3.97877, "o", "m" ]
[ 4.03153, "o", "a" ]
[ 4.08359, "o", "n" ]
[ 4.13519, "o", "d" ]
[ 4.18722, "o", "\u001b[?2004l\r\r\n" ]
[ 4.18727, "o", "\u001b[1m\u001b[7m#\u001b[27m\u001b[1m\u001b[0m                                                                                                   \r \r\r\u001b[0m\u001b[27m\u001b[24m\u001b[J\r\n\u001b[19491001\u001b[1;35m> \u001b[20210325\u001b[0m\u001b[K\u001b[?2004h" ]
[ 5.69097, "o", "x" ]
[ 5.74343, "o", "\bx " ]
[ 5.79523, "o", "g" ]
[ 5.84742, "o", "u" ]
[ 5.89916, "o", "m" ]
[ 5.95163, "o", " " ]
[ 6.00357, "o", "-" ]
[ 6.05557, "o", "-" ]
[ 6.10782, "o", "v" ]
[ 6.15990, "o", "e" ]
[ 6.21214, "o", "r" ]
[ 6.26402, "o", "s" ]
[ 6.31595, "o", "i" ]
[ 6.36773, "o", "o" ]
[ 6.41980, "o", "n" ]
[ 6.67461, "o", "\u001b[?2004l\r\r\n" ]
[ 6.79183, "o", "gum version v0.10.0 (0f0f8e9)\r\n" ]
[ 6.79278, "o", "\u001b[1m\u001b[7m#\u001b[27m\u001b[1m\u001b[0m                                                                                                   \r \r\r\u001b[0m\u001b[27m\u001b[24m\u001b[J\r\n\u001b[19491001\u001b[1;35m> \u001b[20210325\u001b[0m\u001b[K\u001b[?2004h" ]
[ 9.17869, "o", "#\b# " ]
[ 9.17882, "o", "U" ]
[ 9.23060, "o", "s" ]
[ 9.28269, "o", "i" ]
[ 9.33432, "o", "n" ]
[ 9.38653, "o", "g" ]
[ 9.43838, "o", " " ]
[ 9.49036, "o", "`" ]
[ 9.54253, "o", "x" ]
[ 9.59445, "o", " " ]
[ 9.64687, "o", "e" ]
[ 9.69935, "o", "n" ]
[ 9.75132, "o", "v" ]
[ 9.80288, "o", " " ]
[ 9.85498, "o", "u" ]
[ 9.90663, "o", "s" ]
[ 9.95830, "o", "e" ]
[ 10.01051, "o", "`" ]
[ 10.06250, "o", " " ]
[ 10.11458, "o", "c" ]
[ 10.16629, "o", "a" ]
[ 10.21825, "o", "n" ]
[ 10.27001, "o", " " ]
[ 10.32191, "o", "a" ]
[ 10.37361, "o", "u" ]
[ 10.42626, "o", "t" ]
[ 10.47868, "o", "o" ]
[ 10.53049, "o", "m" ]
[ 10.58308, "o", "a" ]
[ 10.63482, "o", "t" ]
[ 10.68699, "o", "i" ]
[ 10.73854, "o", "c" ]
[ 10.79024, "o", "a" ]
[ 10.84284, "o", "l" ]
[ 10.89507, "o", "l" ]
[ 10.94744, "o", "y" ]
[ 10.99917, "o", " " ]
[ 11.05149, "o", "i" ]
[ 11.10301, "o", "n" ]
[ 11.15503, "o", "s" ]
[ 11.20665, "o", "t" ]
[ 11.25839, "o", "a" ]
[ 11.31008, "o", "l" ]
[ 11.36238, "o", "l" ]
[ 11.41457, "o", " " ]
[ 11.46608, "o", "a" ]
[ 11.51784, "o", "n" ]
[ 11.56992, "o", "d" ]
[ 11.62230, "o", " " ]
[ 11.67393, "o", "c" ]
[ 11.72654, "o", "o" ]
[ 11.77883, "o", "n" ]
[ 11.83044, "o", "f" ]
[ 11.88255, "o", "i" ]
[ 11.93419, "o", "g" ]
[ 11.98633, "o", "u" ]
[ 12.03804, "o", "r" ]
[ 12.09048, "o", "e" ]
[ 12.14257, "o", " " ]
[ 12.19493, "o", "c" ]
[ 12.24691, "o", "o" ]
[ 12.29876, "o", "r" ]
[ 12.35185, "o", "r" ]
[ 12.40350, "o", "e" ]
[ 12.45547, "o", "s" ]
[ 12.50717, "o", "p" ]
[ 12.56046, "o", "o" ]
[ 12.61158, "o", "n" ]
[ 12.66406, "o", "d" ]
[ 12.71620, "o", "i" ]
[ 12.76818, "o", "n" ]
[ 12.82034, "o", "g" ]
[ 12.87188, "o", " " ]
[ 12.92418, "o", "g" ]
[ 12.97621, "o", "l" ]
[ 13.02846, "o", "o" ]
[ 13.08034, "o", "b" ]
[ 13.13211, "o", "a" ]
[ 13.18410, "o", "l" ]
[ 13.23595, "o", " " ]
[ 13.28783, "o", "e" ]
[ 13.34007, "o", "n" ]
[ 13.39225, "o", "v" ]
[ 13.44431, "o", "i" ]
[ 13.49695, "o", "r" ]
[ 13.54900, "o", "o" ]
[ 13.60069, "o", "n" ]
[ 13.65252, "o", "m" ]
[ 13.70401, "o", "e" ]
[ 13.75630, "o", "n" ]
[ 13.80845, "o", "t" ]
[ 13.86045, "o", " " ]
[ 13.91239, "o", "v" ]
[ 13.96440, "o", "a" ]
[ 14.01674, "o", "r" ]
[ 14.06863, "o", "i" ]
[ 14.12075, "o", "a \r\u001b[K" ]
[ 14.17226, "o", "b" ]
[ 14.22468, "o", "\rbl" ]
[ 14.27631, "o", "e" ]
[ 14.32872, "o", "s" ]
[ 14.38068, "o", "\u001b[?2004l\r\r\n\u001b[1m\u001b[7m#\u001b[27m\u001b[1m\u001b[0m                                                                                                   \r \r" ]
[ 14.38083, "o", "\r\u001b[0m\u001b[27m\u001b[24m\u001b[J\r\n\u001b[19491001\u001b[1;35m> \u001b[20210325\u001b[0m\u001b[K\u001b[?2004h" ]
[ 15.88459, "o", "x" ]
[ 15.93635, "o", "\bx " ]
[ 15.98905, "o", "e" ]
[ 16.04092, "o", "n" ]
[ 16.09338, "o", "v" ]
[ 16.14548, "o", " " ]
[ 16.19710, "o", "u" ]
[ 16.24968, "o", "s" ]
[ 16.30129, "o", "e" ]
[ 16.35339, "o", " " ]
[ 16.40504, "o", "g" ]
[ 16.45765, "o", "u" ]
[ 16.51028, "o", "m" ]
[ 16.76364, "o", "\u001b[?2004l\r\r\n" ]
[ 16.90144, "o", "- \u001b[32mI\u001b[0m\u001b[32m|pkg: \u001b[0mSuccessfully set link from path \u001b[0m\r\n" ]
[ 16.92446, "o", "- \u001b[32mI\u001b[0m\u001b[32m|env: \u001b[0mSuccessfully set gum=v0.0.1 in the current environment.\u001b[0m\r\n" ]
[ 16.98681, "o", "- \u001b[32mI\u001b[0m\u001b[32m|env: \u001b[0mConfig file updated to /root/.x-cmd.root/local/data/env/version\u001b[0m\r\n" ]
[ 16.98697, "o", "\u001b[1m\u001b[7m#\u001b[27m\u001b[1m\u001b[0m                                                                                                   \r \r" ]
[ 16.98709, "o", "\r\u001b[0m\u001b[27m\u001b[24m\u001b[J\r\n\u001b[19491001\u001b[1;35m> \u001b[20210325\u001b[0m\u001b[K\u001b[?2004h" ]
[ 19.26870, "o", "#\b# B" ]
[ 19.32109, "o", "u" ]
[ 19.37393, "o", "i" ]
[ 19.42781, "o", "l" ]
[ 19.48097, "o", "d" ]
[ 19.53357, "o", "i" ]
[ 19.58538, "o", "n" ]
[ 19.63766, "o", "g" ]
[ 19.68979, "o", " " ]
[ 19.74222, "o", "a" ]
[ 19.79467, "o", "n" ]
[ 19.84628, "o", " " ]
[ 19.89833, "o", "o" ]
[ 19.95021, "o", "p" ]
[ 20.00225, "o", "t" ]
[ 20.05434, "o", "i" ]
[ 20.10701, "o", "o" ]
[ 20.15936, "o", "n" ]
[ 20.21114, "o", " " ]
[ 20.26315, "o", "l" ]
[ 20.31481, "o", "i" ]
[ 20.36679, "o", "s" ]
[ 20.41866, "o", "t" ]
[ 20.47148, "o", " " ]
[ 20.52367, "o", "i" ]
[ 20.57572, "o", "n" ]
[ 20.62832, "o", "t" ]
[ 20.68006, "o", "e" ]
[ 20.73244, "o", "r" ]
[ 20.78463, "o", "f" ]
[ 20.83679, "o", "a" ]
[ 20.88856, "o", "c" ]
[ 20.94044, "o", "e" ]
[ 20.99304, "o", " " ]
[ 21.04579, "o", "o" ]
[ 21.09951, "o", "n" ]
[ 21.15116, "o", " " ]
[ 21.20303, "o", "t" ]
[ 21.25509, "o", "h" ]
[ 21.30719, "o", "e" ]
[ 21.35916, "o", " " ]
[ 21.41170, "o", "c" ]
[ 21.46359, "o", "o" ]
[ 21.51601, "o", "m" ]
[ 21.56806, "o", "m" ]
[ 21.61998, "o", "a" ]
[ 21.67220, "o", "n" ]
[ 21.72382, "o", "d" ]
[ 21.77634, "o", " " ]
[ 21.82883, "o", "l" ]
[ 21.88094, "o", "i" ]
[ 21.93311, "o", "n" ]
[ 21.98492, "o", "e" ]
[ 22.03642, "o", "\u001b[?2004l\r\r\n" ]
[ 22.03647, "o", "\u001b[1m\u001b[7m#\u001b[27m\u001b[1m\u001b[0m                                                                                                   \r \r" ]
[ 22.03658, "o", "\r\u001b[0m\u001b[27m\u001b[24m\u001b[J\r\n\u001b[19491001\u001b[1;35m> \u001b[20210325\u001b[0m\u001b[K\u001b[?2004h" ]
[ 23.54103, "o", "g" ]
