{"version":2,"width":100,"height":26,"timestamp":1690611486,"env":{"SHELL":"","TERM":"xterm"}}
[ 0.00000, "o", "" ]
[ 0.13474, "o", "\u001b[19491001\u001b[1;35m> \u001b[20210325\u001b[0m\u001b[K\u001b[?2004h" ]
[ 0.41648, "o", "#" ]
[ 0.41683, "o", "\b# " ]
[ 0.41688, "o", "U" ]
[ 0.46801, "o", "s" ]
[ 0.51983, "o", "e" ]
[ 0.57169, "o", " " ]
[ 0.62326, "o", "t" ]
[ 0.67501, "o", "h" ]
[ 0.72668, "o", "e" ]
[ 0.77854, "o", " " ]
[ 0.83016, "o", "`" ]
[ 0.88197, "o", "x" ]
[ 0.93388, "o", " " ]
[ 0.98540, "o", "j" ]
[ 1.03724, "o", "q" ]
[ 1.08964, "o", "`" ]
[ 1.14163, "o", " " ]
[ 1.19339, "o", "c" ]
[ 1.24578, "o", "o" ]
[ 1.29728, "o", "m" ]
[ 1.34931, "o", "m" ]
[ 1.40159, "o", "a" ]
[ 1.45391, "o", "n" ]
[ 1.50625, "o", "d" ]
[ 1.55783, "o", " " ]
[ 1.60975, "o", "f" ]
[ 1.66127, "o", "o" ]
[ 1.71293, "o", "r" ]
[ 1.76493, "o", "m" ]
[ 1.81693, "o", "a" ]
[ 1.86882, "o", "t" ]
[ 1.92075, "o", " " ]
[ 1.97237, "o", "t" ]
[ 2.02427, "o", "o" ]
[ 2.07597, "o", " " ]
[ 2.12807, "o", "q" ]
[ 2.18007, "o", "u" ]
[ 2.23177, "o", "i" ]
[ 2.28405, "o", "c" ]
[ 2.33633, "o", "k" ]
[ 2.38827, "o", "l" ]
[ 2.44013, "o", "y" ]
[ 2.49220, "o", " " ]
[ 2.54367, "o", "u" ]
[ 2.59539, "o", "s" ]
[ 2.64755, "o", "e" ]
[ 2.69952, "o", " " ]
[ 2.75153, "o", "t" ]
[ 2.80343, "o", "h" ]
[ 2.85525, "o", "e" ]
[ 2.90707, "o", " " ]
[ 2.95858, "o", "`" ]
[ 3.01022, "o", "j" ]
[ 3.06231, "o", "q" ]
[ 3.11424, "o", "`" ]
[ 3.16617, "o", " " ]
[ 3.21755, "o", "c" ]
[ 3.26955, "o", "o" ]
[ 3.32137, "o", "m" ]
[ 3.37332, "o", "m" ]
[ 3.42480, "o", "a" ]
[ 3.47685, "o", "n" ]
[ 3.52886, "o", "d" ]
[ 3.58090, "o", "\u001b[?2004l\r\r\n" ]
[ 3.58115, "o", "\u001b[1m\u001b[7m#\u001b[27m\u001b[1m\u001b[0m                                                                                                   \r \r\r\u001b[0m\u001b[27m\u001b[24m\u001b[J\r\n\u001b[19491001\u001b[1;35m> \u001b[20210325\u001b[0m\u001b[K\u001b[?2004h" ]
[ 5.08438, "o", "x" ]
[ 5.13631, "o", "\bx " ]
[ 5.18794, "o", "j" ]
[ 5.23980, "o", "q" ]
[ 5.29214, "o", " " ]
[ 5.34367, "o", "-" ]
[ 5.39576, "o", "-" ]
[ 5.44739, "o", "v" ]
[ 5.49907, "o", "e" ]
[ 5.55080, "o", "r" ]
[ 5.60264, "o", "s" ]
[ 5.65467, "o", "i" ]
[ 5.70713, "o", "o" ]
[ 5.75908, "o", "n" ]
[ 6.01215, "o", "\u001b[?2004l\r\r\n" ]
[ 6.08065, "o", "jq-1.6\r\n" ]
[ 6.08108, "o", "\u001b[1m\u001b[7m#\u001b[27m\u001b[1m\u001b[0m                                                                                                   \r \r\r\u001b[0m\u001b[27m\u001b[24m\u001b[J\r\n\u001b[19491001\u001b[1;35m> \u001b[20210325\u001b[0m\u001b[K\u001b[?2004h" ]
[ 8.01459, "o", "#\b# U" ]
[ 8.06617, "o", "s" ]
[ 8.11772, "o", "i" ]
[ 8.16961, "o", "n" ]
[ 8.22128, "o", "g" ]
[ 8.27377, "o", " " ]
[ 8.32550, "o", "`" ]
[ 8.37790, "o", "x" ]
[ 8.42993, "o", " " ]
[ 8.48185, "o", "e" ]
[ 8.53363, "o", "n" ]
[ 8.58557, "o", "v" ]
[ 8.63710, "o", " " ]
[ 8.68903, "o", "u" ]
[ 8.74071, "o", "s" ]
[ 8.79254, "o", "e" ]
[ 8.84412, "o", "`" ]
[ 8.89654, "o", " " ]
[ 8.94842, "o", "c" ]
[ 9.00009, "o", "a" ]
[ 9.05248, "o", "n" ]
[ 9.10436, "o", " " ]
[ 9.15622, "o", "a" ]
[ 9.20781, "o", "u" ]
[ 9.25997, "o", "t" ]
[ 9.31208, "o", "o" ]
[ 9.36392, "o", "m" ]
[ 9.41614, "o", "a" ]
[ 9.46801, "o", "t" ]
[ 9.51980, "o", "i" ]
[ 9.57137, "o", "c" ]
[ 9.62330, "o", "a" ]
[ 9.67557, "o", "l" ]
[ 9.72787, "o", "l" ]
[ 9.77986, "o", "y" ]
[ 9.83150, "o", " " ]
[ 9.88305, "o", "i" ]
[ 9.93503, "o", "n" ]
[ 9.98727, "o", "s" ]
[ 10.03918, "o", "t" ]
[ 10.09074, "o", "a" ]
[ 10.14261, "o", "l" ]
[ 10.19448, "o", "l" ]
[ 10.24635, "o", " " ]
[ 10.29789, "o", "a" ]
[ 10.34976, "o", "n" ]
[ 10.40116, "o", "d" ]
[ 10.45329, "o", " " ]
[ 10.50557, "o", "c" ]
[ 10.55785, "o", "o" ]
[ 10.60979, "o", "n" ]
[ 10.66147, "o", "f" ]
[ 10.71315, "o", "i" ]
[ 10.76478, "o", "g" ]
[ 10.81672, "o", "u" ]
[ 10.86818, "o", "r" ]
[ 10.92018, "o", "e" ]
[ 10.97212, "o", " " ]
[ 11.02405, "o", "c" ]
[ 11.07566, "o", "o" ]
[ 11.12719, "o", "r" ]
[ 11.17907, "o", "r" ]
[ 11.23058, "o", "e" ]
[ 11.28290, "o", "s" ]
[ 11.33503, "o", "p" ]
[ 11.38740, "o", "o" ]
[ 11.43941, "o", "n" ]
[ 11.49137, "o", "d" ]
[ 11.54331, "o", "i" ]
[ 11.59461, "o", "n" ]
[ 11.64685, "o", "g" ]
[ 11.69842, "o", " " ]
[ 11.75020, "o", "g" ]
[ 11.80162, "o", "l" ]
[ 11.85357, "o", "o" ]
[ 11.90502, "o", "b" ]
[ 11.95657, "o", "a" ]
[ 12.00837, "o", "l" ]
[ 12.05981, "o", " " ]
[ 12.11161, "o", "e" ]
[ 12.16320, "o", "n" ]
[ 12.21536, "o", "v" ]
[ 12.26709, "o", "i" ]
[ 12.31899, "o", "r" ]
[ 12.37104, "o", "o" ]
[ 12.42275, "o", "n" ]
[ 12.47454, "o", "m" ]
[ 12.52632, "o", "e" ]
[ 12.57799, "o", "n" ]
[ 12.62940, "o", "t" ]
[ 12.68119, "o", " " ]
[ 12.73296, "o", "v" ]
[ 12.78453, "o", "a" ]
[ 12.83692, "o", "r" ]
[ 12.88912, "o", "i" ]
[ 12.94121, "o", "a \r\u001b[K" ]
[ 12.99296, "o", "b" ]
[ 13.04471, "o", "\rbl" ]
[ 13.09641, "o", "e" ]
[ 13.14891, "o", "s" ]
[ 13.20079, "o", "\u001b[?2004l\r\r\n" ]
[ 13.20106, "o", "\u001b[1m\u001b[7m#\u001b[27m\u001b[1m\u001b[0m                                                                                                   \r \r\r\u001b[0m\u001b[27m\u001b[24m\u001b[J\r\n\u001b[19491001\u001b[1;35m> \u001b[20210325\u001b[0m\u001b[K\u001b[?2004h" ]
[ 14.70450, "o", "x" ]
[ 14.75605, "o", "\bx " ]
[ 14.80841, "o", "e" ]
[ 14.86007, "o", "n" ]
[ 14.91209, "o", "v" ]
[ 14.96397, "o", " " ]
[ 15.01562, "o", "u" ]
[ 15.06825, "o", "s" ]
[ 15.11988, "o", "e" ]
[ 15.17233, "o", " " ]
[ 15.22437, "o", "j" ]
[ 15.27691, "o", "q" ]
[ 15.53073, "o", "\u001b[?2004l\r\r\n" ]
[ 15.65062, "o", "- \u001b[32mI\u001b[0m\u001b[32m|pkg: \u001b[0mSuccessfully set link from path \u001b[0m\r\n" ]
[ 15.67798, "o", "- \u001b[32mI\u001b[0m\u001b[32m|env: \u001b[0mSuccessfully set jq=v0.0.1 in the current environment.\u001b[0m\r\n" ]
[ 15.73768, "o", "- \u001b[32mI\u001b[0m\u001b[32m|env: \u001b[0mConfig file updated to /root/.x-cmd.root/local/data/env/version\u001b[0m\r\n" ]
[ 15.73818, "o", "\u001b[1m\u001b[7m#\u001b[27m\u001b[1m\u001b[0m                                                                                                   \r \r\r\u001b[0m\u001b[27m\u001b[24m\u001b[J\r\n\u001b[19491001\u001b[1;35m> \u001b[20210325\u001b[0m\u001b[K\u001b[?2004h" ]
[ 17.53314, "o", "#\b# O" ]
[ 17.58497, "o", "b" ]
[ 17.63683, "o", "t" ]
[ 17.68883, "o", "a" ]
[ 17.74031, "o", "i" ]
[ 17.79265, "o", "n" ]
[ 17.84429, "o", " " ]
[ 17.89632, "o", "t" ]
[ 17.94790, "o", "h" ]
[ 17.99992, "o", "e" ]
[ 18.05189, "o", " " ]
[ 18.10339, "o", "v" ]
[ 18.15476, "o", "a" ]
[ 18.20621, "o", "l" ]
[ 18.25763, "o", "u" ]
[ 18.30911, "o", "e" ]
[ 18.36155, "o", " " ]
[ 18.41358, "o", "o" ]
[ 18.46549, "o", "f" ]
[ 18.51744, "o", " " ]
[ 18.56897, "o", "t" ]
[ 18.62085, "o", "h" ]
[ 18.67229, "o", "e" ]
[ 18.72458, "o", " " ]
[ 18.77671, "o", "s" ]
[ 18.82922, "o", "p" ]
[ 18.88107, "o", "e" ]
[ 18.93290, "o", "c" ]
[ 18.98440, "o", "i" ]
[ 19.03616, "o", "f" ]
[ 19.08805, "o", "i" ]
[ 19.13971, "o", "e" ]
[ 19.19143, "o", "d" ]
[ 19.24309, "o", " " ]
[ 19.29502, "o", "f" ]
[ 19.34685, "o", "i" ]
[ 19.39886, "o", "e" ]
[ 19.45085, "o", "l" ]
[ 19.50235, "o", "d" ]
[ 19.55425, "o", " " ]
[ 19.60570, "o", "f" ]
[ 19.65820, "o", "r" ]
[ 19.71004, "o", "o" ]
[ 19.76200, "o", "m" ]
[ 19.81393, "o", " " ]
[ 19.86551, "o", "j" ]
[ 19.91752, "o", "s" ]
[ 19.96898, "o", "o" ]
[ 20.02091, "o", "n" ]
[ 20.07239, "o", " " ]
[ 20.12480, "o", "d" ]
[ 20.17646, "o", "a" ]
[ 20.22838, "o", "t" ]
[ 20.28005, "o", "a" ]
[ 20.33161, "o", "\u001b[?2004l\r\r\n" ]
[ 20.33176, "o", "\u001b[1m\u001b[7m#\u001b[27m\u001b[1m\u001b[0m                                                                                                   \r \r\r\u001b[0m\u001b[27m\u001b[24m\u001b[J\r\n\u001b[19491001\u001b[1;35m> \u001b[20210325\u001b[0m\u001b[K\u001b[?2004h" ]
[ 21.83511, "o", "e" ]
[ 21.88720, "o", "\bec" ]
[ 21.93870, "o", "h" ]
[ 21.99063, "o", "o" ]
[ 22.04247, "o", " " ]
[ 22.09398, "o", "'" ]
[ 22.14596, "o", "{" ]
[ 22.19768, "o", " " ]
