{"version":2,"width":100,"height":26,"timestamp":1689851818,"env":{"SHELL":"","TERM":"xterm"}}
[ 0.00000, "o", "" ]
[ 0.15501, "o", "\u001b[19491001\u001b[1;35m> \u001b[20210325\u001b[0m\u001b[K\u001b[?2004h" ]
[ 0.40781, "o", "#" ]
[ 0.40797, "o", "\b# U" ]
[ 0.45975, "o", "s" ]
[ 0.51155, "o", "i" ]
[ 0.56351, "o", "n" ]
[ 0.61591, "o", "g" ]
[ 0.66816, "o", " " ]
[ 0.72056, "o", "`" ]
[ 0.77264, "o", "x" ]
[ 0.82450, "o", " " ]
[ 0.87679, "o", "e" ]
[ 0.92847, "o", "n" ]
[ 0.98049, "o", "v" ]
[ 1.03291, "o", " " ]
[ 1.08571, "o", "u" ]
[ 1.13778, "o", "s" ]
[ 1.19020, "o", "e" ]
[ 1.24305, "o", "`" ]
[ 1.29478, "o", " " ]
[ 1.34725, "o", "c" ]
[ 1.39891, "o", "a" ]
[ 1.45095, "o", "n" ]
[ 1.50288, "o", " " ]
[ 1.55575, "o", "a" ]
[ 1.60780, "o", "u" ]
[ 1.66009, "o", "t" ]
[ 1.71211, "o", "o" ]
[ 1.76410, "o", "m" ]
[ 1.81616, "o", "a" ]
[ 1.86816, "o", "t" ]
[ 1.92002, "o", "i" ]
[ 1.97199, "o", "c" ]
[ 2.02409, "o", "a" ]
[ 2.07711, "o", "l" ]
[ 2.12915, "o", "l" ]
[ 2.18130, "o", "y" ]
[ 2.23328, "o", " " ]
[ 2.28587, "o", "i" ]
[ 2.33802, "o", "n" ]
[ 2.38989, "o", "s" ]
[ 2.44291, "o", "t" ]
[ 2.49513, "o", "a" ]
[ 2.54782, "o", "l" ]
[ 2.59962, "o", "l" ]
[ 2.65218, "o", " " ]
[ 2.70400, "o", "a" ]
[ 2.75604, "o", "n" ]
[ 2.80787, "o", "d" ]
[ 2.86000, "o", " " ]
[ 2.91189, "o", "c" ]
[ 2.96406, "o", "o" ]
[ 3.01612, "o", "n" ]
[ 3.06780, "o", "f" ]
[ 3.11994, "o", "i" ]
[ 3.17174, "o", "g" ]
[ 3.22377, "o", "u" ]
[ 3.27579, "o", "r" ]
[ 3.32850, "o", "e" ]
[ 3.38056, "o", " " ]
[ 3.43341, "o", "c" ]
[ 3.48605, "o", "o" ]
[ 3.53787, "o", "r" ]
[ 3.59044, "o", "r" ]
[ 3.64265, "o", "e" ]
[ 3.69469, "o", "s" ]
[ 3.74670, "o", "p" ]
[ 3.79883, "o", "o" ]
[ 3.85109, "o", "n" ]
[ 3.90340, "o", "d" ]
[ 3.95553, "o", "i" ]
[ 4.00716, "o", "n" ]
[ 4.05961, "o", "g" ]
[ 4.11176, "o", " " ]
[ 4.16400, "o", "g" ]
[ 4.21620, "o", "l" ]
[ 4.26881, "o", "o" ]
[ 4.32153, "o", "b" ]
[ 4.37360, "o", "a" ]
[ 4.42624, "o", "l" ]
[ 4.47873, "o", " " ]
[ 4.53097, "o", "e" ]
[ 4.58319, "o", "n" ]
[ 4.63529, "o", "v" ]
[ 4.68779, "o", "i" ]
[ 4.74013, "o", "r" ]
[ 4.79271, "o", "o" ]
[ 4.84453, "o", "n" ]
[ 4.89667, "o", "m" ]
[ 4.94840, "o", "e" ]
[ 5.00034, "o", "n" ]
[ 5.05210, "o", "t" ]
[ 5.10466, "o", " " ]
[ 5.15686, "o", "v" ]
[ 5.20905, "o", "a" ]
[ 5.26154, "o", "r" ]
[ 5.31402, "o", "i" ]
[ 5.36672, "o", "a \r\u001b[K" ]
[ 5.41842, "o", "b" ]
[ 5.47051, "o", "\rbl" ]
[ 5.52257, "o", "e" ]
[ 5.57506, "o", "s" ]
[ 5.62725, "o", "\u001b[?2004l\r\r\n" ]
[ 5.62730, "o", "\u001b[1m\u001b[7m#\u001b[27m\u001b[1m\u001b[0m                                                                                                   \r \r\r\u001b[0m\u001b[27m\u001b[24m\u001b[J\r\n\u001b[19491001\u001b[1;35m> \u001b[20210325\u001b[0m\u001b[K\u001b[?2004h" ]
[ 7.13130, "o", "x" ]
[ 7.18319, "o", "\bx " ]
[ 7.23540, "o", "e" ]
[ 7.28748, "o", "n" ]
[ 7.33961, "o", "v" ]
[ 7.39214, "o", " " ]
[ 7.44413, "o", "u" ]
[ 7.49623, "o", "s" ]
[ 7.54808, "o", "e" ]
[ 7.60012, "o", " " ]
[ 7.65208, "o", "m" ]
[ 7.70443, "o", "a" ]
[ 7.75681, "o", "w" ]
[ 7.80877, "o", "k" ]
[ 8.06271, "o", "\u001b[?2004l\r\r\n" ]
[ 8.17853, "o", "- \u001b[32mI\u001b[0m\u001b[32m|pkg: \u001b[0mSuccessfully set link from path \u001b[0m\r\n" ]
[ 8.20452, "o", "- \u001b[32mI\u001b[0m\u001b[32m|env: \u001b[0mSuccessfully set mawk=v0.0.1 in the current environment.\u001b[0m\r\n" ]
[ 8.27032, "o", "- \u001b[32mI\u001b[0m\u001b[32m|env: \u001b[0mConfig file updated to /root/.x-cmd.root/local/data/env/version\u001b[0m\r\n" ]
[ 8.27039, "o", "\u001b[1m\u001b[7m#\u001b[27m\u001b[1m\u001b[0m                                                                                                   \r \r" ]
[ 8.27050, "o", "\r\u001b[0m\u001b[27m\u001b[24m\u001b[J\r\n\u001b[19491001\u001b[1;35m> \u001b[20210325\u001b[0m\u001b[K\u001b[?2004h" ]
[ 9.06489, "o", "#\b# R" ]
[ 9.11738, "o", "e" ]
[ 9.16921, "o", "a" ]
[ 9.22140, "o", "d" ]
[ 9.27329, "o", "s" ]
[ 9.32525, "o", " " ]
[ 9.37742, "o", "t" ]
[ 9.42943, "o", "h" ]
[ 9.48171, "o", "e" ]
[ 9.53434, "o", " " ]
[ 9.58648, "o", "d" ]
[ 9.63922, "o", "a" ]
[ 9.69120, "o", "t" ]
[ 9.74402, "o", "a" ]
[ 9.79702, "o", " " ]
[ 9.84954, "o", "f" ]
[ 9.90123, "o", "r" ]
[ 9.95340, "o", "o" ]
[ 10.00531, "o", "m" ]
[ 10.05739, "o", " " ]
[ 10.10947, "o", "t" ]
[ 10.16261, "o", "h" ]
[ 10.21534, "o", "e" ]
[ 10.26729, "o", " " ]
[ 10.31907, "o", "f" ]
[ 10.37094, "o", "i" ]
[ 10.42301, "o", "l" ]
[ 10.47474, "o", "e" ]
[ 10.52706, "o", " " ]
[ 10.57906, "o", "a" ]
[ 10.63161, "o", "n" ]
[ 10.68403, "o", "d" ]
[ 10.73602, "o", " " ]
[ 10.78806, "o", "o" ]
[ 10.84089, "o", "u" ]
[ 10.89323, "o", "t" ]
[ 10.94524, "o", "p" ]
[ 10.99712, "o", "u" ]
[ 11.04920, "o", "t" ]
[ 11.10100, "o", "s" ]
[ 11.15323, "o", " " ]
[ 11.20596, "o", "s" ]
[ 11.25842, "o", "t" ]
[ 11.31017, "o", "d" ]
[ 11.36224, "o", "o" ]
[ 11.41460, "o", "u" ]
[ 11.46681, "o", "t" ]
[ 11.51903, "o", "\u001b[?2004l\r\r\n" ]
[ 11.51909, "o", "\u001b[1m\u001b[7m#\u001b[27m\u001b[1m\u001b[0m                                                                                                   \r \r\r\u001b[0m\u001b[27m\u001b[24m\u001b[J\r\n\u001b[19491001\u001b[1;35m> \u001b[20210325\u001b[0m\u001b[K\u001b[?2004h" ]
[ 13.02307, "o", "<" ]
[ 13.07501, "o", "\b< " ]
[ 13.12673, "o", "d" ]
[ 13.17844, "o", "a" ]
[ 13.23025, "o", "t" ]
[ 13.28255, "o", "a" ]
[ 13.33423, "o", "." ]
[ 13.38629, "o", "t" ]
[ 13.43800, "o", "x" ]
[ 13.49067, "o", "t" ]
[ 13.54347, "o", " " ]
[ 13.59666, "o", "m" ]
[ 13.64945, "o", "a" ]
[ 13.70115, "o", "w" ]
[ 13.75296, "o", "k" ]
[ 13.80489, "o", " " ]
[ 13.85763, "o", "'" ]
[ 13.91054, "o", "{" ]
[ 13.96255, "o", " " ]
[ 14.01440, "o", "p" ]
[ 14.06712, "o", "r" ]
[ 14.11931, "o", "i" ]
[ 14.17102, "o", "n" ]
[ 14.22429, "o", "t" ]
[ 14.27653, "o", " " ]
[ 14.32862, "o", "$" ]
[ 14.38028, "o", "0" ]
[ 14.43244, "o", " " ]
[ 14.48457, "o", "}" ]
[ 14.53649, "o", "'" ]
[ 14.79061, "o", "\u001b[?2004l\r\r\n" ]
[ 14.79181, "o", "ID  name    gender  age  email          phone\r\n1   Bob     male    28   abc@qq.com     18023394012\r\n2   Alice   female  24   def@gmail.com  18084925203\r\n3   Tony    male    21   aaa@163.com    17048792503\r\n4   Kevin   male    21   bbb@189.com    17023929033\r\n5   Alex    male    18   ccc@xyz.com    18185904230\r\n6   Andy    female  22   ddd@139.com    18923902352\r\n7   Jerry   female  25   exdsa@189.com  18785234906\r\n8   Peter   male    20   bax@qq.com     17729348758\r\n9   Steven  female  23   bc@sohu.com    15947893212\r\n10  Bruce   female  27   bcbd@139.com   13942943905\r\n" ]
[ 14.79205, "o", "\u001b[1m\u001b[7m#\u001b[27m\u001b[1m\u001b[0m                                                                                                   \r \r\r\u001b[0m\u001b[27m\u001b[24m\u001b[J\r\n\u001b[19491001\u001b[1;35m> \u001b[20210325\u001b[0m\u001b[K\u001b[?2004h" ]
[ 16.79279, "o", "#\b# " ]
[ 16.79292, "o", "W" ]
[ 16.84455, "o", "o" ]
[ 16.89630, "o", "r" ]
[ 16.94821, "o", "k" ]
[ 16.99996, "o", " " ]
[ 17.05168, "o", "w" ]
[ 17.10346, "o", "i" ]
[ 17.15604, "o", "t" ]
[ 17.20796, "o", "h" ]
[ 17.26004, "o", " " ]
[ 17.31223, "o", "d" ]
[ 17.36413, "o", "a" ]
[ 17.41628, "o", "t" ]
[ 17.46850, "o", "a" ]
[ 17.52053, "o", " " ]
[ 17.57274, "o", "u" ]
[ 17.62461, "o", "s" ]
[ 17.67662, "o", "i" ]
[ 17.72841, "o", "n" ]
[ 17.78012, "o", "g" ]
[ 17.83182, "o", " " ]
[ 17.88366, "o", "d" ]
[ 17.93550, "o", "e" ]
[ 17.98796, "o", "l" ]
[ 18.04095, "o", "i" ]
[ 18.09488, "o", "m" ]
[ 18.14744, "o", "i" ]
[ 18.19913, "o", "t" ]
[ 18.25090, "o", "e" ]
[ 18.30275, "o", "d" ]
[ 18.35520, "o", " " ]
[ 18.40832, "o", "s" ]
[ 18.46114, "o", "y" ]
[ 18.51399, "o", "m" ]
[ 18.56634, "o", "b" ]
[ 18.61810, "o", "o" ]
[ 18.67007, "o", "l" ]
[ 18.72229, "o", "s" ]
[ 18.77473, "o", "\u001b[?2004l\r\r\n" ]
