{"version":2,"width":100,"height":26,"timestamp":1689583542,"env":{"SHELL":"","TERM":"xterm"}}
[ 0.00000, "o", "" ]
[ 0.14303, "o", "\u001b[19491001\u001b[1;35m> \u001b[20210325\u001b[0m\u001b[K\u001b[?2004h" ]
[ 0.37317, "o", "#" ]
[ 0.37331, "o", "\b# " ]
[ 0.37341, "o", "U" ]
[ 0.42483, "o", "s" ]
[ 0.47702, "o", "e" ]
[ 0.52885, "o", " " ]
[ 0.58067, "o", "t" ]
[ 0.63231, "o", "h" ]
[ 0.68409, "o", "e" ]
[ 0.73660, "o", " " ]
[ 0.78835, "o", "`" ]
[ 0.84016, "o", "x" ]
[ 0.89194, "o", " " ]
[ 0.94397, "o", "m" ]
[ 0.99592, "o", "o" ]
[ 1.04808, "o", "s" ]
[ 1.10033, "o", "q" ]
[ 1.15236, "o", "u" ]
[ 1.20437, "o", "i" ]
[ 1.25615, "o", "t" ]
[ 1.30826, "o", "t" ]
[ 1.36021, "o", "o" ]
[ 1.41228, "o", "`" ]
[ 1.46397, "o", " " ]
[ 1.51590, "o", "c" ]
[ 1.56774, "o", "o" ]
[ 1.61999, "o", "m" ]
[ 1.67202, "o", "m" ]
[ 1.72386, "o", "a" ]
[ 1.77573, "o", "n" ]
[ 1.82748, "o", "d" ]
[ 1.87962, "o", " " ]
[ 1.93177, "o", "f" ]
[ 1.98368, "o", "o" ]
[ 2.03545, "o", "r" ]
[ 2.08728, "o", "m" ]
[ 2.13900, "o", "a" ]
[ 2.19114, "o", "t" ]
[ 2.24316, "o", " " ]
[ 2.29476, "o", "t" ]
[ 2.34705, "o", "o" ]
[ 2.39913, "o", " " ]
[ 2.45127, "o", "q" ]
[ 2.50330, "o", "u" ]
[ 2.55516, "o", "i" ]
[ 2.60683, "o", "c" ]
[ 2.65876, "o", "k" ]
[ 2.71074, "o", "l" ]
[ 2.76254, "o", "y" ]
[ 2.81455, "o", " " ]
[ 2.86646, "o", "u" ]
[ 2.91839, "o", "s" ]
[ 2.97018, "o", "e" ]
[ 3.02208, "o", " " ]
[ 3.07386, "o", "t" ]
[ 3.12586, "o", "h" ]
[ 3.17787, "o", "e" ]
[ 3.22958, "o", " " ]
[ 3.28192, "o", "`" ]
[ 3.33416, "o", "m" ]
[ 3.38609, "o", "o" ]
[ 3.43798, "o", "s" ]
[ 3.48988, "o", "q" ]
[ 3.54210, "o", "u" ]
[ 3.59399, "o", "i" ]
[ 3.64621, "o", "t" ]
[ 3.69811, "o", "t" ]
[ 3.75026, "o", "o" ]
[ 3.80239, "o", "`" ]
[ 3.85404, "o", " " ]
[ 3.90598, "o", "c" ]
[ 3.95776, "o", "o" ]
[ 4.00983, "o", "m" ]
[ 4.06164, "o", "m" ]
[ 4.11350, "o", "a" ]
[ 4.16543, "o", "n" ]
[ 4.21724, "o", "d" ]
[ 4.26912, "o", "\u001b[?2004l\r\r\n" ]
[ 4.26925, "o", "\u001b[1m\u001b[7m#\u001b[27m\u001b[1m\u001b[0m                                                                                                   \r \r\r\u001b[0m\u001b[27m\u001b[24m\u001b[J\r\n\u001b[19491001\u001b[1;35m> \u001b[20210325\u001b[0m\u001b[K\u001b[?2004h" ]
[ 5.77289, "o", "x" ]
[ 5.82504, "o", "\bx " ]
[ 5.87701, "o", "m" ]
[ 5.92876, "o", "o" ]
[ 5.98057, "o", "s" ]
[ 6.03259, "o", "q" ]
[ 6.08432, "o", "u" ]
[ 6.13621, "o", "i" ]
[ 6.18805, "o", "t" ]
[ 6.24012, "o", "t" ]
[ 6.29230, "o", "o" ]
[ 6.34455, "o", " " ]
[ 6.39665, "o", "-" ]
[ 6.44837, "o", "h" ]
[ 6.50019, "o", " " ]
[ 6.55287, "o", "|" ]
[ 6.60464, "o", " " ]
[ 6.65680, "o", "h" ]
[ 6.70853, "o", "e" ]
[ 6.76037, "o", "a" ]
[ 6.81229, "o", "d" ]
[ 6.86424, "o", " " ]
[ 6.91602, "o", "-" ]
[ 6.96803, "o", "n" ]
[ 7.01982, "o", " " ]
[ 7.07214, "o", "4" ]
[ 7.32624, "o", "\u001b[?2004l\r\r\n" ]
[ 7.41617, "o", "mosquitto version 2.1.0\r\n\r\nmosquitto is an MQTT v5.0/v3.1.1/v3.1 broker.\r\n\r\n" ]
[ 7.41660, "o", "\u001b[1m\u001b[7m#\u001b[27m\u001b[1m\u001b[0m                                                                                                   \r \r" ]
[ 7.41668, "o", "\r\u001b[0m\u001b[27m\u001b[24m\u001b[J\r\n\u001b[19491001\u001b[1;35m> \u001b[20210325\u001b[0m\u001b[K\u001b[?2004h" ]
[ 8.32844, "o", "#\b# " ]
[ 8.32857, "o", "U" ]
[ 8.38022, "o", "s" ]
[ 8.43232, "o", "i" ]
[ 8.48438, "o", "n" ]
[ 8.53625, "o", "g" ]
[ 8.58810, "o", " " ]
[ 8.64035, "o", "`" ]
[ 8.69217, "o", "x" ]
[ 8.74416, "o", " " ]
[ 8.79589, "o", "e" ]
[ 8.84799, "o", "n" ]
[ 8.89980, "o", "v" ]
[ 8.95176, "o", " " ]
[ 9.00360, "o", "u" ]
[ 9.05534, "o", "s" ]
[ 9.10739, "o", "e" ]
[ 9.15953, "o", "`" ]
[ 9.21150, "o", " " ]
[ 9.26367, "o", "c" ]
[ 9.31602, "o", "a" ]
[ 9.36779, "o", "n" ]
[ 9.41997, "o", " " ]
[ 9.47174, "o", "a" ]
[ 9.52335, "o", "u" ]
[ 9.57540, "o", "t" ]
[ 9.62711, "o", "o" ]
[ 9.67963, "o", "m" ]
[ 9.73126, "o", "a" ]
[ 9.78340, "o", "t" ]
[ 9.83518, "o", "i" ]
[ 9.88692, "o", "c" ]
[ 9.93917, "o", "a" ]
[ 9.99093, "o", "l" ]
[ 10.04302, "o", "l" ]
[ 10.09482, "o", "y" ]
[ 10.14673, "o", " " ]
[ 10.19868, "o", "i" ]
[ 10.25085, "o", "n" ]
[ 10.30266, "o", "s" ]
[ 10.35475, "o", "t" ]
[ 10.40706, "o", "a" ]
[ 10.45906, "o", "l" ]
[ 10.51080, "o", "l" ]
[ 10.56277, "o", " " ]
[ 10.61460, "o", "a" ]
[ 10.66694, "o", "n" ]
[ 10.71910, "o", "d" ]
[ 10.77197, "o", " " ]
[ 10.82365, "o", "c" ]
[ 10.87600, "o", "o" ]
[ 10.92771, "o", "n" ]
[ 10.97997, "o", "f" ]
[ 11.03209, "o", "i" ]
[ 11.08393, "o", "g" ]
[ 11.13591, "o", "u" ]
[ 11.18761, "o", "r" ]
[ 11.23955, "o", "e" ]
[ 11.29135, "o", " " ]
[ 11.34316, "o", "c" ]
[ 11.39505, "o", "o" ]
[ 11.44694, "o", "r" ]
[ 11.49882, "o", "r" ]
[ 11.55054, "o", "e" ]
[ 11.60239, "o", "s" ]
[ 11.65438, "o", "p" ]
[ 11.70631, "o", "o" ]
[ 11.75809, "o", "n" ]
[ 11.80996, "o", "d" ]
[ 11.86164, "o", "i" ]
[ 11.91475, "o", "n" ]
[ 11.96676, "o", "g" ]
[ 12.01889, "o", " " ]
[ 12.07114, "o", "g" ]
[ 12.12307, "o", "l" ]
[ 12.17493, "o", "o" ]
[ 12.22663, "o", "b" ]
[ 12.27874, "o", "a" ]
[ 12.33067, "o", "l" ]
[ 12.38286, "o", " " ]
[ 12.43455, "o", "e" ]
[ 12.48664, "o", "n" ]
[ 12.53862, "o", "v" ]
[ 12.59042, "o", "i" ]
[ 12.64253, "o", "r" ]
[ 12.69437, "o", "o" ]
[ 12.74688, "o", "n" ]
[ 12.79883, "o", "m" ]
[ 12.85079, "o", "e" ]
[ 12.90267, "o", "n" ]
[ 12.95456, "o", "t" ]
[ 13.00667, "o", " " ]
[ 13.05841, "o", "v" ]
[ 13.11028, "o", "a" ]
[ 13.16216, "o", "r" ]
[ 13.21503, "o", "i" ]
[ 13.26691, "o", "a \r\u001b[K" ]
[ 13.31980, "o", "b" ]
[ 13.37195, "o", "\rbl" ]
[ 13.42393, "o", "e" ]
[ 13.47585, "o", "s" ]
[ 13.52770, "o", "\u001b[?2004l\r\r\n" ]
[ 13.52798, "o", "\u001b[1m\u001b[7m#\u001b[27m\u001b[1m\u001b[0m                                                                                                   \r \r\r\u001b[0m\u001b[27m\u001b[24m\u001b[J\r\n\u001b[19491001\u001b[1;35m> \u001b[20210325\u001b[0m\u001b[K\u001b[?2004h" ]
[ 15.03143, "o", "x" ]
[ 15.08330, "o", "\bx " ]
[ 15.13576, "o", "e" ]
[ 15.18748, "o", "n" ]
[ 15.23934, "o", "v" ]
[ 15.29127, "o", " " ]
[ 15.34343, "o", "u" ]
[ 15.39524, "o", "s" ]
[ 15.44700, "o", "e" ]
[ 15.49878, "o", " " ]
[ 15.55048, "o", "m" ]
[ 15.60231, "o", "o" ]
[ 15.65404, "o", "s" ]
[ 15.70605, "o", "q" ]
[ 15.75777, "o", "u" ]
[ 15.80975, "o", "i" ]
[ 15.86155, "o", "t" ]
[ 15.91372, "o", "t" ]
[ 15.96625, "o", "o" ]
[ 16.21989, "o", "\u001b[?2004l\r\r\n" ]
[ 16.35577, "o", "- \u001b[32mI\u001b[0m\u001b[32m|pkg: \u001b[0mSuccessfully set link from path \u001b[0m\r\n" ]
[ 16.38223, "o", "- \u001b[32mI\u001b[0m\u001b[32m|env: \u001b[0mSuccessfully set mosquitto=v0.0.1 in the current environment.\u001b[0m\r\n" ]
[ 16.44712, "o", "- \u001b[32mI\u001b[0m\u001b[32m|env: \u001b[0mConfig file updated to /root/.x-cmd.root/local/data/env/version\u001b[0m\r\n" ]
[ 16.44729, "o", "\u001b[1m\u001b[7m#\u001b[27m\u001b[1m\u001b[0m                                                                                                   \r \r\r\u001b[0m\u001b[27m\u001b[24m\u001b[J\r\n\u001b[19491001\u001b[1;35m> \u001b[20210325\u001b[0m\u001b[K\u001b[?2004h" ]
[ 18.22266, "o", "#\b# " ]
[ 18.22278, "o", "S" ]
[ 18.27508, "o", "t" ]
[ 18.32708, "o", "a" ]
[ 18.37891, "o", "r" ]
[ 18.43070, "o", "t" ]
[ 18.48252, "o", " " ]
[ 18.53431, "o", "t" ]
[ 18.58611, "o", "h" ]
[ 18.63819, "o", "e" ]
[ 18.69037, "o", " " ]
[ 18.74212, "o", "m" ]
[ 18.79409, "o", "o" ]
[ 18.84590, "o", "s" ]
[ 18.89881, "o", "q" ]
[ 18.95096, "o", "u" ]
[ 19.00340, "o", "i" ]
[ 19.05522, "o", "t" ]
[ 19.10750, "o", "t" ]
[ 19.15955, "o", "o" ]
[ 19.21125, "o", " " ]
[ 19.26309, "o", "s" ]
[ 19.31491, "o", "e" ]
[ 19.36699, "o", "r" ]
[ 19.41877, "o", "v" ]
[ 19.47078, "o", "e" ]
[ 19.52293, "o", "r" ]
[ 19.57465, "o", "\u001b[?2004l\r\r\n" ]
