{"version":2,"width":100,"height":26,"timestamp":1689847813,"env":{"SHELL":"","TERM":"xterm"}}
[ 0.00000, "o", "" ]
[ 0.15875, "o", "\u001b[19491001\u001b[1;35m> \u001b[20210325\u001b[0m\u001b[K\u001b[?2004h" ]
[ 0.41014, "o", "#" ]
[ 0.41030, "o", "\b# " ]
[ 0.41048, "o", "U" ]
[ 0.46198, "o", "s" ]
[ 0.51359, "o", "e" ]
[ 0.56588, "o", " " ]
[ 0.61795, "o", "t" ]
[ 0.67019, "o", "h" ]
[ 0.72270, "o", "e" ]
[ 0.77468, "o", " " ]
[ 0.82916, "o", "`" ]
[ 0.88129, "o", "x" ]
[ 0.93297, "o", " " ]
[ 0.98562, "o", "n" ]
[ 1.03964, "o", "o" ]
[ 1.09240, "o", "d" ]
[ 1.14413, "o", "e" ]
[ 1.19663, "o", "`" ]
[ 1.24850, "o", " " ]
[ 1.30060, "o", "c" ]
[ 1.35299, "o", "o" ]
[ 1.40535, "o", "m" ]
[ 1.45720, "o", "m" ]
[ 1.50946, "o", "a" ]
[ 1.56171, "o", "n" ]
[ 1.61397, "o", "d" ]
[ 1.66624, "o", " " ]
[ 1.71802, "o", "f" ]
[ 1.76990, "o", "o" ]
[ 1.82205, "o", "r" ]
[ 1.87431, "o", "m" ]
[ 1.92659, "o", "a" ]
[ 1.97894, "o", "t" ]
[ 2.03133, "o", " " ]
[ 2.08350, "o", "t" ]
[ 2.13580, "o", "o" ]
[ 2.18808, "o", " " ]
[ 2.24032, "o", "q" ]
[ 2.29225, "o", "u" ]
[ 2.34432, "o", "i" ]
[ 2.39648, "o", "c" ]
[ 2.44876, "o", "k" ]
[ 2.50107, "o", "l" ]
[ 2.55295, "o", "y" ]
[ 2.60509, "o", " " ]
[ 2.65690, "o", "u" ]
[ 2.70913, "o", "s" ]
[ 2.76118, "o", "e" ]
[ 2.81319, "o", " " ]
[ 2.86570, "o", "t" ]
[ 2.91787, "o", "h" ]
[ 2.96987, "o", "e" ]
[ 3.02186, "o", " " ]
[ 3.07396, "o", "`" ]
[ 3.12586, "o", "n" ]
[ 3.17805, "o", "o" ]
[ 3.22992, "o", "d" ]
[ 3.28200, "o", "e" ]
[ 3.33434, "o", "`" ]
[ 3.38674, "o", " " ]
[ 3.43895, "o", "c" ]
[ 3.49082, "o", "o" ]
[ 3.54310, "o", "m" ]
[ 3.59516, "o", "m" ]
[ 3.64744, "o", "a" ]
[ 3.69968, "o", "n" ]
[ 3.75171, "o", "d" ]
[ 3.80433, "o", "\u001b[?2004l\r\r\n" ]
[ 3.80447, "o", "\u001b[1m\u001b[7m#\u001b[27m\u001b[1m\u001b[0m                                                                                                   \r \r" ]
[ 3.80462, "o", "\r\u001b[0m\u001b[27m\u001b[24m\u001b[J\r\n\u001b[19491001\u001b[1;35m> \u001b[20210325\u001b[0m\u001b[K\u001b[?2004h" ]
[ 5.30845, "o", "x" ]
[ 5.36037, "o", "\bx " ]
[ 5.41281, "o", "n" ]
[ 5.46503, "o", "o" ]
[ 5.51697, "o", "d" ]
[ 5.56927, "o", "e" ]
[ 5.62143, "o", " " ]
[ 5.67384, "o", "-" ]
[ 5.72578, "o", "-" ]
[ 5.77811, "o", "v" ]
[ 5.82993, "o", "e" ]
[ 5.88235, "o", "r" ]
[ 5.93495, "o", "s" ]
[ 5.98751, "o", "i" ]
[ 6.03970, "o", "o" ]
[ 6.09176, "o", "n" ]
[ 6.34597, "o", "\u001b[?2004l\r\r\n" ]
[ 6.37999, "o", "v18.4.0\r\n" ]
[ 6.38240, "o", "\u001b[1m\u001b[7m#\u001b[27m\u001b[1m\u001b[0m                                                                                                   \r \r\r\u001b[0m\u001b[27m\u001b[24m\u001b[J\r\n\u001b[19491001\u001b[1;35m> \u001b[20210325\u001b[0m\u001b[K" ]
[ 6.38253, "o", "\u001b[?2004h" ]
[ 8.34825, "o", "#\b# U" ]
[ 8.40048, "o", "s" ]
[ 8.45308, "o", "i" ]
[ 8.50575, "o", "n" ]
[ 8.55811, "o", "g" ]
[ 8.61010, "o", " " ]
[ 8.66311, "o", "`" ]
[ 8.71493, "o", "x" ]
[ 8.76689, "o", " " ]
[ 8.81942, "o", "e" ]
[ 8.87205, "o", "n" ]
[ 8.92394, "o", "v" ]
[ 8.97624, "o", " " ]
[ 9.02786, "o", "u" ]
[ 9.08023, "o", "s" ]
[ 9.13244, "o", "e" ]
[ 9.18491, "o", "`" ]
[ 9.23719, "o", " " ]
[ 9.28899, "o", "c" ]
[ 9.34091, "o", "a" ]
[ 9.39337, "o", "n" ]
[ 9.44571, "o", " " ]
[ 9.49778, "o", "a" ]
[ 9.55044, "o", "u" ]
[ 9.60315, "o", "t" ]
[ 9.65536, "o", "o" ]
[ 9.70770, "o", "m" ]
[ 9.75955, "o", "a" ]
[ 9.81174, "o", "t" ]
[ 9.86380, "o", "i" ]
[ 9.91599, "o", "c" ]
[ 9.96883, "o", "a" ]
[ 10.02124, "o", "l" ]
[ 10.07330, "o", "l" ]
[ 10.12582, "o", "y" ]
[ 10.17797, "o", " " ]
[ 10.22996, "o", "i" ]
[ 10.28255, "o", "n" ]
[ 10.33563, "o", "s" ]
[ 10.38794, "o", "t" ]
[ 10.43981, "o", "a" ]
[ 10.49196, "o", "l" ]
[ 10.54398, "o", "l" ]
[ 10.59582, "o", " " ]
[ 10.64809, "o", "a" ]
[ 10.70050, "o", "n" ]
[ 10.75313, "o", "d" ]
[ 10.80488, "o", " " ]
[ 10.85710, "o", "c" ]
[ 10.90918, "o", "o" ]
[ 10.96127, "o", "n" ]
[ 11.01351, "o", "f" ]
[ 11.06536, "o", "i" ]
[ 11.11767, "o", "g" ]
[ 11.16947, "o", "u" ]
[ 11.22122, "o", "r" ]
[ 11.27308, "o", "e" ]
[ 11.32539, "o", " " ]
[ 11.37748, "o", "c" ]
[ 11.43000, "o", "o" ]
[ 11.48232, "o", "r" ]
[ 11.53493, "o", "r" ]
[ 11.58719, "o", "e" ]
[ 11.63889, "o", "s" ]
[ 11.69090, "o", "p" ]
[ 11.74263, "o", "o" ]
[ 11.79500, "o", "n" ]
[ 11.84730, "o", "d" ]
[ 11.89972, "o", "i" ]
[ 11.95180, "o", "n" ]
[ 12.00408, "o", "g" ]
[ 12.05619, "o", " " ]
[ 12.10827, "o", "g" ]
[ 12.16030, "o", "l" ]
[ 12.21213, "o", "o" ]
[ 12.26424, "o", "b" ]
[ 12.31662, "o", "a" ]
[ 12.36863, "o", "l" ]
[ 12.42150, "o", " " ]
[ 12.47347, "o", "e" ]
[ 12.52576, "o", "n" ]
[ 12.57753, "o", "v" ]
[ 12.62990, "o", "i" ]
[ 12.68229, "o", "r" ]
[ 12.73460, "o", "o" ]
[ 12.78684, "o", "n" ]
[ 12.83873, "o", "m" ]
[ 12.89102, "o", "e" ]
[ 12.94333, "o", "n" ]
[ 12.99570, "o", "t" ]
[ 13.04776, "o", " " ]
[ 13.09955, "o", "v" ]
[ 13.15171, "o", "a" ]
[ 13.20414, "o", "r" ]
[ 13.25634, "o", "i" ]
[ 13.30848, "o", "a \r\u001b[K" ]
[ 13.36030, "o", "b" ]
[ 13.41219, "o", "\rbl" ]
[ 13.46441, "o", "e" ]
[ 13.51632, "o", "s" ]
[ 13.56843, "o", "\u001b[?2004l\r\r\n" ]
[ 13.56865, "o", "\u001b[1m\u001b[7m#\u001b[27m\u001b[1m\u001b[0m                                                                                                   \r \r\r\u001b[0m\u001b[27m\u001b[24m\u001b[J\r\n\u001b[19491001\u001b[1;35m> \u001b[20210325\u001b[0m\u001b[K\u001b[?2004h" ]
[ 15.07232, "o", "x" ]
[ 15.12438, "o", "\bx " ]
[ 15.17611, "o", "e" ]
[ 15.22836, "o", "n" ]
[ 15.28015, "o", "v" ]
[ 15.33254, "o", " " ]
[ 15.38490, "o", "u" ]
[ 15.43712, "o", "s" ]
[ 15.48932, "o", "e" ]
[ 15.54134, "o", " " ]
[ 15.59349, "o", "n" ]
[ 15.64511, "o", "o" ]
[ 15.69748, "o", "d" ]
[ 15.74979, "o", "e" ]
[ 16.00378, "o", "\u001b[?2004l\r\r\n" ]
[ 16.88671, "o", "- \u001b[32mI\u001b[0m\u001b[32m|pkg: \u001b[0mSuccessfully set link from path \u001b[0m\r\n" ]
[ 16.91138, "o", "- \u001b[1;33m\u001b[7mW\u001b[0m\u001b[1;33m|pkg: Other sessions need to boot  'x env boot node v18.4.0' \u001b[0m\r\n" ]
[ 16.91167, "o", "- \u001b[32mI\u001b[0m\u001b[32m|env: \u001b[0mSuccessfully set node=v18.4.0 in the current environment.\u001b[0m\r\n" ]
[ 16.98503, "o", "- \u001b[32mI\u001b[0m\u001b[32m|env: \u001b[0mConfig file updated to /root/.x-cmd.root/local/data/env/version\u001b[0m\r\n" ]
[ 16.98529, "o", "\u001b[1m\u001b[7m#\u001b[27m\u001b[1m\u001b[0m                                                                                                   \r \r\r\u001b[0m\u001b[27m\u001b[24m\u001b[J\r\n\u001b[19491001\u001b[1;35m> \u001b[20210325\u001b[0m\u001b[K\u001b[?2004h" ]
[ 18.00631, "o", "#\b# R" ]
[ 18.05899, "o", "u" ]
[ 18.11091, "o", "n" ]
[ 18.16305, "o", " " ]
[ 18.21510, "o", "n" ]
[ 18.26725, "o", "o" ]
[ 18.31918, "o", "d" ]
[ 18.37161, "o", "e" ]
[ 18.42400, "o", " " ]
[ 18.47578, "o", "s" ]
[ 18.52791, "o", "c" ]
[ 18.57993, "o", "r" ]
[ 18.63207, "o", "i" ]
[ 18.68520, "o", "p" ]
[ 18.73755, "o", "t" ]
[ 18.78993, "o", "\u001b[?2004l\r\r\n" ]
[ 18.79023, "o", "\u001b[1m\u001b[7m#\u001b[27m\u001b[1m\u001b[0m                                                                                                   \r \r\r\u001b[0m\u001b[27m\u001b[24m\u001b[J\r\n\u001b[19491001\u001b[1;35m> \u001b[20210325\u001b[0m\u001b[K\u001b[?2004h" ]
[ 20.29439, "o", "x" ]
[ 20.34675, "o", "\bx " ]
[ 20.39866, "o", "c" ]
[ 20.45086, "o", "a" ]
[ 20.50305, "o", "t" ]
[ 20.55488, "o", " " ]
[ 20.60681, "o", "h" ]
[ 20.65963, "o", "e" ]
[ 20.71242, "o", "l" ]
[ 20.76522, "o", "l" ]
[ 20.81787, "o", "o" ]
[ 20.87036, "o", "-" ]
[ 20.92304, "o", "w" ]
[ 20.97489, "o", "o" ]
[ 21.02756, "o", "r" ]
[ 21.07951, "o", "l" ]
[ 21.13203, "o", "d" ]
[ 21.18441, "o", "." ]
[ 21.23631, "o", "j" ]
[ 21.28818, "o", "s" ]
[ 21.54222, "o", "\u001b[?2004l\r\r\n" ]
