{"version":2,"width":100,"height":26,"timestamp":1689928342,"env":{"SHELL":"","TERM":"xterm"}}
[ 0.00000, "o", "" ]
[ 0.18519, "o", "\u001b[19491001\u001b[1;35m> \u001b[20210325\u001b[0m\u001b[K\u001b[?2004h" ]
[ 1.39354, "o", "#" ]
[ 1.39372, "o", "\b# U" ]
[ 1.44553, "o", "s" ]
[ 1.49728, "o", "e" ]
[ 1.54911, "o", " " ]
[ 1.60094, "o", "t" ]
[ 1.65267, "o", "h" ]
[ 1.70453, "o", "e" ]
[ 1.75647, "o", " " ]
[ 1.80911, "o", "`" ]
[ 1.86084, "o", "x" ]
[ 1.91267, "o", " " ]
[ 1.96457, "o", "n" ]
[ 2.01652, "o", "p" ]
[ 2.06885, "o", "i" ]
[ 2.12114, "o", "n" ]
[ 2.17353, "o", "g" ]
[ 2.22614, "o", "`" ]
[ 2.27841, "o", " " ]
[ 2.33028, "o", "c" ]
[ 2.38215, "o", "o" ]
[ 2.43420, "o", "m" ]
[ 2.48609, "o", "m" ]
[ 2.53819, "o", "a" ]
[ 2.59027, "o", "n" ]
[ 2.64223, "o", "d" ]
[ 2.69401, "o", " " ]
[ 2.74576, "o", "f" ]
[ 2.79773, "o", "o" ]
[ 2.84963, "o", "r" ]
[ 2.90134, "o", "m" ]
[ 2.95331, "o", "a" ]
[ 3.00581, "o", "t" ]
[ 3.05792, "o", " " ]
[ 3.11009, "o", "t" ]
[ 3.16230, "o", "o" ]
[ 3.21409, "o", " " ]
[ 3.26611, "o", "q" ]
[ 3.31808, "o", "u" ]
[ 3.37032, "o", "i" ]
[ 3.42205, "o", "c" ]
[ 3.47431, "o", "k" ]
[ 3.52618, "o", "l" ]
[ 3.57797, "o", "y" ]
[ 3.62994, "o", " " ]
[ 3.68174, "o", "u" ]
[ 3.73363, "o", "s" ]
[ 3.78542, "o", "e" ]
[ 3.83748, "o", " " ]
[ 3.88936, "o", "t" ]
[ 3.94230, "o", "h" ]
[ 3.99432, "o", "e" ]
[ 4.04625, "o", " " ]
[ 4.09805, "o", "`" ]
[ 4.14990, "o", "n" ]
[ 4.20216, "o", "p" ]
[ 4.25416, "o", "i" ]
[ 4.30639, "o", "n" ]
[ 4.35851, "o", "g" ]
[ 4.41051, "o", "`" ]
[ 4.46234, "o", " " ]
[ 4.51417, "o", "c" ]
[ 4.56619, "o", "o" ]
[ 4.61797, "o", "m" ]
[ 4.66991, "o", "m" ]
[ 4.72166, "o", "a" ]
[ 4.77365, "o", "n" ]
[ 4.82557, "o", "d" ]
[ 4.87753, "o", "\u001b[?2004l\r\r\n\u001b[1m\u001b[7m#\u001b[27m\u001b[1m\u001b[0m                                                                                                   \r \r" ]
[ 4.87765, "o", "\r\u001b[0m\u001b[27m\u001b[24m\u001b[J\r\n\u001b[19491001\u001b[1;35m> \u001b[20210325\u001b[0m\u001b[K\u001b[?2004h" ]
[ 5.39914, "o", "x" ]
[ 5.45094, "o", "\bx " ]
[ 5.50284, "o", "n" ]
[ 5.55468, "o", "p" ]
[ 5.60717, "o", "i" ]
[ 5.65895, "o", "n" ]
[ 5.71087, "o", "g" ]
[ 5.76289, "o", " " ]
[ 5.81467, "o", "-" ]
[ 5.86662, "o", "-" ]
[ 5.91848, "o", "v" ]
[ 5.97034, "o", "e" ]
[ 6.02228, "o", "r" ]
[ 6.07444, "o", "s" ]
[ 6.12635, "o", "i" ]
[ 6.17839, "o", "o" ]
[ 6.23024, "o", "n" ]
[ 6.48400, "o", "\u001b[?2004l\r\r\n" ]
[ 6.57181, "o", "\r\nNping version 0.7.92 ( https://nmap.org/nping )\r\n" ]
[ 6.57218, "o", "\u001b[1m\u001b[7m#\u001b[27m\u001b[1m\u001b[0m                                                                                                   \r \r" ]
[ 6.57221, "o", "\r\u001b[0m\u001b[27m\u001b[24m\u001b[J\r\n\u001b[19491001\u001b[1;35m> \u001b[20210325\u001b[0m\u001b[K\u001b[?2004h" ]
[ 8.40374, "o", "#\b# " ]
[ 8.40391, "o", "U" ]
[ 8.45567, "o", "s" ]
[ 8.50749, "o", "i" ]
[ 8.55967, "o", "n" ]
[ 8.61162, "o", "g" ]
[ 8.66391, "o", " " ]
[ 8.71586, "o", "`" ]
[ 8.76771, "o", "x" ]
[ 8.81978, "o", " " ]
[ 8.87163, "o", "e" ]
[ 8.92381, "o", "n" ]
[ 8.97574, "o", "v" ]
[ 9.02770, "o", " " ]
[ 9.07971, "o", "u" ]
[ 9.13156, "o", "s" ]
[ 9.18350, "o", "e" ]
[ 9.23539, "o", "`" ]
[ 9.28735, "o", " " ]
[ 9.33933, "o", "c" ]
[ 9.39124, "o", "a" ]
[ 9.44317, "o", "n" ]
[ 9.49521, "o", " " ]
[ 9.54705, "o", "a" ]
[ 9.59895, "o", "u" ]
[ 9.65081, "o", "t" ]
[ 9.70270, "o", "o" ]
[ 9.75468, "o", "m" ]
[ 9.80669, "o", "a" ]
[ 9.85913, "o", "t" ]
[ 9.91087, "o", "i" ]
[ 9.96274, "o", "c" ]
[ 10.01464, "o", "a" ]
[ 10.06651, "o", "l" ]
[ 10.11830, "o", "l" ]
[ 10.17010, "o", "y" ]
[ 10.22221, "o", " " ]
[ 10.27400, "o", "i" ]
[ 10.32588, "o", "n" ]
[ 10.37785, "o", "s" ]
[ 10.43008, "o", "t" ]
[ 10.48214, "o", "a" ]
[ 10.53398, "o", "l" ]
[ 10.58595, "o", "l" ]
[ 10.63781, "o", " " ]
[ 10.68988, "o", "a" ]
[ 10.74190, "o", "n" ]
[ 10.79421, "o", "d" ]
[ 10.84608, "o", " " ]
[ 10.89809, "o", "c" ]
[ 10.94990, "o", "o" ]
[ 11.00171, "o", "n" ]
[ 11.05352, "o", "f" ]
[ 11.10556, "o", "i" ]
[ 11.15758, "o", "g" ]
[ 11.20948, "o", "u" ]
[ 11.26136, "o", "r" ]
[ 11.31316, "o", "e" ]
[ 11.36493, "o", " " ]
[ 11.41677, "o", "c" ]
[ 11.46886, "o", "o" ]
[ 11.52116, "o", "r" ]
[ 11.57304, "o", "r" ]
[ 11.62521, "o", "e" ]
[ 11.67730, "o", "s" ]
[ 11.72907, "o", "p" ]
[ 11.78103, "o", "o" ]
[ 11.83274, "o", "n" ]
[ 11.88464, "o", "d" ]
[ 11.93643, "o", "i" ]
[ 11.98849, "o", "n" ]
[ 12.04062, "o", "g" ]
[ 12.09277, "o", " " ]
[ 12.14459, "o", "g" ]
[ 12.19638, "o", "l" ]
[ 12.24850, "o", "o" ]
[ 12.30033, "o", "b" ]
[ 12.35224, "o", "a" ]
[ 12.40436, "o", "l" ]
[ 12.45656, "o", " " ]
[ 12.50845, "o", "e" ]
[ 12.56074, "o", "n" ]
[ 12.61259, "o", "v" ]
[ 12.66445, "o", "i" ]
[ 12.71634, "o", "r" ]
[ 12.76814, "o", "o" ]
[ 12.82023, "o", "n" ]
[ 12.87279, "o", "m" ]
[ 12.92499, "o", "e" ]
[ 12.97686, "o", "n" ]
[ 13.02876, "o", "t" ]
[ 13.08075, "o", " " ]
[ 13.13256, "o", "v" ]
[ 13.18462, "o", "a" ]
[ 13.23642, "o", "r" ]
[ 13.28878, "o", "i" ]
[ 13.34064, "o", "a \r\u001b[K" ]
[ 13.39270, "o", "b" ]
[ 13.44454, "o", "\rbl" ]
[ 13.49645, "o", "e" ]
[ 13.54841, "o", "s" ]
[ 13.60047, "o", "\u001b[?2004l\r\r\n" ]
[ 13.60066, "o", "\u001b[1m\u001b[7m#\u001b[27m\u001b[1m\u001b[0m                                                                                                   \r \r\r\u001b[0m\u001b[27m\u001b[24m\u001b[J\r\n\u001b[19491001\u001b[1;35m> \u001b[20210325\u001b[0m\u001b[K\u001b[?2004h" ]
[ 14.10306, "o", "x" ]
[ 14.15510, "o", "\bx " ]
[ 14.20760, "o", "e" ]
[ 14.26049, "o", "n" ]
[ 14.31230, "o", "v" ]
[ 14.36429, "o", " " ]
[ 14.41606, "o", "u" ]
[ 14.46798, "o", "s" ]
[ 14.52002, "o", "e" ]
[ 14.57234, "o", " " ]
[ 14.62427, "o", "n" ]
[ 14.67625, "o", "p" ]
[ 14.72845, "o", "i" ]
[ 14.78025, "o", "n" ]
[ 14.83227, "o", "g" ]
[ 15.08607, "o", "\u001b[?2004l\r\r\n" ]
[ 15.18571, "o", "- \u001b[32mI\u001b[0m\u001b[32m|pkg: \u001b[0mSuccessfully set link from path \u001b[0m\r\n" ]
[ 15.21206, "o", "- \u001b[32mI\u001b[0m\u001b[32m|env: \u001b[0mSuccessfully set nping=v0.0.1 in the current environment.\u001b[0m\r\n" ]
[ 15.28735, "o", "- \u001b[32mI\u001b[0m\u001b[32m|env: \u001b[0mConfig file updated to /root/.x-cmd.root/local/data/env/version\u001b[0m\r\n" ]
[ 15.28755, "o", "\u001b[1m\u001b[7m#\u001b[27m\u001b[1m\u001b[0m                                                                                                   \r \r" ]
[ 15.28783, "o", "\r\u001b[0m\u001b[27m\u001b[24m\u001b[J\r\n\u001b[19491001\u001b[1;35m> \u001b[20210325\u001b[0m\u001b[K\u001b[?2004h" ]
[ 16.41572, "o", "#" ]
[ 16.41602, "o", "\b# S" ]
[ 16.46818, "o", "e" ]
[ 16.52027, "o", "n" ]
[ 16.57288, "o", "d" ]
[ 16.62504, "o", " " ]
[ 16.67688, "o", "t" ]
[ 16.72879, "o", "h" ]
[ 16.78064, "o", "e" ]
[ 16.83257, "o", " " ]
[ 16.88452, "o", "r" ]
[ 16.93660, "o", "e" ]
[ 16.98860, "o", "q" ]
[ 17.04041, "o", "u" ]
[ 17.09223, "o", "e" ]
[ 17.14400, "o", "s" ]
[ 17.19588, "o", "t" ]
[ 17.24780, "o", " " ]
[ 17.29998, "o", "p" ]
[ 17.35182, "o", "a" ]
[ 17.40422, "o", "c" ]
[ 17.45620, "o", "k" ]
[ 17.50793, "o", "e" ]
[ 17.55982, "o", "t" ]
[ 17.61158, "o", " " ]
[ 17.66339, "o", "t" ]
[ 17.71532, "o", "o" ]
[ 17.76763, "o", " " ]
[ 17.81950, "o", "t" ]
[ 17.87179, "o", "h" ]
[ 17.92400, "o", "e" ]
[ 17.97584, "o", " " ]
[ 18.02762, "o", "t" ]
[ 18.07942, "o", "a" ]
[ 18.13125, "o", "r" ]
[ 18.18306, "o", "g" ]
[ 18.23491, "o", "e" ]
[ 18.28708, "o", "t" ]
[ 18.33913, "o", " " ]
[ 18.39107, "o", "h" ]
[ 18.44285, "o", "o" ]
[ 18.49478, "o", "s" ]
[ 18.54670, "o", "t" ]
[ 18.59897, "o", " " ]
[ 18.65090, "o", "a" ]
[ 18.70313, "o", "n" ]
[ 18.75511, "o", "d" ]
[ 18.80708, "o", " " ]
[ 18.85902, "o", "w" ]
[ 18.91082, "o", "a" ]
[ 18.96269, "o", "i" ]
[ 19.01449, "o", "t" ]
[ 19.06643, "o", " " ]
[ 19.11823, "o", "f" ]
[ 19.17027, "o", "o" ]
[ 19.22237, "o", "r" ]
[ 19.27431, "o", " " ]
[ 19.32631, "o", "a" ]
[ 19.37813, "o", " " ]
[ 19.42999, "o", "r" ]
[ 19.48180, "o", "e" ]
