{"version":2,"width":100,"height":26,"timestamp":1689067430,"env":{"SHELL":"","TERM":"xterm"}}
[ 0.00000, "o", "" ]
[ 0.10142, "o", "\u001b[19491001\u001b[1;35m> \u001b[20210325\u001b[0m" ]
[ 0.49363, "o", "# U" ]
[ 0.54573, "o", "s" ]
[ 0.59728, "o", "e" ]
[ 0.64914, "o", " " ]
[ 0.70160, "o", "t" ]
[ 0.75447, "o", "h" ]
[ 0.80789, "o", "e" ]
[ 0.86080, "o", " " ]
[ 0.91282, "o", "`" ]
[ 0.96447, "o", "x" ]
[ 1.01690, "o", " " ]
[ 1.06920, "o", "o" ]
[ 1.12158, "o", "p" ]
[ 1.17528, "o", "e" ]
[ 1.22714, "o", "n" ]
[ 1.27916, "o", "s" ]
[ 1.33086, "o", "s" ]
[ 1.38315, "o", "l" ]
[ 1.43507, "o", "`" ]
[ 1.48755, "o", " " ]
[ 1.54001, "o", "c" ]
[ 1.59256, "o", "o" ]
[ 1.64460, "o", "m" ]
[ 1.69648, "o", "m" ]
[ 1.74823, "o", "a" ]
[ 1.79981, "o", "n" ]
[ 1.85238, "o", "d" ]
[ 1.90482, "o", " " ]
[ 1.95679, "o", "f" ]
[ 2.00922, "o", "o" ]
[ 2.06118, "o", "r" ]
[ 2.11342, "o", "m" ]
[ 2.16507, "o", "a" ]
[ 2.21707, "o", "t" ]
[ 2.26887, "o", " " ]
[ 2.32200, "o", "t" ]
[ 2.37522, "o", "o" ]
[ 2.42810, "o", " " ]
[ 2.48019, "o", "q" ]
[ 2.53180, "o", "u" ]
[ 2.58354, "o", "i" ]
[ 2.63530, "o", "c" ]
[ 2.68804, "o", "k" ]
[ 2.74010, "o", "l" ]
[ 2.79217, "o", "y" ]
[ 2.84402, "o", " " ]
[ 2.89644, "o", "u" ]
[ 2.94845, "o", "s" ]
[ 3.00115, "o", "e" ]
[ 3.05331, "o", " " ]
[ 3.10507, "o", "t" ]
[ 3.15754, "o", "h" ]
[ 3.20946, "o", "e" ]
[ 3.26171, "o", " " ]
[ 3.31378, "o", "`" ]
[ 3.36630, "o", "o" ]
[ 3.41815, "o", "p" ]
[ 3.47027, "o", "e" ]
[ 3.52245, "o", "n" ]
[ 3.57492, "o", "s" ]
[ 3.62740, "o", "s" ]
[ 3.67972, "o", "l" ]
[ 3.73230, "o", "`" ]
[ 3.78411, "o", " " ]
[ 3.83653, "o", "c \r" ]
[ 3.88930, "o", "o" ]
[ 3.94197, "o", "m" ]
[ 3.99519, "o", "m" ]
[ 4.04703, "o", "a" ]
[ 4.09918, "o", "n" ]
[ 4.15124, "o", "d" ]
[ 4.20331, "o", "\r\n\u001b[?2004l\r" ]
[ 4.20332, "o", "\u001b[?2004h\r\n\u001b[19491001\u001b[1;35m> \u001b[20210325\u001b[0m" ]
[ 5.20493, "o", "x" ]
[ 5.25683, "o", " " ]
[ 5.30995, "o", "o" ]
[ 5.36156, "o", "p" ]
[ 5.41332, "o", "e" ]
[ 5.46510, "o", "n" ]
[ 5.51684, "o", "s" ]
[ 5.56845, "o", "s" ]
[ 5.62131, "o", "l" ]
[ 5.67361, "o", " " ]
[ 5.72550, "o", "v" ]
[ 5.77750, "o", "e" ]
[ 5.82957, "o", "r" ]
[ 5.88161, "o", "s" ]
[ 5.93323, "o", "i" ]
[ 5.98507, "o", "o" ]
[ 6.03723, "o", "n" ]
[ 6.29074, "o", "\r\n\u001b[?2004l\r" ]
[ 6.41412, "o", "OpenSSL 3.0.0 7 sep 2021 (Library: OpenSSL 3.0.0 7 sep 2021)\r\n" ]
[ 6.41491, "o", "\u001b[?2004h\r\n\u001b[19491001\u001b[1;35m> \u001b[20210325\u001b[0m" ]
[ 7.29317, "o", "# U" ]
[ 7.34518, "o", "s" ]
[ 7.39772, "o", "i" ]
[ 7.44994, "o", "n" ]
[ 7.50174, "o", "g" ]
[ 7.55401, "o", " " ]
[ 7.60633, "o", "`" ]
[ 7.65870, "o", "x" ]
[ 7.71049, "o", " " ]
[ 7.76262, "o", "e" ]
[ 7.81449, "o", "n" ]
[ 7.86677, "o", "v" ]
[ 7.91906, "o", " " ]
[ 7.97079, "o", "u" ]
[ 8.02329, "o", "s" ]
[ 8.07573, "o", "e" ]
[ 8.12810, "o", "`" ]
[ 8.17972, "o", " " ]
[ 8.23191, "o", "c" ]
[ 8.28437, "o", "a" ]
[ 8.33675, "o", "n" ]
[ 8.38920, "o", " " ]
[ 8.44127, "o", "a" ]
[ 8.49371, "o", "u" ]
[ 8.54530, "o", "t" ]
[ 8.59708, "o", "o" ]
[ 8.64861, "o", "m" ]
[ 8.70029, "o", "a" ]
[ 8.75214, "o", "t" ]
[ 8.80466, "o", "i" ]
[ 8.85730, "o", "c" ]
[ 8.90888, "o", "a" ]
[ 8.96103, "o", "l" ]
[ 9.01290, "o", "l" ]
[ 9.06497, "o", "y" ]
[ 9.11646, "o", " " ]
[ 9.16890, "o", "i" ]
[ 9.22163, "o", "n" ]
[ 9.27398, "o", "s" ]
[ 9.32655, "o", "t" ]
[ 9.37841, "o", "a" ]
[ 9.43038, "o", "l" ]
[ 9.48202, "o", "l" ]
[ 9.53425, "o", " " ]
[ 9.58668, "o", "a" ]
[ 9.63982, "o", "n" ]
[ 9.69201, "o", "d" ]
[ 9.74379, "o", " " ]
[ 9.79544, "o", "c" ]
[ 9.84728, "o", "o" ]
[ 9.89888, "o", "n" ]
[ 9.95048, "o", "f" ]
[ 10.00309, "o", "i" ]
[ 10.05563, "o", "g" ]
[ 10.10739, "o", "u" ]
[ 10.15992, "o", "r" ]
[ 10.21180, "o", "e" ]
[ 10.26391, "o", " " ]
[ 10.31543, "o", "c" ]
[ 10.36705, "o", "o" ]
[ 10.41896, "o", "r" ]
[ 10.47142, "o", "r" ]
[ 10.52401, "o", "e" ]
[ 10.57597, "o", "s" ]
[ 10.62825, "o", "p \r" ]
[ 10.68017, "o", "o" ]
[ 10.73156, "o", "n" ]
[ 10.78385, "o", "d" ]
[ 10.83644, "o", "i" ]
[ 10.88808, "o", "n" ]
[ 10.93986, "o", "g" ]
[ 10.99163, "o", " " ]
[ 11.04345, "o", "g" ]
[ 11.09508, "o", "l" ]
[ 11.14673, "o", "o" ]
[ 11.19889, "o", "b" ]
[ 11.25075, "o", "a" ]
[ 11.30372, "o", "l" ]
[ 11.35538, "o", " " ]
[ 11.40753, "o", "e" ]
[ 11.45939, "o", "n" ]
[ 11.51128, "o", "v" ]
[ 11.56297, "o", "i" ]
[ 11.61484, "o", "r" ]
[ 11.66700, "o", "o" ]
[ 11.71893, "o", "n" ]
[ 11.77186, "o", "m" ]
[ 11.82410, "o", "e" ]
[ 11.87645, "o", "n" ]
[ 11.92879, "o", "t" ]
[ 11.98126, "o", " " ]
[ 12.03300, "o", "v" ]
[ 12.08518, "o", "a" ]
[ 12.13704, "o", "r" ]
[ 12.18872, "o", "i" ]
[ 12.24094, "o", "a" ]
[ 12.29308, "o", "b" ]
[ 12.34522, "o", "l" ]
[ 12.39748, "o", "e" ]
[ 12.44941, "o", "s" ]
[ 12.50127, "o", "\r\n\u001b[?2004l\r\u001b[?2004h" ]
[ 12.50128, "o", "\r\n\u001b[19491001\u001b[1;35m> \u001b[20210325\u001b[0m" ]
[ 13.50299, "o", "x" ]
[ 13.55491, "o", " " ]
[ 13.60652, "o", "e" ]
[ 13.65842, "o", "n" ]
[ 13.71039, "o", "v" ]
[ 13.76262, "o", " " ]
[ 13.81492, "o", "u" ]
[ 13.86680, "o", "s" ]
[ 13.91897, "o", "e" ]
[ 13.97055, "o", " " ]
[ 14.02317, "o", "o" ]
[ 14.07500, "o", "p" ]
[ 14.12725, "o", "e" ]
[ 14.17960, "o", "n" ]
[ 14.23124, "o", "s" ]
[ 14.28329, "o", "s" ]
[ 14.33503, "o", "l" ]
[ 14.58979, "o", "\r\n\u001b[?2004l\r" ]
[ 14.74418, "o", "- \u001b[32mI\u001b[0m\u001b[32m|pkg: \u001b[0mSuccessfully set link from path \u001b[0m\r\n" ]
[ 14.76790, "o", "- \u001b[32mI\u001b[0m\u001b[32m|env: \u001b[0mSuccessfully set openssl=v0.0.1 in the current environment.\u001b[0m\r\n" ]
[ 14.83127, "o", "- \u001b[32mI\u001b[0m\u001b[32m|env: \u001b[0mConfig file updated to /root/.x-cmd.root/local/data/env/version\u001b[0m\r\n" ]
[ 14.83145, "o", "\u001b[?2004h\r\n\u001b[19491001\u001b[1;35m> \u001b[20210325\u001b[0m" ]
[ 15.59217, "o", "# B" ]
[ 15.64453, "o", "a" ]
[ 15.69680, "o", "s" ]
[ 15.74882, "o", "e" ]
[ 15.80095, "o", "6" ]
[ 15.85327, "o", "4" ]
[ 15.90588, "o", " " ]
[ 15.95838, "o", "d" ]
[ 16.01015, "o", "e" ]
[ 16.06197, "o", "c" ]
[ 16.11404, "o", "o" ]
[ 16.16590, "o", "d" ]
[ 16.21811, "o", "i" ]
[ 16.27049, "o", "n" ]
[ 16.32284, "o", "g" ]
[ 16.37504, "o", "\r\n\u001b[?2004l\r" ]
[ 16.37515, "o", "\u001b[?2004h\r\n\u001b[19491001\u001b[1;35m> \u001b[20210325\u001b[0m" ]
[ 17.37743, "o", "e" ]
[ 17.42969, "o", "c" ]
[ 17.48168, "o", "h" ]
[ 17.53330, "o", "o" ]
[ 17.58513, "o", " " ]
[ 17.63679, "o", "\"" ]
[ 17.68879, "o", "d" ]
[ 17.74049, "o", "3" ]
[ 17.79280, "o", "V" ]
[ 17.84487, "o", "o" ]
[ 17.89679, "o", "c" ]
[ 17.94860, "o", "w" ]
[ 18.00051, "o", "o" ]
[ 18.05281, "o", "=" ]
[ 18.10458, "o", "\"" ]
[ 18.15696, "o", " " ]
[ 18.20940, "o", "|" ]
[ 18.26204, "o", " " ]
[ 18.31434, "o", "o" ]
[ 18.36661, "o", "p" ]
[ 18.41919, "o", "e" ]
[ 18.47116, "o", "n" ]
[ 18.52308, "o", "s" ]
[ 18.57455, "o", "s" ]
[ 18.62671, "o", "l" ]
[ 18.67859, "o", " " ]
[ 18.73129, "o", "b" ]
[ 18.78351, "o", "a" ]
[ 18.83548, "o", "s" ]
[ 18.88709, "o", "e" ]
[ 18.93863, "o", "6" ]
[ 18.99103, "o", "4" ]
[ 19.04355, "o", " " ]
[ 19.09569, "o", "-" ]
[ 19.14765, "o", "d" ]
[ 19.40185, "o", "\r\n\u001b[?2004l\r" ]
[ 19.40371, "o", "wuhs\r\n" ]
[ 19.40414, "o", "\u001b[?2004h\r\n\u001b[19491001\u001b[1;35m> \u001b[20210325\u001b[0m" ]
[ 20.40446, "o", "# M" ]
[ 20.45600, "o", "D" ]
[ 20.50849, "o", "5" ]
[ 20.56090, "o", " " ]
[ 20.61330, "o", "s" ]
[ 20.66553, "o", "u" ]
[ 20.71729, "o", "m" ]
[ 20.76907, "o", "m" ]
[ 20.82070, "o", "a" ]
[ 20.87240, "o", "r" ]
[ 20.92399, "o", "y" ]
[ 20.97580, "o", " " ]
[ 21.02826, "o", "c" ]
[ 21.08075, "o", "a" ]
[ 21.13252, "o", "l" ]
[ 21.18422, "o", "c" ]
[ 21.23677, "o", "u" ]
[ 21.28854, "o", "l" ]
[ 21.34036, "o", "a" ]
[ 21.39233, "o", "t" ]
[ 21.44426, "o", "i" ]
[ 21.49584, "o", "o" ]
[ 21.54794, "o", "n" ]
[ 21.60004, "o", "\r\n\u001b[?2004l\r\u001b[?2004h" ]
[ 21.60005, "o", "\r\n\u001b[19491001\u001b[1;35m> \u001b[20210325\u001b[0m" ]
[ 22.60174, "o", "e" ]
[ 22.65373, "o", "c" ]
[ 22.70576, "o", "h" ]
[ 22.75771, "o", "o" ]
