{"version":2,"width":100,"height":26,"timestamp":1690895338,"env":{"SHELL":"","TERM":"xterm"}}
[ 0.00000, "o", "" ]
[ 0.15336, "o", "\u001b[19491001\u001b[1;35m> \u001b[20210325\u001b[0m\u001b[K\u001b[?2004h" ]
[ 0.41522, "o", "#\b# U" ]
[ 0.46725, "o", "s" ]
[ 0.51933, "o", "e" ]
[ 0.57176, "o", " " ]
[ 0.62383, "o", "t" ]
[ 0.67597, "o", "h" ]
[ 0.72837, "o", "e" ]
[ 0.78068, "o", " " ]
[ 0.83227, "o", "`" ]
[ 0.88437, "o", "x" ]
[ 0.93680, "o", " " ]
[ 0.98886, "o", "o" ]
[ 1.04100, "o", "s" ]
[ 1.09312, "o", "q" ]
[ 1.14473, "o", "u" ]
[ 1.19674, "o", "e" ]
[ 1.24860, "o", "r" ]
[ 1.30135, "o", "y" ]
[ 1.35391, "o", "`" ]
[ 1.40600, "o", " " ]
[ 1.45833, "o", "c" ]
[ 1.51079, "o", "o" ]
[ 1.56294, "o", "m" ]
[ 1.61475, "o", "m" ]
[ 1.66732, "o", "a" ]
[ 1.71923, "o", "n" ]
[ 1.77136, "o", "d" ]
[ 1.82325, "o", " " ]
[ 1.87568, "o", "f" ]
[ 1.92765, "o", "o" ]
[ 1.97950, "o", "r" ]
[ 2.03161, "o", "m" ]
[ 2.08341, "o", "a" ]
[ 2.13534, "o", "t" ]
[ 2.18696, "o", " " ]
[ 2.23895, "o", "t" ]
[ 2.29097, "o", "o" ]
[ 2.34309, "o", " " ]
[ 2.39528, "o", "q" ]
[ 2.44777, "o", "u" ]
[ 2.49983, "o", "i" ]
[ 2.55142, "o", "c" ]
[ 2.60351, "o", "k" ]
[ 2.65563, "o", "l" ]
[ 2.70770, "o", "y" ]
[ 2.75973, "o", " " ]
[ 2.81131, "o", "u" ]
[ 2.86385, "o", "s" ]
[ 2.91587, "o", "e" ]
[ 2.96831, "o", " " ]
[ 3.02009, "o", "t" ]
[ 3.07202, "o", "h" ]
[ 3.12401, "o", "e" ]
[ 3.17597, "o", " " ]
[ 3.22787, "o", "`" ]
[ 3.27978, "o", "o" ]
[ 3.33194, "o", "s" ]
[ 3.38404, "o", "q" ]
[ 3.43592, "o", "u" ]
[ 3.48758, "o", "e" ]
[ 3.54023, "o", "r" ]
[ 3.59230, "o", "y" ]
[ 3.64452, "o", "`" ]
[ 3.69680, "o", " " ]
[ 3.74870, "o", "c" ]
[ 3.80065, "o", "o" ]
[ 3.85230, "o", "m" ]
[ 3.90434, "o", "m" ]
[ 3.95630, "o", "a" ]
[ 4.00847, "o", "n" ]
[ 4.06071, "o", "d" ]
[ 4.11272, "o", "\u001b[?2004l\r\r\n" ]
[ 4.11277, "o", "\u001b[1m\u001b[7m#\u001b[27m\u001b[1m\u001b[0m                                                                                                   \r \r\r\u001b[0m\u001b[27m\u001b[24m\u001b[J\r\n\u001b[19491001\u001b[1;35m> \u001b[20210325\u001b[0m\u001b[K\u001b[?2004h" ]
[ 5.61634, "o", "x" ]
[ 5.66864, "o", "\bx " ]
[ 5.72085, "o", "o" ]
[ 5.77286, "o", "s" ]
[ 5.82509, "o", "q" ]
[ 5.87669, "o", "u" ]
[ 5.92949, "o", "e" ]
[ 5.98122, "o", "r" ]
[ 6.03316, "o", "y" ]
[ 6.08509, "o", " " ]
[ 6.13721, "o", "-" ]
[ 6.18873, "o", "-" ]
[ 6.24078, "o", "v" ]
[ 6.29261, "o", "e" ]
[ 6.34437, "o", "r" ]
[ 6.39663, "o", "s" ]
[ 6.44849, "o", "i" ]
[ 6.50088, "o", "o" ]
[ 6.55305, "o", "n" ]
[ 6.80633, "o", "\u001b[?2004l\r\r\n" ]
[ 6.97515, "o", "osqueryd version 5.9.1\r\n" ]
[ 6.97703, "o", "\u001b[1m\u001b[7m#\u001b[27m\u001b[1m\u001b[0m                                                                                                   \r \r\r\u001b[0m\u001b[27m\u001b[24m\u001b[J\r\n\u001b[19491001\u001b[1;35m> \u001b[20210325\u001b[0m\u001b[K\u001b[?2004h" ]
[ 8.80876, "o", "#" ]
[ 8.80893, "o", "\b# U" ]
[ 8.86165, "o", "s" ]
[ 8.91389, "o", "i" ]
[ 8.96553, "o", "n" ]
[ 9.01751, "o", "g" ]
[ 9.06944, "o", " " ]
[ 9.12146, "o", "`" ]
[ 9.17333, "o", "x" ]
[ 9.22536, "o", " " ]
[ 9.27734, "o", "e" ]
[ 9.33006, "o", "n" ]
[ 9.38202, "o", "v" ]
[ 9.43366, "o", " " ]
[ 9.48563, "o", "u" ]
[ 9.53750, "o", "s" ]
[ 9.58935, "o", "e" ]
[ 9.64089, "o", "`" ]
[ 9.69329, "o", " " ]
[ 9.74572, "o", "c" ]
[ 9.79821, "o", "a" ]
[ 9.85032, "o", "n" ]
[ 9.90206, "o", " " ]
[ 9.95418, "o", "a" ]
[ 10.00590, "o", "u" ]
[ 10.05758, "o", "t" ]
[ 10.10923, "o", "o" ]
[ 10.16132, "o", "m" ]
[ 10.21366, "o", "a" ]
[ 10.26580, "o", "t" ]
[ 10.31787, "o", "i" ]
[ 10.36989, "o", "c" ]
[ 10.42188, "o", "a" ]
[ 10.47365, "o", "l" ]
[ 10.52607, "o", "l" ]
[ 10.57787, "o", "y" ]
[ 10.63046, "o", " " ]
[ 10.68250, "o", "i" ]
[ 10.73449, "o", "n" ]
[ 10.78619, "o", "s" ]
[ 10.83824, "o", "t" ]
[ 10.89033, "o", "a" ]
[ 10.94212, "o", "l" ]
[ 10.99399, "o", "l" ]
[ 11.04608, "o", " " ]
[ 11.09883, "o", "a" ]
[ 11.15086, "o", "n" ]
[ 11.20287, "o", "d" ]
[ 11.25485, "o", " " ]
[ 11.30653, "o", "c" ]
[ 11.35846, "o", "o" ]
[ 11.41055, "o", "n" ]
[ 11.46258, "o", "f" ]
[ 11.51459, "o", "i" ]
[ 11.56718, "o", "g" ]
[ 11.61916, "o", "u" ]
[ 11.67127, "o", "r" ]
[ 11.72331, "o", "e" ]
[ 11.77507, "o", " " ]
[ 11.82708, "o", "c" ]
[ 11.87935, "o", "o" ]
[ 11.93109, "o", "r" ]
[ 11.98309, "o", "r" ]
[ 12.03513, "o", "e" ]
[ 12.08722, "o", "s" ]
[ 12.13912, "o", "p" ]
[ 12.19117, "o", "o" ]
[ 12.24276, "o", "n" ]
[ 12.29529, "o", "d" ]
[ 12.34704, "o", "i" ]
[ 12.39892, "o", "n" ]
[ 12.45095, "o", "g" ]
[ 12.50277, "o", " " ]
[ 12.55469, "o", "g" ]
[ 12.60668, "o", "l" ]
[ 12.65866, "o", "o" ]
[ 12.71049, "o", "b" ]
[ 12.76286, "o", "a" ]
[ 12.81521, "o", "l" ]
[ 12.86743, "o", " " ]
[ 12.91945, "o", "e" ]
[ 12.97117, "o", "n" ]
[ 13.02316, "o", "v" ]
[ 13.07486, "o", "i" ]
[ 13.12726, "o", "r" ]
[ 13.17921, "o", "o" ]
[ 13.23121, "o", "n" ]
[ 13.28352, "o", "m" ]
[ 13.33563, "o", "e" ]
[ 13.38770, "o", "n" ]
[ 13.43970, "o", "t" ]
[ 13.49205, "o", " " ]
[ 13.54415, "o", "v" ]
[ 13.59664, "o", "a" ]
[ 13.64863, "o", "r" ]
[ 13.70064, "o", "i" ]
[ 13.75272, "o", "a \r\u001b[K" ]
[ 13.80488, "o", "b" ]
[ 13.85696, "o", "\rbl" ]
[ 13.90885, "o", "e" ]
[ 13.96082, "o", "s" ]
[ 14.01272, "o", "\u001b[?2004l\r\r\n" ]
[ 14.01288, "o", "\u001b[1m\u001b[7m#\u001b[27m\u001b[1m\u001b[0m                                                                                                   \r \r\r\u001b[0m\u001b[27m\u001b[24m\u001b[J\r\n\u001b[19491001\u001b[1;35m> \u001b[20210325\u001b[0m\u001b[K\u001b[?2004h" ]
[ 15.51653, "o", "x" ]
[ 15.56834, "o", "\bx " ]
[ 15.62044, "o", "e" ]
[ 15.67191, "o", "n" ]
[ 15.72422, "o", "v" ]
[ 15.77593, "o", " " ]
[ 15.82824, "o", "u" ]
[ 15.88093, "o", "s" ]
[ 15.93268, "o", "e" ]
[ 15.98439, "o", " " ]
[ 16.03596, "o", "o" ]
[ 16.08829, "o", "s" ]
[ 16.14011, "o", "q" ]
[ 16.19210, "o", "u" ]
[ 16.24422, "o", "e" ]
[ 16.29683, "o", "r" ]
[ 16.34851, "o", "y" ]
[ 16.60224, "o", "\u001b[?2004l\r\r\n" ]
[ 16.93090, "o", "- \u001b[32mI\u001b[0m\u001b[32m|pkg: \u001b[0mSuccessfully set link from path \u001b[0m\r\n" ]
[ 16.95457, "o", "- \u001b[32mI\u001b[0m\u001b[32m|env: \u001b[0mSuccessfully set osquery=5.9.1 in the current environment.\u001b[0m\r\n" ]
[ 17.01571, "o", "- \u001b[32mI\u001b[0m\u001b[32m|env: \u001b[0mConfig file updated to /root/.x-cmd.root/local/data/env/version\u001b[0m\r\n" ]
[ 17.01592, "o", "\u001b[1m\u001b[7m#\u001b[27m\u001b[1m\u001b[0m                                                                                                   \r \r\r\u001b[0m\u001b[27m\u001b[24m\u001b[J\r\n\u001b[19491001\u001b[1;35m> \u001b[20210325\u001b[0m\u001b[K\u001b[?2004h" ]
[ 18.60484, "o", "#\b# S" ]
[ 18.65702, "o", "t" ]
[ 18.70910, "o", "a" ]
[ 18.76140, "o", "r" ]
[ 18.81296, "o", "t" ]
[ 18.86457, "o", " " ]
[ 18.91685, "o", "o" ]
[ 18.96902, "o", "s" ]
[ 19.02105, "o", "q" ]
[ 19.07302, "o", "u" ]
[ 19.12478, "o", "e" ]
[ 19.17699, "o", "r" ]
[ 19.22884, "o", "y" ]
[ 19.28068, "o", "'" ]
[ 19.33229, "o", "s" ]
[ 19.38419, "o", " " ]
[ 19.43619, "o", "i" ]
[ 19.48829, "o", "n" ]
[ 19.54027, "o", "t" ]
[ 19.59198, "o", "e" ]
[ 19.64413, "o", "r" ]
[ 19.69594, "o", "a" ]
[ 19.74828, "o", "c" ]
[ 19.79992, "o", "t" ]
[ 19.85205, "o", "i" ]
[ 19.90443, "o", "v" ]
[ 19.95656, "o", "e" ]
[ 20.00859, "o", " " ]
[ 20.06075, "o", "U" ]
[ 20.11268, "o", "I" ]
[ 20.16449, "o", "\u001b[?2004l\r\r\n\u001b[1m\u001b[7m#\u001b[27m\u001b[1m\u001b[0m                                                                                                   \r \r" ]
[ 20.16462, "o", "\r\u001b[0m\u001b[27m\u001b[24m\u001b[J\r\n\u001b[19491001\u001b[1;35m> \u001b[20210325\u001b[0m\u001b[K\u001b[?2004h" ]
[ 21.66872, "o", "o" ]
[ 21.72085, "o", "\bos" ]
[ 21.77313, "o", "q" ]
[ 21.82481, "o", "u" ]
[ 21.87731, "o", "e" ]
[ 21.92923, "o", "r" ]
[ 21.98159, "o", "y" ]
[ 22.03326, "o", "i" ]
[ 22.28702, "o", "\u001b[?2004l\r\r\n" ]
