{"version":2,"width":100,"height":26,"timestamp":1689583119,"env":{"SHELL":"","TERM":"xterm"}}
[ 0.00000, "o", "" ]
[ 0.20522, "o", "\u001b[19491001\u001b[1;35m> \u001b[20210325\u001b[0m" ]
[ 0.49387, "o", "# U" ]
[ 0.54636, "o", "s" ]
[ 0.59857, "o", "e" ]
[ 0.65054, "o", " " ]
[ 0.70244, "o", "t" ]
[ 0.75408, "o", "h" ]
[ 0.80623, "o", "e" ]
[ 0.85809, "o", " " ]
[ 0.91075, "o", "`" ]
[ 0.96349, "o", "x" ]
[ 1.01525, "o", " " ]
[ 1.06757, "o", "p" ]
[ 1.11959, "o", "d" ]
[ 1.17162, "o", "f" ]
[ 1.22368, "o", "c" ]
[ 1.27634, "o", "p" ]
[ 1.32856, "o", "u" ]
[ 1.38074, "o", "`" ]
[ 1.43327, "o", " " ]
[ 1.48575, "o", "c" ]
[ 1.53797, "o", "o" ]
[ 1.58993, "o", "m" ]
[ 1.64249, "o", "m" ]
[ 1.69433, "o", "a" ]
[ 1.74687, "o", "n" ]
[ 1.79869, "o", "d" ]
[ 1.85122, "o", " " ]
[ 1.90322, "o", "f" ]
[ 1.95517, "o", "o" ]
[ 2.00718, "o", "r" ]
[ 2.05927, "o", "m" ]
[ 2.11195, "o", "a" ]
[ 2.16368, "o", "t" ]
[ 2.21561, "o", " " ]
[ 2.26761, "o", "t" ]
[ 2.31948, "o", "o" ]
[ 2.37174, "o", " " ]
[ 2.42433, "o", "q" ]
[ 2.47687, "o", "u" ]
[ 2.52876, "o", "i" ]
[ 2.58084, "o", "c" ]
[ 2.63282, "o", "k" ]
[ 2.68481, "o", "l" ]
[ 2.73713, "o", "y" ]
[ 2.78959, "o", " " ]
[ 2.84151, "o", "u" ]
[ 2.89361, "o", "s" ]
[ 2.94656, "o", "e" ]
[ 2.99832, "o", " " ]
[ 3.05075, "o", "t" ]
[ 3.10314, "o", "h" ]
[ 3.15570, "o", "e" ]
[ 3.20801, "o", " " ]
[ 3.26077, "o", "`" ]
[ 3.31263, "o", "p" ]
[ 3.36466, "o", "d" ]
[ 3.41638, "o", "f" ]
[ 3.46832, "o", "c" ]
[ 3.52097, "o", "p" ]
[ 3.57366, "o", "u" ]
[ 3.62604, "o", "`" ]
[ 3.67872, "o", " " ]
[ 3.73083, "o", "c" ]
[ 3.78401, "o", "o" ]
[ 3.83589, "o", "m \r" ]
[ 3.88849, "o", "m" ]
[ 3.94092, "o", "a" ]
[ 3.99408, "o", "n" ]
[ 4.04625, "o", "d" ]
[ 4.09777, "o", "\r\n\u001b[?2004l\r\u001b[?2004h" ]
[ 4.09778, "o", "\r\n\u001b[19491001\u001b[1;35m> \u001b[20210325\u001b[0m" ]
[ 5.60161, "o", "x" ]
[ 5.65363, "o", " " ]
[ 5.70554, "o", "p" ]
[ 5.75808, "o", "d" ]
[ 5.81081, "o", "f" ]
[ 5.86267, "o", "c" ]
[ 5.91475, "o", "p" ]
[ 5.96658, "o", "u" ]
[ 6.01854, "o", " " ]
[ 6.07048, "o", "v" ]
[ 6.12262, "o", "e" ]
[ 6.17464, "o", "r" ]
[ 6.22700, "o", "s" ]
[ 6.27959, "o", "i" ]
[ 6.33162, "o", "o" ]
[ 6.38406, "o", "n" ]
[ 6.63838, "o", "\r\n\u001b[?2004l\r" ]
[ 6.77215, "o", "pdfcpu: v0.4.1 dev\r\nbuild : 2023-05-06T21:02:34Z\r\ncommit: 0342a83\r\n" ]
[ 6.77285, "o", "\u001b[?2004h\r\n\u001b[19491001\u001b[1;35m> \u001b[20210325\u001b[0m" ]
[ 8.64132, "o", "# U" ]
[ 8.69318, "o", "s" ]
[ 8.74525, "o", "i" ]
[ 8.79701, "o", "n" ]
[ 8.84906, "o", "g" ]
[ 8.90104, "o", " " ]
[ 8.95342, "o", "`" ]
[ 9.00543, "o", "x" ]
[ 9.05762, "o", " " ]
[ 9.10972, "o", "e" ]
[ 9.16196, "o", "n" ]
[ 9.21446, "o", "v" ]
[ 9.26606, "o", " " ]
[ 9.31867, "o", "u" ]
[ 9.37072, "o", "s" ]
[ 9.42347, "o", "e" ]
[ 9.47553, "o", "`" ]
[ 9.52833, "o", " " ]
[ 9.58089, "o", "c" ]
[ 9.63289, "o", "a" ]
[ 9.68542, "o", "n" ]
[ 9.73752, "o", " " ]
[ 9.79001, "o", "a" ]
[ 9.84200, "o", "u" ]
[ 9.89439, "o", "t" ]
[ 9.94630, "o", "o" ]
[ 9.99912, "o", "m" ]
[ 10.05175, "o", "a" ]
[ 10.10364, "o", "t" ]
[ 10.15594, "o", "i" ]
[ 10.20785, "o", "c" ]
[ 10.26036, "o", "a" ]
[ 10.31227, "o", "l" ]
[ 10.36494, "o", "l" ]
[ 10.41745, "o", "y" ]
[ 10.46973, "o", " " ]
[ 10.52217, "o", "i" ]
[ 10.57414, "o", "n" ]
[ 10.62709, "o", "s" ]
[ 10.67887, "o", "t" ]
[ 10.73162, "o", "a" ]
[ 10.78407, "o", "l" ]
[ 10.83611, "o", "l" ]
[ 10.88836, "o", " " ]
[ 10.94129, "o", "a" ]
[ 10.99384, "o", "n" ]
[ 11.04578, "o", "d" ]
[ 11.09814, "o", " " ]
[ 11.15004, "o", "c" ]
[ 11.20257, "o", "o" ]
[ 11.25460, "o", "n" ]
[ 11.30692, "o", "f" ]
[ 11.35953, "o", "i" ]
[ 11.41274, "o", "g" ]
[ 11.46524, "o", "u" ]
[ 11.51698, "o", "r" ]
[ 11.56933, "o", "e" ]
[ 11.62158, "o", " " ]
[ 11.67394, "o", "c" ]
[ 11.72585, "o", "o" ]
[ 11.77880, "o", "r" ]
[ 11.83149, "o", "r" ]
[ 11.88342, "o", "e" ]
[ 11.93512, "o", "s" ]
[ 11.98747, "o", "p \r" ]
[ 12.03996, "o", "o" ]
[ 12.09191, "o", "n" ]
[ 12.14436, "o", "d" ]
[ 12.19636, "o", "i" ]
[ 12.24892, "o", "n" ]
[ 12.30152, "o", "g" ]
[ 12.35348, "o", " " ]
[ 12.40620, "o", "g" ]
[ 12.45825, "o", "l" ]
[ 12.51072, "o", "o" ]
[ 12.56255, "o", "b" ]
[ 12.61450, "o", "a" ]
[ 12.66641, "o", "l" ]
[ 12.71929, "o", " " ]
[ 12.77154, "o", "e" ]
[ 12.82353, "o", "n" ]
[ 12.87555, "o", "v" ]
[ 12.92750, "o", "i" ]
[ 12.97992, "o", "r" ]
[ 13.03185, "o", "o" ]
[ 13.08451, "o", "n" ]
[ 13.13692, "o", "m" ]
[ 13.18931, "o", "e" ]
[ 13.24226, "o", "n" ]
[ 13.29412, "o", "t" ]
[ 13.34653, "o", " " ]
[ 13.39865, "o", "v" ]
[ 13.45113, "o", "a" ]
[ 13.50299, "o", "r" ]
[ 13.55552, "o", "i" ]
[ 13.60746, "o", "a" ]
[ 13.66033, "o", "b" ]
[ 13.71280, "o", "l" ]
[ 13.76508, "o", "e" ]
[ 13.81763, "o", "s" ]
[ 13.86963, "o", "\r\n\u001b[?2004l\r\u001b[?2004h" ]
[ 13.86965, "o", "\r\n\u001b[19491001\u001b[1;35m> \u001b[20210325\u001b[0m" ]
[ 15.37418, "o", "x" ]
[ 15.42624, "o", " " ]
[ 15.47869, "o", "e" ]
[ 15.53057, "o", "n" ]
[ 15.58299, "o", "v" ]
[ 15.63499, "o", " " ]
[ 15.68690, "o", "u" ]
[ 15.73852, "o", "s" ]
[ 15.79051, "o", "e" ]
[ 15.84293, "o", " " ]
[ 15.89549, "o", "p" ]
[ 15.94815, "o", "d" ]
[ 16.00073, "o", "f" ]
[ 16.05301, "o", "c" ]
[ 16.10492, "o", "p" ]
[ 16.15727, "o", "u" ]
[ 16.41194, "o", "\r\n\u001b[?2004l\r" ]
[ 16.61018, "o", "- \u001b[32mI\u001b[0m\u001b[32m|pkg: \u001b[0mSuccessfully set link from path \u001b[0m\r\n" ]
[ 16.63792, "o", "- \u001b[32mI\u001b[0m\u001b[32m|env: \u001b[0mSuccessfully set pdfcpu=0.4.1 in the current environment.\u001b[0m\r\n" ]
[ 16.71545, "o", "- \u001b[32mI\u001b[0m\u001b[32m|env: \u001b[0mConfig file updated to /root/.x-cmd.root/local/data/env/version\u001b[0m\r\n" ]
[ 16.71564, "o", "\u001b[?2004h\r\n\u001b[19491001\u001b[1;35m> \u001b[20210325\u001b[0m" ]
[ 18.41447, "o", "x" ]
[ 18.46650, "o", " " ]
[ 18.51847, "o", "e" ]
[ 18.57043, "o", "x" ]
[ 18.62270, "o", "a" ]
[ 18.67573, "o", " " ]
[ 18.72746, "o", "-" ]
[ 18.77940, "o", "l" ]
[ 18.83099, "o", "h" ]
[ 18.88361, "o", "T" ]
[ 19.13857, "o", "\r\n\u001b[?2004l\r" ]
[ 19.26655, "o", "\u001b[4mPermissions\u001b[0m \u001b[4mSize\u001b[0m \u001b[4mUser\u001b[0m \u001b[4mDate Modified\u001b[0m \u001b[4mName\u001b[0m\r\n\u001b[1;34md\u001b[33mr\u001b[31mw\u001b[32mx\u001b[0m\u001b[33mr\u001b[38;5;244m-\u001b[32mx\u001b[33mr\u001b[38;5;244m-\u001b[32mx\u001b[0m     \u001b[38;5;244m-\u001b[0m \u001b[1;33mroot\u001b[0m \u001b[34m17 Jul 08:38\u001b[0m  \u001b[1;34m.\u001b[0m\r\n" ]
[ 19.26656, "o", ".\u001b[1;33mr\u001b[31mw\u001b[0m\u001b[38;5;244m-\u001b[33mr\u001b[38;5;244m--\u001b[33mr\u001b[38;5;244m--\u001b[0m   \u001b[1;32m97\u001b[0m\u001b[32mk\u001b[0m \u001b[1;33mroot\u001b[0m \u001b[34m17 Jul 08:38\u001b[0m  \u001b[38;5;244m└──\u001b[0m \u001b[38;5;105mtest.pdf\u001b[0m\r\n" ]
[ 19.26720, "o", "\u001b[?2004h\r\n" ]
[ 19.26721, "o", "\u001b[19491001\u001b[1;35m> \u001b[20210325\u001b[0m" ]
[ 21.14113, "o", "# V" ]
[ 21.19282, "o", "e" ]
[ 21.24500, "o", "r" ]
[ 21.29684, "o", "i" ]
[ 21.34884, "o", "f" ]
[ 21.40105, "o", "y" ]
[ 21.45312, "o", " " ]
[ 21.50586, "o", "i" ]
[ 21.55793, "o", "f" ]
[ 21.61023, "o", " " ]
[ 21.66242, "o", "t" ]
[ 21.71470, "o", "h" ]
[ 21.76683, "o", "e" ]
[ 21.81928, "o", " " ]
[ 21.87214, "o", "P" ]
[ 21.92407, "o", "D" ]
[ 21.97648, "o", "F" ]
[ 22.02838, "o", " " ]
[ 22.08067, "o", "f" ]
[ 22.13262, "o", "i" ]
[ 22.18505, "o", "l" ]
[ 22.23775, "o", "e" ]
[ 22.28988, "o", " " ]
[ 22.34212, "o", "i" ]
[ 22.39378, "o", "s" ]
[ 22.44602, "o", " " ]
[ 22.49791, "o", "v" ]
[ 22.54998, "o", "a" ]
[ 22.60203, "o", "l" ]
[ 22.65444, "o", "i" ]
[ 22.70697, "o", "d" ]
[ 22.75884, "o", "\r\n\u001b[?2004l\r" ]
[ 22.75889, "o", "\u001b[?2004h\r\n\u001b[19491001\u001b[1;35m> \u001b[20210325\u001b[0m" ]
[ 24.26222, "o", "p" ]
[ 24.31553, "o", "d" ]
[ 24.36819, "o", "f" ]
[ 24.42039, "o", "c" ]
[ 24.47238, "o", "p" ]
[ 24.52492, "o", "u" ]
[ 24.57712, "o", " " ]
[ 24.62887, "o", "v" ]
[ 24.68105, "o", "a" ]
[ 24.73324, "o", "l" ]
[ 24.78541, "o", "i" ]
[ 24.83707, "o", "d" ]
[ 24.88906, "o", "a" ]
