{"version":2,"width":100,"height":26,"timestamp":1689847906,"env":{"SHELL":"","TERM":"xterm"}}
[ 0.00000, "o", "" ]
[ 0.15596, "o", "\u001b[19491001\u001b[1;35m> \u001b[20210325\u001b[0m\u001b[K\u001b[?2004h" ]
[ 0.40938, "o", "#\b# " ]
[ 0.40954, "o", "U" ]
[ 0.46146, "o", "s" ]
[ 0.51317, "o", "e" ]
[ 0.56506, "o", " " ]
[ 0.61767, "o", "t" ]
[ 0.67016, "o", "h" ]
[ 0.72241, "o", "e" ]
[ 0.77466, "o", " " ]
[ 0.82651, "o", "`" ]
[ 0.87874, "o", "x" ]
[ 0.93056, "o", " " ]
[ 0.98325, "o", "p" ]
[ 1.03577, "o", "e" ]
[ 1.08930, "o", "r" ]
[ 1.14205, "o", "l" ]
[ 1.19409, "o", "`" ]
[ 1.24637, "o", " " ]
[ 1.29860, "o", "c" ]
[ 1.35068, "o", "o" ]
[ 1.40297, "o", "m" ]
[ 1.45558, "o", "m" ]
[ 1.50831, "o", "a" ]
[ 1.56042, "o", "n" ]
[ 1.61308, "o", "d" ]
[ 1.66507, "o", " " ]
[ 1.71746, "o", "f" ]
[ 1.76963, "o", "o" ]
[ 1.82218, "o", "r" ]
[ 1.87396, "o", "m" ]
[ 1.92673, "o", "a" ]
[ 1.97880, "o", "t" ]
[ 2.03136, "o", " " ]
[ 2.08371, "o", "t" ]
[ 2.13574, "o", "o" ]
[ 2.18764, "o", " " ]
[ 2.23947, "o", "q" ]
[ 2.29162, "o", "u" ]
[ 2.34363, "o", "i" ]
[ 2.39609, "o", "c" ]
[ 2.44871, "o", "k" ]
[ 2.50115, "o", "l" ]
[ 2.55362, "o", "y" ]
[ 2.60539, "o", " " ]
[ 2.65807, "o", "u" ]
[ 2.70991, "o", "s" ]
[ 2.76268, "o", "e" ]
[ 2.81465, "o", " " ]
[ 2.86719, "o", "t" ]
[ 2.91942, "o", "h" ]
[ 2.97220, "o", "e" ]
[ 3.02420, "o", " " ]
[ 3.07614, "o", "`" ]
[ 3.12825, "o", "p" ]
[ 3.18002, "o", "e" ]
[ 3.23236, "o", "r" ]
[ 3.28444, "o", "l" ]
[ 3.33709, "o", "`" ]
[ 3.38973, "o", " " ]
[ 3.44223, "o", "c" ]
[ 3.49431, "o", "o" ]
[ 3.54617, "o", "m" ]
[ 3.59866, "o", "m" ]
[ 3.65077, "o", "a" ]
[ 3.70349, "o", "n" ]
[ 3.75559, "o", "d" ]
[ 3.80782, "o", "\u001b[?2004l\r\r\n\u001b[1m\u001b[7m#\u001b[27m\u001b[1m\u001b[0m                                                                                                   \r \r" ]
[ 3.80805, "o", "\r\u001b[0m\u001b[27m\u001b[24m\u001b[J\r\n\u001b[19491001\u001b[1;35m> \u001b[20210325\u001b[0m\u001b[K\u001b[?2004h" ]
[ 5.31211, "o", "x" ]
[ 5.36379, "o", "\bx " ]
[ 5.41546, "o", "p" ]
[ 5.46750, "o", "e" ]
[ 5.51927, "o", "r" ]
[ 5.57093, "o", "l" ]
[ 5.62268, "o", " " ]
[ 5.67428, "o", "-" ]
[ 5.72607, "o", "-" ]
[ 5.77758, "o", "v" ]
[ 5.82928, "o", "e" ]
[ 5.88128, "o", "r" ]
[ 5.93315, "o", "s" ]
[ 5.98595, "o", "i" ]
[ 6.03794, "o", "o" ]
[ 6.09008, "o", "n" ]
[ 6.34418, "o", "\u001b[?2004l\r\r\n" ]
[ 6.36824, "o", "\r\nThis is perl 5, version 34, subversion 1 (v5.34.1) built for x86_64-linux\r\n\r\nCopyright 1987-2022, Larry Wall\r\n\r\nPerl may be copied only under the terms of either the Artistic License or the\r\nGNU General Public License, which may be found in the Perl 5 source kit.\r\n\r\nComplete documentation for Perl, including FAQ lists, should be found on\r\nthis system using \"man perl\" or \"perldoc perl\".  If you have access to the\r\nInternet, point your browser at http://www.perl.org/, the Perl Home Page.\r\n\r\n" ]
[ 6.36970, "o", "\u001b[1m\u001b[7m#\u001b[27m\u001b[1m\u001b[0m                                                                                                   \r \r\r\u001b[0m\u001b[27m\u001b[24m\u001b[J\r\n\u001b[19491001\u001b[1;35m> \u001b[20210325\u001b[0m\u001b[K\u001b[?2004h" ]
[ 8.34692, "o", "#\b# U" ]
[ 8.39888, "o", "s" ]
[ 8.45134, "o", "i" ]
[ 8.50325, "o", "n" ]
[ 8.55566, "o", "g" ]
[ 8.60769, "o", " " ]
[ 8.66055, "o", "`" ]
[ 8.71279, "o", "x" ]
[ 8.76497, "o", " " ]
[ 8.81734, "o", "e" ]
[ 8.86935, "o", "n" ]
[ 8.92173, "o", "v" ]
[ 8.97352, "o", " " ]
[ 9.02603, "o", "u" ]
[ 9.07788, "o", "s" ]
[ 9.13065, "o", "e" ]
[ 9.18293, "o", "`" ]
[ 9.23489, "o", " " ]
[ 9.28694, "o", "c" ]
[ 9.33893, "o", "a" ]
[ 9.39143, "o", "n" ]
[ 9.44328, "o", " " ]
[ 9.49541, "o", "a" ]
[ 9.54707, "o", "u" ]
[ 9.59922, "o", "t" ]
[ 9.65154, "o", "o" ]
[ 9.70364, "o", "m" ]
[ 9.75630, "o", "a" ]
[ 9.80875, "o", "t" ]
[ 9.86106, "o", "i" ]
[ 9.91296, "o", "c" ]
[ 9.96542, "o", "a" ]
[ 10.01796, "o", "l" ]
[ 10.07054, "o", "l" ]
[ 10.12263, "o", "y" ]
[ 10.17438, "o", " " ]
[ 10.22639, "o", "i" ]
[ 10.27823, "o", "n" ]
[ 10.33059, "o", "s" ]
[ 10.38259, "o", "t" ]
[ 10.43507, "o", "a" ]
[ 10.48747, "o", "l" ]
[ 10.53967, "o", "l" ]
[ 10.59236, "o", " " ]
[ 10.64473, "o", "a" ]
[ 10.69720, "o", "n" ]
[ 10.74914, "o", "d" ]
[ 10.80170, "o", " " ]
[ 10.85391, "o", "c" ]
[ 10.90691, "o", "o" ]
[ 10.95898, "o", "n" ]
[ 11.01164, "o", "f" ]
[ 11.06391, "o", "i" ]
[ 11.11619, "o", "g" ]
[ 11.16878, "o", "u" ]
[ 11.22067, "o", "r" ]
[ 11.27282, "o", "e" ]
[ 11.32468, "o", " " ]
[ 11.37684, "o", "c" ]
[ 11.42874, "o", "o" ]
[ 11.48122, "o", "r" ]
[ 11.53397, "o", "r" ]
[ 11.58583, "o", "e" ]
[ 11.63839, "o", "s" ]
[ 11.69029, "o", "p" ]
[ 11.74240, "o", "o" ]
[ 11.79420, "o", "n" ]
[ 11.84704, "o", "d" ]
[ 11.89929, "o", "i" ]
[ 11.95184, "o", "n" ]
[ 12.00401, "o", "g" ]
[ 12.05682, "o", " " ]
[ 12.10897, "o", "g" ]
[ 12.16069, "o", "l" ]
[ 12.21307, "o", "o" ]
[ 12.26544, "o", "b" ]
[ 12.31790, "o", "a" ]
[ 12.37024, "o", "l" ]
[ 12.42222, "o", " " ]
[ 12.47447, "o", "e" ]
[ 12.52713, "o", "n" ]
[ 12.57978, "o", "v" ]
[ 12.63197, "o", "i" ]
[ 12.68399, "o", "r" ]
[ 12.73607, "o", "o" ]
[ 12.78882, "o", "n" ]
[ 12.84104, "o", "m" ]
[ 12.89312, "o", "e" ]
[ 12.94567, "o", "n" ]
[ 12.99762, "o", "t" ]
[ 13.04998, "o", " " ]
[ 13.10186, "o", "v" ]
[ 13.15398, "o", "a" ]
[ 13.20588, "o", "r" ]
[ 13.25743, "o", "i" ]
[ 13.30983, "o", "a \r\u001b[K" ]
[ 13.36158, "o", "b" ]
[ 13.41372, "o", "\rbl" ]
[ 13.46557, "o", "e" ]
[ 13.51724, "o", "s" ]
[ 13.56905, "o", "\u001b[?2004l\r\r\n" ]
[ 13.56925, "o", "\u001b[1m\u001b[7m#\u001b[27m\u001b[1m\u001b[0m                                                                                                   \r \r\r\u001b[0m\u001b[27m\u001b[24m\u001b[J\r\n\u001b[19491001\u001b[1;35m> \u001b[20210325\u001b[0m\u001b[K\u001b[?2004h" ]
[ 15.07347, "o", "x" ]
[ 15.12600, "o", "\bx " ]
[ 15.17827, "o", "e" ]
[ 15.23029, "o", "n" ]
[ 15.28245, "o", "v" ]
[ 15.33426, "o", " " ]
[ 15.38670, "o", "u" ]
[ 15.43917, "o", "s" ]
[ 15.49191, "o", "e" ]
[ 15.54425, "o", " " ]
[ 15.59691, "o", "p" ]
[ 15.64907, "o", "e" ]
[ 15.70081, "o", "r" ]
[ 15.75328, "o", "l" ]
[ 16.00826, "o", "\u001b[?2004l\r\r\n" ]
[ 16.17766, "o", "- \u001b[32mI\u001b[0m\u001b[32m|pkg: \u001b[0mSuccessfully set link from path \u001b[0m\r\n" ]
[ 16.20327, "o", "- \u001b[32mI\u001b[0m\u001b[32m|env: \u001b[0mSuccessfully set perl=5.34.1.1 in the current environment.\u001b[0m\r\n" ]
[ 16.27100, "o", "- \u001b[32mI\u001b[0m\u001b[32m|env: \u001b[0mConfig file updated to /root/.x-cmd.root/local/data/env/version\u001b[0m\r\n" ]
[ 16.27112, "o", "\u001b[1m\u001b[7m#\u001b[27m\u001b[1m\u001b[0m                                                                                                   \r \r\r\u001b[0m\u001b[27m\u001b[24m\u001b[J\r\n\u001b[19491001\u001b[1;35m> \u001b[20210325\u001b[0m" ]
[ 16.27117, "o", "\u001b[K\u001b[?2004h" ]
[ 18.01091, "o", "#\b# P" ]
[ 18.06279, "o", "r" ]
[ 18.11593, "o", "i" ]
[ 18.16789, "o", "n" ]
[ 18.22049, "o", "t" ]
[ 18.27313, "o", " " ]
[ 18.32573, "o", "f" ]
[ 18.37749, "o", "i" ]
[ 18.42922, "o", "l" ]
[ 18.48174, "o", "e" ]
[ 18.53385, "o", " " ]
[ 18.58603, "o", "c" ]
[ 18.63797, "o", "o" ]
[ 18.69031, "o", "n" ]
[ 18.74244, "o", "t" ]
[ 18.79446, "o", "e" ]
[ 18.84630, "o", "n" ]
[ 18.89807, "o", "t" ]
[ 18.95029, "o", "\u001b[?2004l\r\r\n\u001b[1m\u001b[7m#\u001b[27m\u001b[1m\u001b[0m                                                                                                   \r \r\r\u001b[0m\u001b[27m\u001b[24m\u001b[J\r\n\u001b[19491001\u001b[1;35m> \u001b[20210325\u001b[0m\u001b[K\u001b[?2004h" ]
[ 20.45425, "o", "p" ]
[ 20.50617, "o", "\bpe" ]
[ 20.55786, "o", "r" ]
[ 20.61016, "o", "l" ]
[ 20.66224, "o", " " ]
[ 20.71553, "o", "-" ]
[ 20.77118, "o", "p" ]
[ 20.82423, "o", "e" ]
[ 20.87614, "o", " " ]
[ 20.92806, "o", "'" ]
[ 20.98004, "o", "p" ]
[ 21.03188, "o", "r" ]
[ 21.08379, "o", "i" ]
[ 21.13604, "o", "n" ]
[ 21.18794, "o", "t" ]
