{"version":2,"width":100,"height":26,"timestamp":1689995928,"env":{"SHELL":"","TERM":"xterm"}}
[ 0.00000, "o", "" ]
[ 0.13397, "o", "\u001b[19491001\u001b[1;35m> \u001b[20210325\u001b[0m\u001b[K\u001b[?2004h" ]
[ 0.41224, "o", "#\b# " ]
[ 0.41237, "o", "U" ]
[ 0.46417, "o", "s" ]
[ 0.51583, "o", "e" ]
[ 0.56778, "o", " " ]
[ 0.61923, "o", "t" ]
[ 0.67124, "o", "h" ]
[ 0.72310, "o", "e" ]
[ 0.77511, "o", " " ]
[ 0.82654, "o", "`" ]
[ 0.87810, "o", "x" ]
[ 0.92989, "o", " " ]
[ 0.98161, "o", "q" ]
[ 1.03309, "o", "r" ]
[ 1.08449, "o", "e" ]
[ 1.13611, "o", "n" ]
[ 1.18792, "o", "c" ]
[ 1.23951, "o", "o" ]
[ 1.29129, "o", "d" ]
[ 1.34288, "o", "e" ]
[ 1.39484, "o", "`" ]
[ 1.44634, "o", " " ]
[ 1.49889, "o", "c" ]
[ 1.55086, "o", "o" ]
[ 1.60277, "o", "m" ]
[ 1.65433, "o", "m" ]
[ 1.70633, "o", "a" ]
[ 1.75851, "o", "n" ]
[ 1.81059, "o", "d" ]
[ 1.86242, "o", " " ]
[ 1.91379, "o", "f" ]
[ 1.96579, "o", "o" ]
[ 2.01772, "o", "r" ]
[ 2.06983, "o", "m" ]
[ 2.12193, "o", "a" ]
[ 2.17409, "o", "t" ]
[ 2.22568, "o", " " ]
[ 2.27718, "o", "t" ]
[ 2.32987, "o", "o" ]
[ 2.38143, "o", " " ]
[ 2.43344, "o", "q" ]
[ 2.48525, "o", "u" ]
[ 2.53728, "o", "i" ]
[ 2.58921, "o", "c" ]
[ 2.64099, "o", "k" ]
[ 2.69300, "o", "l" ]
[ 2.74438, "o", "y" ]
[ 2.79681, "o", " " ]
[ 2.84845, "o", "u" ]
[ 2.90033, "o", "s" ]
[ 2.95223, "o", "e" ]
[ 3.00377, "o", " " ]
[ 3.05558, "o", "t" ]
[ 3.10708, "o", "h" ]
[ 3.15871, "o", "e" ]
[ 3.21047, "o", " " ]
[ 3.26266, "o", "`" ]
[ 3.31483, "o", "q" ]
[ 3.36682, "o", "r" ]
[ 3.41870, "o", "e" ]
[ 3.47027, "o", "n" ]
[ 3.52212, "o", "c" ]
[ 3.57369, "o", "o" ]
[ 3.62545, "o", "d" ]
[ 3.67687, "o", "e" ]
[ 3.72886, "o", "`" ]
[ 3.78053, "o", " " ]
[ 3.83233, "o", "c" ]
[ 3.88398, "o", "o" ]
[ 3.93545, "o", "m" ]
[ 3.98737, "o", "m" ]
[ 4.03877, "o", "a" ]
[ 4.09087, "o", "n" ]
[ 4.14350, "o", "d" ]
[ 4.19530, "o", "\u001b[?2004l\r\r\n\u001b[1m\u001b[7m#\u001b[27m\u001b[1m\u001b[0m                                                                                                   \r \r" ]
[ 4.19544, "o", "\r\u001b[0m\u001b[27m\u001b[24m\u001b[J\r\n\u001b[19491001\u001b[1;35m> \u001b[20210325\u001b[0m\u001b[K\u001b[?2004h" ]
[ 5.69856, "o", "x" ]
[ 5.75092, "o", "\bx " ]
[ 5.80266, "o", "q" ]
[ 5.85463, "o", "r" ]
[ 5.90670, "o", "e" ]
[ 5.95871, "o", "n" ]
[ 6.01055, "o", "c" ]
[ 6.06250, "o", "o" ]
[ 6.11438, "o", "d" ]
[ 6.16592, "o", "e" ]
[ 6.21775, "o", " " ]
[ 6.26980, "o", "-" ]
[ 6.32200, "o", "-" ]
[ 6.37367, "o", "v" ]
[ 6.42513, "o", "e" ]
[ 6.47748, "o", "r" ]
[ 6.52923, "o", "s" ]
[ 6.58106, "o", "i" ]
[ 6.63283, "o", "o" ]
[ 6.68459, "o", "n" ]
[ 6.93791, "o", "\u001b[?2004l\r\r\n" ]
[ 7.01320, "o", "qrencode version 4.1.1\r\nCopyright (C) 2006-2017 Kentaro Fukuchi\r\n" ]
[ 7.01348, "o", "\u001b[1m\u001b[7m#\u001b[27m\u001b[1m\u001b[0m                                                                                                   \r \r" ]
[ 7.01360, "o", "\r\u001b[0m\u001b[27m\u001b[24m\u001b[J\r\n\u001b[19491001\u001b[1;35m> \u001b[20210325\u001b[0m\u001b[K\u001b[?2004h" ]
[ 8.94040, "o", "#\b# U" ]
[ 8.99204, "o", "s" ]
[ 9.04409, "o", "i" ]
[ 9.09622, "o", "n" ]
[ 9.14774, "o", "g" ]
[ 9.19982, "o", " " ]
[ 9.25145, "o", "`" ]
[ 9.30356, "o", "x" ]
[ 9.35523, "o", " " ]
[ 9.40707, "o", "e" ]
[ 9.45889, "o", "n" ]
[ 9.51080, "o", "v" ]
[ 9.56303, "o", " " ]
[ 9.61445, "o", "u" ]
[ 9.66628, "o", "s" ]
[ 9.71769, "o", "e" ]
[ 9.76949, "o", "`" ]
[ 9.82129, "o", " " ]
[ 9.87274, "o", "c" ]
[ 9.92438, "o", "a" ]
[ 9.97586, "o", "n" ]
[ 10.02789, "o", " " ]
[ 10.07931, "o", "a" ]
[ 10.13137, "o", "u" ]
[ 10.18307, "o", "t" ]
[ 10.23463, "o", "o" ]
[ 10.28653, "o", "m" ]
[ 10.33811, "o", "a" ]
[ 10.39027, "o", "t" ]
[ 10.44180, "o", "i" ]
[ 10.49352, "o", "c" ]
[ 10.54519, "o", "a" ]
[ 10.59748, "o", "l" ]
[ 10.64927, "o", "l" ]
[ 10.70113, "o", "y" ]
[ 10.75299, "o", " " ]
[ 10.80457, "o", "i" ]
[ 10.85642, "o", "n" ]
[ 10.90779, "o", "s" ]
[ 10.95983, "o", "t" ]
[ 11.01177, "o", "a" ]
[ 11.06365, "o", "l" ]
[ 11.11556, "o", "l" ]
[ 11.16748, "o", " " ]
[ 11.21953, "o", "a" ]
[ 11.27104, "o", "n" ]
[ 11.32311, "o", "d" ]
[ 11.37471, "o", " " ]
[ 11.42660, "o", "c" ]
[ 11.47845, "o", "o" ]
[ 11.53044, "o", "n" ]
[ 11.58203, "o", "f" ]
[ 11.63386, "o", "i" ]
[ 11.68588, "o", "g" ]
[ 11.73735, "o", "u" ]
[ 11.78938, "o", "r" ]
[ 11.84085, "o", "e" ]
[ 11.89335, "o", " " ]
[ 11.94529, "o", "c" ]
[ 11.99698, "o", "o" ]
[ 12.04891, "o", "r" ]
[ 12.10084, "o", "r" ]
[ 12.15282, "o", "e" ]
[ 12.20421, "o", "s" ]
[ 12.25609, "o", "p" ]
[ 12.30741, "o", "o" ]
[ 12.35960, "o", "n" ]
[ 12.41149, "o", "d" ]
[ 12.46318, "o", "i" ]
[ 12.51501, "o", "n" ]
[ 12.56693, "o", "g" ]
[ 12.61865, "o", " " ]
[ 12.67006, "o", "g" ]
[ 12.72195, "o", "l" ]
[ 12.77428, "o", "o" ]
[ 12.82642, "o", "b" ]
[ 12.87857, "o", "a" ]
[ 12.93063, "o", "l" ]
[ 12.98263, "o", " " ]
[ 13.03419, "o", "e" ]
[ 13.08610, "o", "n" ]
[ 13.13750, "o", "v" ]
[ 13.18950, "o", "i" ]
[ 13.24188, "o", "r" ]
[ 13.29438, "o", "o" ]
[ 13.34629, "o", "n" ]
[ 13.39805, "o", "m" ]
[ 13.45001, "o", "e" ]
[ 13.50159, "o", "n" ]
[ 13.55399, "o", "t" ]
[ 13.60556, "o", " " ]
[ 13.65724, "o", "v" ]
[ 13.70905, "o", "a" ]
[ 13.76111, "o", "r" ]
[ 13.81327, "o", "i" ]
[ 13.86495, "o", "a \r\u001b[K" ]
[ 13.91685, "o", "b" ]
[ 13.96836, "o", "\rbl" ]
[ 14.02083, "o", "e" ]
[ 14.07280, "o", "s" ]
[ 14.12468, "o", "\u001b[?2004l\r\r\n" ]
[ 14.12488, "o", "\u001b[1m\u001b[7m#\u001b[27m\u001b[1m\u001b[0m                                                                                                   \r \r\r\u001b[0m\u001b[27m\u001b[24m\u001b[J\r\n\u001b[19491001\u001b[1;35m> \u001b[20210325\u001b[0m\u001b[K\u001b[?2004h" ]
[ 15.62775, "o", "x" ]
[ 15.67994, "o", "\bx " ]
[ 15.73177, "o", "e" ]
[ 15.78344, "o", "n" ]
[ 15.83538, "o", "v" ]
[ 15.88687, "o", " " ]
[ 15.93878, "o", "u" ]
[ 15.99031, "o", "s" ]
[ 16.04227, "o", "e" ]
[ 16.09410, "o", " " ]
[ 16.14652, "o", "q" ]
[ 16.19806, "o", "r" ]
[ 16.25019, "o", "e" ]
[ 16.30229, "o", "n" ]
[ 16.35369, "o", "c" ]
[ 16.40566, "o", "o" ]
[ 16.45703, "o", "d" ]
[ 16.50888, "o", "e" ]
[ 16.76275, "o", "\u001b[?2004l\r\r\n" ]
[ 16.87050, "o", "- \u001b[32mI\u001b[0m\u001b[32m|pkg: \u001b[0mSuccessfully set link from path \u001b[0m\r\n" ]
[ 16.89196, "o", "- \u001b[32mI\u001b[0m\u001b[32m|env: \u001b[0mSuccessfully set qrencode=v0.0.1 in the current environment.\u001b[0m\r\n" ]
[ 16.94932, "o", "- \u001b[32mI\u001b[0m\u001b[32m|env: \u001b[0mConfig file updated to /root/.x-cmd.root/local/data/env/version\u001b[0m\r\n" ]
[ 16.94945, "o", "\u001b[1m\u001b[7m#\u001b[27m\u001b[1m\u001b[0m                                                                                                   \r \r\r\u001b[0m\u001b[27m\u001b[24m\u001b[J\r\n\u001b[19491001\u001b[1;35m> \u001b[20210325\u001b[0m\u001b[K\u001b[?2004h" ]
[ 18.76449, "o", "#\b# " ]
[ 18.76467, "o", "C" ]
[ 18.81639, "o", "o" ]
[ 18.86803, "o", "n" ]
[ 18.91958, "o", "v" ]
[ 18.97142, "o", "e" ]
[ 19.02298, "o", "r" ]
[ 19.07482, "o", "t" ]
[ 19.17044, "o", " " ]
[ 19.22224, "o", "s" ]
[ 19.27353, "o", "t" ]
[ 19.32558, "o", "r" ]
[ 19.37736, "o", "i" ]
[ 19.42992, "o", "n" ]
[ 19.48250, "o", "g" ]
[ 19.53429, "o", " " ]
[ 19.58622, "o", "o" ]
[ 19.63763, "o", "r" ]
[ 19.68911, "o", " " ]
[ 19.74082, "o", "U" ]
[ 19.79263, "o", "R" ]
[ 19.84421, "o", "L" ]
[ 19.89644, "o", " " ]
[ 19.94839, "o", "l" ]
[ 20.00019, "o", "i" ]
[ 20.05177, "o", "n" ]
[ 20.10338, "o", "k" ]
[ 20.15548, "o", " " ]
[ 20.20690, "o", "t" ]
[ 20.25885, "o", "o" ]
[ 20.31134, "o", " " ]
[ 20.36308, "o", "Q" ]
[ 20.41463, "o", "R" ]
[ 20.46632, "o", " " ]
[ 20.51825, "o", "c" ]
[ 20.57107, "o", "o" ]
[ 20.62230, "o", "d" ]
[ 20.67434, "o", "e" ]
[ 20.72712, "o", " " ]
[ 20.77966, "o", "a" ]
[ 20.83126, "o", "n" ]
[ 20.88304, "o", "d" ]
[ 20.93453, "o", " " ]
[ 20.98726, "o", "o" ]
[ 21.03908, "o", "u" ]
[ 21.09083, "o", "t" ]
[ 21.14263, "o", "p" ]
[ 21.19411, "o", "u" ]
[ 21.24581, "o", "t" ]
[ 21.29732, "o", " " ]
