{"version":2,"width":100,"height":26,"timestamp":1690612155,"env":{"SHELL":"","TERM":"xterm"}}
[ 0.00000, "o", "" ]
[ 0.13013, "o", "\u001b[19491001\u001b[1;35m> \u001b[20210325\u001b[0m\u001b[K\u001b[?2004h" ]
[ 0.41643, "o", "#\b# " ]
[ 0.41657, "o", "U" ]
[ 0.46827, "o", "s" ]
[ 0.51974, "o", "e" ]
[ 0.57172, "o", " " ]
[ 0.62370, "o", "t" ]
[ 0.67549, "o", "h" ]
[ 0.72718, "o", "e" ]
[ 0.77956, "o", " " ]
[ 0.83132, "o", "`" ]
[ 0.88294, "o", "x" ]
[ 0.93566, "o", " " ]
[ 0.98748, "o", "r" ]
[ 1.03966, "o", "a" ]
[ 1.09232, "o", "k" ]
[ 1.14359, "o", "u" ]
[ 1.19505, "o", "`" ]
[ 1.24707, "o", " " ]
[ 1.29844, "o", "c" ]
[ 1.35066, "o", "o" ]
[ 1.40286, "o", "m" ]
[ 1.45469, "o", "m" ]
[ 1.50652, "o", "a" ]
[ 1.55820, "o", "n" ]
[ 1.61039, "o", "d" ]
[ 1.66210, "o", " " ]
[ 1.71385, "o", "f" ]
[ 1.76528, "o", "o" ]
[ 1.81713, "o", "r" ]
[ 1.86907, "o", "m" ]
[ 1.92077, "o", "a" ]
[ 1.97277, "o", "t" ]
[ 2.02486, "o", " " ]
[ 2.07682, "o", "t" ]
[ 2.12857, "o", "o" ]
[ 2.18012, "o", " " ]
[ 2.23183, "o", "q" ]
[ 2.28344, "o", "u" ]
[ 2.33545, "o", "i" ]
[ 2.38733, "o", "c" ]
[ 2.43895, "o", "k" ]
[ 2.49077, "o", "l" ]
[ 2.54220, "o", "y" ]
[ 2.59415, "o", " " ]
[ 2.64577, "o", "u" ]
[ 2.69774, "o", "s" ]
[ 2.74948, "o", "e" ]
[ 2.80093, "o", " " ]
[ 2.85290, "o", "t" ]
[ 2.90456, "o", "h" ]
[ 2.95670, "o", "e" ]
[ 3.00820, "o", " " ]
[ 3.06026, "o", "`" ]
[ 3.11171, "o", "r" ]
[ 3.16353, "o", "a" ]
[ 3.21573, "o", "k" ]
[ 3.26753, "o", "u" ]
[ 3.31949, "o", "`" ]
[ 3.37214, "o", " " ]
[ 3.42416, "o", "c" ]
[ 3.47580, "o", "o" ]
[ 3.52805, "o", "m" ]
[ 3.58022, "o", "m" ]
[ 3.63130, "o", "a" ]
[ 3.68322, "o", "n" ]
[ 3.73488, "o", "d" ]
[ 3.78732, "o", "\u001b[?2004l\r\r\n" ]
[ 3.78742, "o", "\u001b[1m\u001b[7m#\u001b[27m\u001b[1m\u001b[0m                                                                                                   \r \r\r\u001b[0m\u001b[27m\u001b[24m\u001b[J\r\n\u001b[19491001\u001b[1;35m> \u001b[20210325\u001b[0m\u001b[K\u001b[?2004h" ]
[ 5.29068, "o", "x" ]
[ 5.34297, "o", "\bx " ]
[ 5.39496, "o", "r" ]
[ 5.44686, "o", "a" ]
[ 5.49846, "o", "k" ]
[ 5.55002, "o", "u" ]
[ 5.60212, "o", " " ]
[ 5.65407, "o", "-" ]
[ 5.70557, "o", "-" ]
[ 5.75742, "o", "v" ]
[ 5.80960, "o", "e" ]
[ 5.86155, "o", "r" ]
[ 5.91346, "o", "s" ]
[ 5.96538, "o", "i" ]
[ 6.01744, "o", "o" ]
[ 6.06900, "o", "n" ]
[ 6.32238, "o", "\u001b[?2004l\r\r\n" ]
[ 6.36116, "o", "Welcome to Rakudo™ v2023.06.\r\nImplementing the Raku® Programming Language v6.d.\r\nBuilt on MoarVM version 2023.06.\r\n" ]
[ 6.36198, "o", "\u001b[1m\u001b[7m#\u001b[27m\u001b[1m\u001b[0m                                                                                                   \r \r" ]
[ 6.36216, "o", "\r\u001b[0m\u001b[27m\u001b[24m\u001b[J\r\n\u001b[19491001\u001b[1;35m> \u001b[20210325\u001b[0m\u001b[K\u001b[?2004h" ]
[ 8.32414, "o", "#\b# U" ]
[ 8.37627, "o", "s" ]
[ 8.42785, "o", "i" ]
[ 8.48002, "o", "n" ]
[ 8.53236, "o", "g" ]
[ 8.58442, "o", " " ]
[ 8.63641, "o", "`" ]
[ 8.68777, "o", "x" ]
[ 8.73961, "o", " " ]
[ 8.79111, "o", "e" ]
[ 8.84302, "o", "n" ]
[ 8.89494, "o", "v" ]
[ 8.94713, "o", " " ]
[ 8.99909, "o", "u" ]
[ 9.05145, "o", "s" ]
[ 9.10332, "o", "e" ]
[ 9.15488, "o", "`" ]
[ 9.20675, "o", " " ]
[ 9.25826, "o", "c" ]
[ 9.31005, "o", "a" ]
[ 9.36215, "o", "n" ]
[ 9.41482, "o", " " ]
[ 9.46671, "o", "a" ]
[ 9.51874, "o", "u" ]
[ 9.57082, "o", "t" ]
[ 9.62233, "o", "o" ]
[ 9.67419, "o", "m" ]
[ 9.72606, "o", "a" ]
[ 9.77928, "o", "t" ]
[ 9.83101, "o", "i" ]
[ 9.88298, "o", "c" ]
[ 9.93478, "o", "a" ]
[ 9.98632, "o", "l" ]
[ 10.03812, "o", "l" ]
[ 10.08976, "o", "y" ]
[ 10.14169, "o", " " ]
[ 10.19329, "o", "i" ]
[ 10.24573, "o", "n" ]
[ 10.29771, "o", "s" ]
[ 10.34971, "o", "t" ]
[ 10.40167, "o", "a" ]
[ 10.45305, "o", "l" ]
[ 10.50525, "o", "l" ]
[ 10.55681, "o", " " ]
[ 10.60884, "o", "a" ]
[ 10.66072, "o", "n" ]
[ 10.71264, "o", "d" ]
[ 10.76499, "o", " " ]
[ 10.81679, "o", "c" ]
[ 10.86838, "o", "o" ]
[ 10.91985, "o", "n" ]
[ 10.97212, "o", "f" ]
[ 11.02371, "o", "i" ]
[ 11.07571, "o", "g" ]
[ 11.12778, "o", "u" ]
[ 11.17926, "o", "r" ]
[ 11.23102, "o", "e" ]
[ 11.28252, "o", " " ]
[ 11.33454, "o", "c" ]
[ 11.38581, "o", "o" ]
[ 11.43816, "o", "r" ]
[ 11.48973, "o", "r" ]
[ 11.54180, "o", "e" ]
[ 11.59362, "o", "s" ]
[ 11.64539, "o", "p" ]
[ 11.69754, "o", "o" ]
[ 11.74964, "o", "n" ]
[ 11.80161, "o", "d" ]
[ 11.85322, "o", "i" ]
[ 11.90530, "o", "n" ]
[ 11.95724, "o", "g" ]
[ 12.00921, "o", " " ]
[ 12.06105, "o", "g" ]
[ 12.11249, "o", "l" ]
[ 12.16440, "o", "o" ]
[ 12.21600, "o", "b" ]
[ 12.26808, "o", "a" ]
[ 12.31966, "o", "l" ]
[ 12.37194, "o", " " ]
[ 12.42388, "o", "e" ]
[ 12.47530, "o", "n" ]
[ 12.52710, "o", "v" ]
[ 12.57864, "o", "i" ]
[ 12.63046, "o", "r" ]
[ 12.68200, "o", "o" ]
[ 12.73414, "o", "n" ]
[ 12.78590, "o", "m" ]
[ 12.83784, "o", "e" ]
[ 12.88922, "o", "n" ]
[ 12.94123, "o", "t" ]
[ 12.99302, "o", " " ]
[ 13.04473, "o", "v" ]
[ 13.09682, "o", "a" ]
[ 13.14835, "o", "r" ]
[ 13.20023, "o", "i" ]
[ 13.25214, "o", "a \r\u001b[K" ]
[ 13.30367, "o", "b" ]
[ 13.35547, "o", "\rbl" ]
[ 13.40720, "o", "e" ]
[ 13.45870, "o", "s" ]
[ 13.51090, "o", "\u001b[?2004l\r\r\n" ]
[ 13.51102, "o", "\u001b[1m\u001b[7m#\u001b[27m\u001b[1m\u001b[0m                                                                                                   \r \r\r\u001b[0m\u001b[27m\u001b[24m\u001b[J\r\n\u001b[19491001\u001b[1;35m> \u001b[20210325\u001b[0m\u001b[K\u001b[?2004h" ]
[ 15.01486, "o", "x" ]
[ 15.06726, "o", "\bx " ]
[ 15.11955, "o", "e" ]
[ 15.17164, "o", "n" ]
[ 15.22335, "o", "v" ]
[ 15.27493, "o", " " ]
[ 15.32687, "o", "u" ]
[ 15.37881, "o", "s" ]
[ 15.43019, "o", "e" ]
[ 15.48191, "o", " " ]
[ 15.53333, "o", "r" ]
[ 15.58506, "o", "a" ]
[ 15.63647, "o", "k" ]
[ 15.68855, "o", "u" ]
[ 15.94191, "o", "\u001b[?2004l\r\r\n" ]
[ 16.17296, "o", "- \u001b[32mI\u001b[0m\u001b[32m|pkg: \u001b[0mSuccessfully set link from path \u001b[0m\r\n" ]
[ 16.19540, "o", "- \u001b[32mI\u001b[0m\u001b[32m|env: \u001b[0mSuccessfully set raku=2023.06 in the current environment.\u001b[0m\r\n" ]
[ 16.25888, "o", "- \u001b[32mI\u001b[0m\u001b[32m|env: \u001b[0mConfig file updated to /root/.x-cmd.root/local/data/env/version\u001b[0m\r\n" ]
[ 16.25909, "o", "\u001b[1m\u001b[7m#\u001b[27m\u001b[1m\u001b[0m                                                                                                   \r \r\r\u001b[0m\u001b[27m\u001b[24m\u001b[J\r\n\u001b[19491001\u001b[1;35m> \u001b[20210325\u001b[0m\u001b[K\u001b[?2004h" ]
[ 17.94371, "o", "#\b# E" ]
[ 17.99546, "o", "x" ]
[ 18.04741, "o", "e" ]
[ 18.09945, "o", "c" ]
[ 18.15117, "o", "u" ]
[ 18.20307, "o", "t" ]
[ 18.25463, "o", "i" ]
[ 18.30646, "o", "n" ]
[ 18.35804, "o", "g" ]
[ 18.41030, "o", " " ]
[ 18.46194, "o", "r" ]
[ 18.51379, "o", "a" ]
[ 18.56565, "o", "k" ]
[ 18.61730, "o", "u" ]
[ 18.66931, "o", " " ]
[ 18.72083, "o", "c" ]
[ 18.77341, "o", "o" ]
[ 18.82530, "o", "d" ]
[ 18.87730, "o", "e" ]
[ 18.92925, "o", " " ]
[ 18.98066, "o", "f" ]
[ 19.03261, "o", "i" ]
[ 19.08454, "o", "l" ]
[ 19.13641, "o", "e" ]
[ 19.18784, "o", "s" ]
[ 19.23941, "o", "\u001b[?2004l\r\r\n\u001b[1m\u001b[7m#\u001b[27m\u001b[1m\u001b[0m                                                                                                   \r \r" ]
[ 19.23948, "o", "\r\u001b[0m\u001b[27m\u001b[24m\u001b[J\r\n\u001b[19491001\u001b[1;35m> \u001b[20210325\u001b[0m\u001b[K\u001b[?2004h" ]
[ 20.74306, "o", "x" ]
[ 20.79533, "o", "\bx " ]
[ 20.84701, "o", "c" ]
[ 20.89878, "o", "a" ]
[ 20.95026, "o", "t" ]
[ 21.00249, "o", " " ]
[ 21.05441, "o", "h" ]
[ 21.10633, "o", "e" ]
[ 21.15841, "o", "l" ]
[ 21.20981, "o", "l" ]
[ 21.26162, "o", "o" ]
[ 21.31298, "o", "." ]
[ 21.36494, "o", "r" ]
[ 21.41642, "o", "a" ]
[ 21.46904, "o", "k" ]
[ 21.52125, "o", "u" ]
[ 21.77471, "o", "\u001b[?2004l\r\r\n" ]
