{"version":2,"width":100,"height":26,"timestamp":1689846745,"env":{"SHELL":"","TERM":"xterm"}}
[ 0.00000, "o", "" ]
[ 0.16301, "o", "\u001b[19491001\u001b[1;35m> \u001b[20210325\u001b[0m" ]
[ 0.16312, "o", "\u001b[K\u001b[?2004h" ]
[ 0.37540, "o", "#\b# " ]
[ 0.37555, "o", "U" ]
[ 0.42734, "o", "s" ]
[ 0.47912, "o", "e" ]
[ 0.53087, "o", " " ]
[ 0.58288, "o", "t" ]
[ 0.63493, "o", "h" ]
[ 0.68717, "o", "e" ]
[ 0.73944, "o", " " ]
[ 0.79182, "o", "`" ]
[ 0.84350, "o", "x" ]
[ 0.89572, "o", " " ]
[ 0.94769, "o", "r" ]
[ 1.00023, "o", "c" ]
[ 1.05249, "o", "l" ]
[ 1.10486, "o", "o" ]
[ 1.15653, "o", "n" ]
[ 1.20895, "o", "e" ]
[ 1.26175, "o", "`" ]
[ 1.31365, "o", " " ]
[ 1.36545, "o", "c" ]
[ 1.41725, "o", "o" ]
[ 1.46973, "o", "m" ]
[ 1.52186, "o", "m" ]
[ 1.57419, "o", "a" ]
[ 1.62643, "o", "n" ]
[ 1.67861, "o", "d" ]
[ 1.73119, "o", " " ]
[ 1.78274, "o", "f" ]
[ 1.83533, "o", "o" ]
[ 1.88729, "o", "r" ]
[ 1.93945, "o", "m" ]
[ 1.99205, "o", "a" ]
[ 2.04378, "o", "t" ]
[ 2.09591, "o", " " ]
[ 2.14756, "o", "t" ]
[ 2.19969, "o", "o" ]
[ 2.25155, "o", " " ]
[ 2.30392, "o", "q" ]
[ 2.35617, "o", "u" ]
[ 2.40898, "o", "i" ]
[ 2.46131, "o", "c" ]
[ 2.51334, "o", "k" ]
[ 2.56551, "o", "l" ]
[ 2.61723, "o", "y" ]
[ 2.66933, "o", " " ]
[ 2.72134, "o", "u" ]
[ 2.77371, "o", "s" ]
[ 2.82596, "o", "e" ]
[ 2.87853, "o", " " ]
[ 2.93080, "o", "t" ]
[ 2.98304, "o", "h" ]
[ 3.03491, "o", "e" ]
[ 3.08693, "o", " " ]
[ 3.13901, "o", "`" ]
[ 3.19178, "o", "r" ]
[ 3.24370, "o", "c" ]
[ 3.29619, "o", "l" ]
[ 3.34843, "o", "o" ]
[ 3.40042, "o", "n" ]
[ 3.45231, "o", "e" ]
[ 3.50449, "o", "`" ]
[ 3.55632, "o", " " ]
[ 3.60843, "o", "c" ]
[ 3.66008, "o", "o" ]
[ 3.71287, "o", "m" ]
[ 3.76502, "o", "m" ]
[ 3.81772, "o", "a" ]
[ 3.86973, "o", "n" ]
[ 3.92191, "o", "d" ]
[ 3.97404, "o", "\u001b[?2004l\r\r\n" ]
[ 3.97422, "o", "\u001b[1m\u001b[7m#\u001b[27m\u001b[1m\u001b[0m                                                                                                   \r \r\r\u001b[0m\u001b[27m\u001b[24m\u001b[J\r\n\u001b[19491001\u001b[1;35m> \u001b[20210325\u001b[0m\u001b[K\u001b[?2004h" ]
[ 4.47608, "o", "x" ]
[ 4.52793, "o", "\bx " ]
[ 4.58028, "o", "r" ]
[ 4.63212, "o", "c" ]
[ 4.68416, "o", "l" ]
[ 4.73583, "o", "o" ]
[ 4.78852, "o", "n" ]
[ 4.84041, "o", "e" ]
[ 4.90787, "o", " " ]
[ 4.96012, "o", "-" ]
[ 5.01271, "o", "-" ]
[ 5.06505, "o", "v" ]
[ 5.11713, "o", "e" ]
[ 5.16931, "o", "r" ]
[ 5.22123, "o", "s" ]
[ 5.27341, "o", "i" ]
[ 5.32533, "o", "o" ]
[ 5.37750, "o", "n" ]
[ 5.63213, "o", "\u001b[?2004l\r\r\n" ]
[ 5.77881, "o", "rclone v1.62.2\r\n- os/version: fedora 37 (64 bit)\r\n- os/kernel: 5.15.90.1-microsoft-standard-WSL2 (x86_64)\r\n- os/type: linux\r\n- os/arch: amd64\r\n- go/version: go1.20.2\r\n- go/linking: static\r\n- go/tags: none\r\n" ]
[ 5.78092, "o", "\u001b[1m\u001b[7m#\u001b[27m\u001b[1m\u001b[0m                                                                                                   \r \r" ]
[ 5.78100, "o", "\r\u001b[0m\u001b[27m\u001b[24m\u001b[J\r\n\u001b[19491001\u001b[1;35m> \u001b[20210325\u001b[0m\u001b[K\u001b[?2004h" ]
[ 7.63483, "o", "#\b# U" ]
[ 7.68762, "o", "s" ]
[ 7.73980, "o", "i" ]
[ 7.79165, "o", "n" ]
[ 7.84454, "o", "g" ]
[ 7.89695, "o", " " ]
[ 7.94891, "o", "`" ]
[ 8.00161, "o", "x" ]
[ 8.05333, "o", " " ]
[ 8.10620, "o", "e" ]
[ 8.15822, "o", "n" ]
[ 8.21031, "o", "v" ]
[ 8.26204, "o", " " ]
[ 8.31492, "o", "u" ]
[ 8.36694, "o", "s" ]
[ 8.41861, "o", "e" ]
[ 8.47037, "o", "`" ]
[ 8.52199, "o", " " ]
[ 8.57415, "o", "c" ]
[ 8.62591, "o", "a" ]
[ 8.67798, "o", "n" ]
[ 8.72958, "o", " " ]
[ 8.78166, "o", "a" ]
[ 8.83337, "o", "u" ]
[ 8.88522, "o", "t" ]
[ 8.93710, "o", "o" ]
[ 8.98894, "o", "m" ]
[ 9.04116, "o", "a" ]
[ 9.09305, "o", "t" ]
[ 9.14543, "o", "i" ]
[ 9.19763, "o", "c" ]
[ 9.24966, "o", "a" ]
[ 9.30166, "o", "l" ]
[ 9.35364, "o", "l" ]
[ 9.40706, "o", "y" ]
[ 9.45870, "o", " " ]
[ 9.51067, "o", "i" ]
[ 9.56226, "o", "n" ]
[ 9.61459, "o", "s" ]
[ 9.66667, "o", "t" ]
[ 9.71863, "o", "a" ]
[ 9.77108, "o", "l" ]
[ 9.82400, "o", "l" ]
[ 9.87588, "o", " " ]
[ 9.92789, "o", "a" ]
[ 9.98017, "o", "n" ]
[ 10.03268, "o", "d" ]
[ 10.08558, "o", " " ]
[ 10.13796, "o", "c" ]
[ 10.18982, "o", "o" ]
[ 10.24219, "o", "n" ]
[ 10.29436, "o", "f" ]
[ 10.34686, "o", "i" ]
[ 10.39882, "o", "g" ]
[ 10.45277, "o", "u" ]
[ 10.50435, "o", "r" ]
[ 10.55655, "o", "e" ]
[ 10.60854, "o", " " ]
[ 10.66084, "o", "c" ]
[ 10.71275, "o", "o" ]
[ 10.76436, "o", "r" ]
[ 10.81700, "o", "r" ]
[ 10.86915, "o", "e" ]
[ 10.92119, "o", "s" ]
[ 10.97336, "o", "p" ]
[ 11.02520, "o", "o" ]
[ 11.07701, "o", "n" ]
[ 11.12892, "o", "d" ]
[ 11.18109, "o", "i" ]
[ 11.23284, "o", "n" ]
[ 11.28569, "o", "g" ]
[ 11.33743, "o", " " ]
[ 11.38952, "o", "g" ]
[ 11.44135, "o", "l" ]
[ 11.49313, "o", "o" ]
[ 11.54582, "o", "b" ]
[ 11.59780, "o", "a" ]
[ 11.64993, "o", "l" ]
[ 11.70171, "o", " " ]
[ 11.75378, "o", "e" ]
[ 11.80621, "o", "n" ]
[ 11.85862, "o", "v" ]
[ 11.91108, "o", "i" ]
[ 11.96287, "o", "r" ]
[ 12.01494, "o", "o" ]
[ 12.06682, "o", "n" ]
[ 12.11893, "o", "m" ]
[ 12.17088, "o", "e" ]
[ 12.22433, "o", "n" ]
[ 12.27652, "o", "t" ]
[ 12.32868, "o", " " ]
[ 12.38080, "o", "v" ]
[ 12.43242, "o", "a" ]
[ 12.48472, "o", "r" ]
[ 12.53669, "o", "i" ]
[ 12.58893, "o", "a \r\u001b[K" ]
[ 12.64057, "o", "b" ]
[ 12.69336, "o", "\rbl" ]
[ 12.74549, "o", "e" ]
[ 12.79808, "o", "s" ]
[ 12.85006, "o", "\u001b[?2004l\r\r\n\u001b[1m\u001b[7m#\u001b[27m\u001b[1m\u001b[0m                                                                                                   \r \r" ]
[ 12.85022, "o", "\r\u001b[0m\u001b[27m\u001b[24m\u001b[J\r\n\u001b[19491001\u001b[1;35m> \u001b[20210325\u001b[0m\u001b[K\u001b[?2004h" ]
[ 13.35206, "o", "x" ]
[ 13.40480, "o", "\bx " ]
[ 13.45664, "o", "e" ]
[ 13.50895, "o", "n" ]
[ 13.56133, "o", "v" ]
[ 13.61346, "o", " " ]
[ 13.66563, "o", "u" ]
[ 13.71730, "o", "s" ]
[ 13.76990, "o", "e" ]
[ 13.82196, "o", " " ]
[ 13.87407, "o", "r" ]
[ 13.92625, "o", "c" ]
[ 13.97841, "o", "l" ]
[ 14.03047, "o", "o" ]
[ 14.08369, "o", "n" ]
[ 14.13581, "o", "e" ]
[ 14.38973, "o", "\u001b[?2004l\r\r\n" ]
[ 14.57307, "o", "- \u001b[32mI\u001b[0m\u001b[32m|pkg: \u001b[0mSuccessfully set link from path \u001b[0m\r\n" ]
[ 14.59717, "o", "- \u001b[32mI\u001b[0m\u001b[32m|env: \u001b[0mSuccessfully set rclone=v0.0.1 in the current environment.\u001b[0m\r\n" ]
[ 14.66236, "o", "- \u001b[32mI\u001b[0m\u001b[32m|env: \u001b[0mConfig file updated to /root/.x-cmd.root/local/data/env/version\u001b[0m\r\n" ]
[ 14.66253, "o", "\u001b[1m\u001b[7m#\u001b[27m\u001b[1m\u001b[0m                                                                                                   \r \r" ]
[ 14.66255, "o", "\r\u001b[0m\u001b[27m\u001b[24m\u001b[J\r\n\u001b[19491001\u001b[1;35m> \u001b[20210325\u001b[0m\u001b[K" ]
[ 14.66261, "o", "\u001b[?2004h" ]
[ 16.39252, "o", "m" ]
[ 16.44443, "o", "\bmk" ]
[ 16.49682, "o", "d" ]
[ 16.54854, "o", "i" ]
[ 16.60077, "o", "r" ]
[ 16.65281, "o", " " ]
[ 16.70577, "o", "d" ]
[ 16.75734, "o", "i" ]
[ 16.80974, "o", "r" ]
[ 16.86225, "o", "_" ]
[ 16.91416, "o", "t" ]
[ 16.96670, "o", "e" ]
[ 17.01853, "o", "s" ]
[ 17.07073, "o", "t" ]
[ 17.12272, "o", "\u001b[?2004l\r\r\n" ]
[ 17.12438, "o", "\u001b[1m\u001b[7m#\u001b[27m\u001b[1m\u001b[0m                                                                                                   \r \r\r\u001b[0m\u001b[27m\u001b[24m\u001b[J\r\n\u001b[19491001\u001b[1;35m> \u001b[20210325\u001b[0m\u001b[K\u001b[?2004h" ]
[ 17.17514, "o", "e" ]
[ 17.22765, "o", "\bec" ]
[ 17.28007, "o", "h" ]
[ 17.33260, "o", "o" ]
[ 17.38464, "o", " " ]
[ 17.43670, "o", "\"" ]
[ 17.48880, "o", "h" ]
[ 17.54092, "o", "e" ]
[ 17.59278, "o", "l" ]
[ 17.64597, "o", "l" ]
[ 17.69752, "o", "o" ]
[ 17.74967, "o", " " ]
[ 17.80159, "o", "x" ]
[ 17.85365, "o", "-" ]
[ 17.90592, "o", "c" ]
[ 17.95788, "o", "m" ]
[ 18.01043, "o", "d" ]
[ 18.06313, "o", "\"" ]
[ 18.11518, "o", " " ]
[ 18.16721, "o", ">" ]
[ 18.21914, "o", " " ]
