{"version":2,"width":100,"height":26,"timestamp":1689841405,"env":{"SHELL":"","TERM":"xterm"}}
[ 0.00000, "o", "" ]
[ 0.18714, "o", "\u001b[19491001\u001b[1;35m> \u001b[20210325\u001b[0m" ]
[ 0.18736, "o", "\u001b[K\u001b[?2004h" ]
[ 0.39439, "o", "#" ]
[ 0.39457, "o", "\b# " ]
[ 0.39469, "o", "U" ]
[ 0.44680, "o", "s" ]
[ 0.49927, "o", "e" ]
[ 0.55214, "o", " " ]
[ 0.60435, "o", "t" ]
[ 0.65708, "o", "h" ]
[ 0.70881, "o", "e" ]
[ 0.76107, "o", " " ]
[ 0.81326, "o", "`" ]
[ 0.86489, "o", "x" ]
[ 0.91668, "o", " " ]
[ 0.96861, "o", "r" ]
[ 1.02129, "o", "g" ]
[ 1.07370, "o", "`" ]
[ 1.12628, "o", " " ]
[ 1.17823, "o", "c" ]
[ 1.23058, "o", "o" ]
[ 1.28326, "o", "m" ]
[ 1.33596, "o", "m" ]
[ 1.38862, "o", "a" ]
[ 1.44091, "o", "n" ]
[ 1.49310, "o", "d" ]
[ 1.54517, "o", " " ]
[ 1.59743, "o", "f" ]
[ 1.64936, "o", "o" ]
[ 1.70185, "o", "r" ]
[ 1.75434, "o", "m" ]
[ 1.80673, "o", "a" ]
[ 1.85865, "o", "t" ]
[ 1.91048, "o", " " ]
[ 1.96303, "o", "t" ]
[ 2.01458, "o", "o" ]
[ 2.06689, "o", " " ]
[ 2.11915, "o", "q" ]
[ 2.17154, "o", "u" ]
[ 2.22358, "o", "i" ]
[ 2.27538, "o", "c" ]
[ 2.32742, "o", "k" ]
[ 2.37926, "o", "l" ]
[ 2.43196, "o", "y" ]
[ 2.48417, "o", " " ]
[ 2.53656, "o", "u" ]
[ 2.58998, "o", "s" ]
[ 2.64240, "o", "e" ]
[ 2.69482, "o", " " ]
[ 2.74653, "o", "t" ]
[ 2.79837, "o", "h" ]
[ 2.85053, "o", "e" ]
[ 2.90302, "o", " " ]
[ 2.95571, "o", "`" ]
[ 3.00809, "o", "r" ]
[ 3.06034, "o", "g" ]
[ 3.11295, "o", "`" ]
[ 3.16527, "o", " " ]
[ 3.21702, "o", "c" ]
[ 3.26946, "o", "o" ]
[ 3.32133, "o", "m" ]
[ 3.37326, "o", "m" ]
[ 3.42524, "o", "a" ]
[ 3.47697, "o", "n" ]
[ 3.52904, "o", "d" ]
[ 3.58127, "o", "\u001b[?2004l\r\r\n" ]
[ 3.58146, "o", "\u001b[1m\u001b[7m#\u001b[27m\u001b[1m\u001b[0m                                                                                                   \r \r\r\u001b[0m\u001b[27m\u001b[24m\u001b[J\r\n\u001b[19491001\u001b[1;35m> \u001b[20210325\u001b[0m\u001b[K\u001b[?2004h" ]
[ 5.08576, "o", "x" ]
[ 5.13854, "o", "\bx " ]
[ 5.19041, "o", "r" ]
[ 5.24206, "o", "g" ]
[ 5.29423, "o", " " ]
[ 5.34586, "o", "-" ]
[ 5.39818, "o", "-" ]
[ 5.45002, "o", "v" ]
[ 5.50216, "o", "e" ]
[ 5.55444, "o", "r" ]
[ 5.60703, "o", "s" ]
[ 5.65923, "o", "i" ]
[ 5.71108, "o", "o" ]
[ 5.76320, "o", "n" ]
[ 6.01748, "o", "\u001b[?2004l\r\r\n" ]
[ 6.11471, "o", "ripgrep 13.0.0 (rev af6b6c543b)\r\n-SIMD -AVX (compiled)\r\n+SIMD +AVX (runtime)" ]
[ 6.11562, "o", "\r\n" ]
[ 6.11625, "o", "\u001b[1m\u001b[7m#\u001b[27m\u001b[1m\u001b[0m                                                                                                   \r \r\r\u001b[0m\u001b[27m\u001b[24m\u001b[J\r\n\u001b[19491001\u001b[1;35m> \u001b[20210325\u001b[0m\u001b[K\u001b[?2004h" ]
[ 7.02033, "o", "#" ]
[ 7.02049, "o", "\b# U" ]
[ 7.07262, "o", "s" ]
[ 7.12463, "o", "i" ]
[ 7.17669, "o", "n" ]
[ 7.22890, "o", "g" ]
[ 7.28181, "o", " " ]
[ 7.33375, "o", "`" ]
[ 7.38575, "o", "x" ]
[ 7.43792, "o", " " ]
[ 7.49060, "o", "e" ]
[ 7.54260, "o", "n" ]
[ 7.59453, "o", "v" ]
[ 7.64660, "o", " " ]
[ 7.69820, "o", "u" ]
[ 7.75112, "o", "s" ]
[ 7.80302, "o", "e" ]
[ 7.85656, "o", "`" ]
[ 7.90853, "o", " " ]
[ 7.96097, "o", "c" ]
[ 8.01327, "o", "a" ]
[ 8.06523, "o", "n" ]
[ 8.11786, "o", " " ]
[ 8.16973, "o", "a" ]
[ 8.22272, "o", "u" ]
[ 8.27461, "o", "t" ]
[ 8.32677, "o", "o" ]
[ 8.37902, "o", "m" ]
[ 8.43114, "o", "a" ]
[ 8.48345, "o", "t" ]
[ 8.53547, "o", "i" ]
[ 8.58754, "o", "c" ]
[ 8.63924, "o", "a" ]
[ 8.69158, "o", "l" ]
[ 8.74353, "o", "l" ]
[ 8.79562, "o", "y" ]
[ 8.84746, "o", " " ]
[ 8.89952, "o", "i" ]
[ 8.95146, "o", "n" ]
[ 9.00346, "o", "s" ]
[ 9.05498, "o", "t" ]
[ 9.10675, "o", "a" ]
[ 9.15903, "o", "l" ]
[ 9.21080, "o", "l" ]
[ 9.26283, "o", " " ]
[ 9.31433, "o", "a" ]
[ 9.36610, "o", "n" ]
[ 9.41812, "o", "d" ]
[ 9.46989, "o", " " ]
[ 9.52212, "o", "c" ]
[ 9.57364, "o", "o" ]
[ 9.62556, "o", "n" ]
[ 9.67791, "o", "f" ]
[ 9.72955, "o", "i" ]
[ 9.78142, "o", "g" ]
[ 9.83365, "o", "u" ]
[ 9.88560, "o", "r" ]
[ 9.93730, "o", "e" ]
[ 10.00074, "o", " " ]
[ 10.05251, "o", "c" ]
[ 10.10486, "o", "o" ]
[ 10.15659, "o", "r" ]
[ 10.20909, "o", "r" ]
[ 10.26097, "o", "e" ]
[ 10.31298, "o", "s" ]
[ 10.36533, "o", "p" ]
[ 10.41737, "o", "o" ]
[ 10.46910, "o", "n" ]
[ 10.52180, "o", "d" ]
[ 10.57506, "o", "i" ]
[ 10.62724, "o", "n" ]
[ 10.67969, "o", "g" ]
[ 10.73181, "o", " " ]
[ 10.78377, "o", "g" ]
[ 10.83571, "o", "l" ]
[ 10.88749, "o", "o" ]
[ 10.93977, "o", "b" ]
[ 10.99144, "o", "a" ]
[ 11.04373, "o", "l" ]
[ 11.09550, "o", " " ]
[ 11.14763, "o", "e" ]
[ 11.19971, "o", "n" ]
[ 11.25144, "o", "v" ]
[ 11.30367, "o", "i" ]
[ 11.35566, "o", "r" ]
[ 11.40819, "o", "o" ]
[ 11.45997, "o", "n" ]
[ 11.51198, "o", "m" ]
[ 11.56372, "o", "e" ]
[ 11.61552, "o", "n" ]
[ 11.66743, "o", "t" ]
[ 11.71968, "o", " " ]
[ 11.77155, "o", "v" ]
[ 11.82247, "o", "a" ]
[ 11.87485, "o", "r" ]
[ 11.92649, "o", "i" ]
[ 11.97876, "o", "a \r\u001b[K" ]
[ 12.03073, "o", "b" ]
[ 12.08253, "o", "\rbl" ]
[ 12.13507, "o", "e" ]
[ 12.18696, "o", "s" ]
[ 12.23855, "o", "\u001b[?2004l\r\r\n" ]
[ 12.23871, "o", "\u001b[1m\u001b[7m#\u001b[27m\u001b[1m\u001b[0m                                                                                                   \r \r\r\u001b[0m\u001b[27m\u001b[24m\u001b[J\r\n\u001b[19491001\u001b[1;35m> \u001b[20210325\u001b[0m\u001b[K\u001b[?2004h" ]
[ 13.74226, "o", "x" ]
[ 13.79487, "o", "\bx " ]
[ 13.84691, "o", "e" ]
[ 13.89931, "o", "n" ]
[ 13.95137, "o", "v" ]
[ 14.00378, "o", " " ]
[ 14.05558, "o", "u" ]
[ 14.10739, "o", "s" ]
[ 14.15948, "o", "e" ]
[ 14.21120, "o", " " ]
[ 14.26293, "o", "r" ]
[ 14.31494, "o", "g" ]
[ 14.56873, "o", "\u001b[?2004l\r\r\n" ]
[ 14.69731, "o", "- \u001b[32mI\u001b[0m\u001b[32m|pkg: \u001b[0mSuccessfully set link from path \u001b[0m\r\n" ]
[ 14.72323, "o", "- \u001b[32mI\u001b[0m\u001b[32m|env: \u001b[0mSuccessfully set rg=v0.0.1 in the current environment.\u001b[0m\r\n" ]
[ 14.78960, "o", "- \u001b[32mI\u001b[0m\u001b[32m|env: \u001b[0mConfig file updated to /root/.x-cmd.root/local/data/env/version\u001b[0m\r\n" ]
[ 14.78981, "o", "\u001b[1m\u001b[7m#\u001b[27m\u001b[1m\u001b[0m                                                                                                   \r \r\r\u001b[0m\u001b[27m\u001b[24m\u001b[J\r\n\u001b[19491001\u001b[1;35m> \u001b[20210325\u001b[0m\u001b[K\u001b[?2004h" ]
[ 15.57091, "o", "#" ]
[ 15.57109, "o", "\b# F" ]
[ 15.62298, "o", "i" ]
[ 15.67492, "o", "n" ]
[ 15.72673, "o", "d" ]
[ 15.77884, "o", " " ]
[ 15.83111, "o", "a" ]
[ 15.88306, "o", "l" ]
[ 15.93505, "o", "l" ]
[ 15.98737, "o", " " ]
[ 16.03918, "o", "e" ]
[ 16.09135, "o", "n" ]
[ 16.14375, "o", "t" ]
[ 16.19549, "o", "r" ]
[ 16.24753, "o", "i" ]
[ 16.29917, "o", "e" ]
[ 16.35137, "o", "s" ]
[ 16.40316, "o", " " ]
[ 16.45528, "o", "c" ]
[ 16.50731, "o", "o" ]
[ 16.55904, "o", "n" ]
[ 16.61157, "o", "t" ]
[ 16.66335, "o", "a" ]
[ 16.71537, "o", "i" ]
[ 16.76727, "o", "n" ]
[ 16.81925, "o", "i" ]
[ 16.87154, "o", "n" ]
[ 16.92395, "o", "g" ]
[ 16.97524, "o", " " ]
[ 17.02705, "o", "i" ]
[ 17.07949, "o", "m" ]
[ 17.13173, "o", "a" ]
[ 17.18448, "o", "g" ]
[ 17.23673, "o", "e" ]
[ 17.28840, "o", "t" ]
[ 17.34060, "o", "e" ]
[ 17.39240, "o", "x" ]
[ 17.44478, "o", "t" ]
[ 17.49677, "o", " " ]
[ 17.54848, "o", "i" ]
[ 17.60084, "o", "n" ]
[ 17.65319, "o", " " ]
[ 17.70493, "o", "t" ]
[ 17.75685, "o", "h" ]
[ 17.80867, "o", "e" ]
[ 17.86045, "o", " " ]
[ 17.91285, "o", "c" ]
[ 17.96554, "o", "u" ]
[ 18.01777, "o", "r" ]
[ 18.06968, "o", "r" ]
[ 18.12179, "o", "e" ]
[ 18.17365, "o", "n" ]
[ 18.22546, "o", "t" ]
[ 18.27778, "o", " " ]
[ 18.32973, "o", "d" ]
[ 18.38284, "o", "i" ]
[ 18.43505, "o", "r" ]
[ 18.48746, "o", "e" ]
[ 18.53948, "o", "c" ]
[ 18.59196, "o", "t" ]
[ 18.64392, "o", "o" ]
[ 18.69592, "o", "r" ]
[ 18.74796, "o", "y" ]
[ 18.79968, "o", "\u001b[?2004l\r\r\n" ]
