{"version":2,"width":100,"height":26,"timestamp":1689067513,"env":{"SHELL":"","TERM":"xterm"}}
[ 0.00000, "o", "" ]
[ 0.10452, "o", "\u001b[19491001\u001b[1;35m> \u001b[20210325\u001b[0m" ]
[ 0.10463, "o", "\u001b[K\u001b[?2004h" ]
[ 0.41539, "o", "#\b# " ]
[ 0.41571, "o", "U" ]
[ 0.46721, "o", "s" ]
[ 0.51903, "o", "e" ]
[ 0.57080, "o", " " ]
[ 0.62311, "o", "t" ]
[ 0.67560, "o", "h" ]
[ 0.72731, "o", "e" ]
[ 0.77906, "o", " " ]
[ 0.83151, "o", "`" ]
[ 0.88365, "o", "x" ]
[ 0.93531, "o", " " ]
[ 0.98738, "o", "s" ]
[ 1.03914, "o", "k" ]
[ 1.09131, "o", "a" ]
[ 1.14320, "o", "t" ]
[ 1.19521, "o", "e" ]
[ 1.24765, "o", "`" ]
[ 1.29943, "o", " " ]
[ 1.35128, "o", "c" ]
[ 1.40298, "o", "o" ]
[ 1.45530, "o", "m" ]
[ 1.50702, "o", "m" ]
[ 1.55895, "o", "a" ]
[ 1.61100, "o", "n" ]
[ 1.66324, "o", "d" ]
[ 1.71522, "o", " " ]
[ 1.76688, "o", "f" ]
[ 1.81877, "o", "o" ]
[ 1.87045, "o", "r" ]
[ 1.92256, "o", "m" ]
[ 1.97441, "o", "a" ]
[ 2.02637, "o", "t" ]
[ 2.07859, "o", " " ]
[ 2.13102, "o", "t" ]
[ 2.18311, "o", "o" ]
[ 2.23494, "o", " " ]
[ 2.28702, "o", "q" ]
[ 2.33865, "o", "u" ]
[ 2.39105, "o", "i" ]
[ 2.44273, "o", "c" ]
[ 2.49436, "o", "k" ]
[ 2.54636, "o", "l" ]
[ 2.59838, "o", "y" ]
[ 2.65020, "o", " " ]
[ 2.70194, "o", "u" ]
[ 2.75480, "o", "s" ]
[ 2.80661, "o", "e" ]
[ 2.85916, "o", " " ]
[ 2.91130, "o", "t" ]
[ 2.96358, "o", "h" ]
[ 3.01525, "o", "e" ]
[ 3.06691, "o", " " ]
[ 3.11855, "o", "`" ]
[ 3.17013, "o", "s" ]
[ 3.22192, "o", "k" ]
[ 3.27469, "o", "a" ]
[ 3.32580, "o", "t" ]
[ 3.37737, "o", "e" ]
[ 3.42901, "o", "`" ]
[ 3.48102, "o", " " ]
[ 3.53266, "o", "c" ]
[ 3.58457, "o", "o" ]
[ 3.63623, "o", "m" ]
[ 3.68792, "o", "m" ]
[ 3.73973, "o", "a" ]
[ 3.79193, "o", "n" ]
[ 3.84388, "o", "d" ]
[ 3.89601, "o", "\u001b[?2004l\r\r\n" ]
[ 3.89616, "o", "\u001b[1m\u001b[7m#\u001b[27m\u001b[1m\u001b[0m                                                                                                   \r \r\r\u001b[0m\u001b[27m\u001b[24m\u001b[J\r\n\u001b[19491001\u001b[1;35m> \u001b[20210325\u001b[0m\u001b[K\u001b[?2004h" ]
[ 4.42146, "o", "x" ]
[ 4.47342, "o", "\bx " ]
[ 4.52577, "o", "s" ]
[ 4.57775, "o", "k" ]
[ 4.62981, "o", "a" ]
[ 4.68135, "o", "t" ]
[ 4.73378, "o", "e" ]
[ 4.78566, "o", " " ]
[ 4.83745, "o", "-" ]
[ 4.88921, "o", "-" ]
[ 4.94108, "o", "v" ]
[ 4.99390, "o", "e" ]
[ 5.04538, "o", "r" ]
[ 5.09750, "o", "s" ]
[ 5.14947, "o", "i" ]
[ 5.20120, "o", "o" ]
[ 5.25349, "o", "n" ]
[ 5.50854, "o", "\u001b[?2004l\r\r\n" ]
[ 5.72179, "o", "\u001b]11;?\u001b\\\u001b[6n" ]
[ 5.75660, "o", "skate version v0.2.2 (b8e7bbc)\r\n" ]
[ 5.75755, "o", "\u001b[1m\u001b[7m#\u001b[27m\u001b[1m\u001b[0m                                                                                                   \r \r\r\u001b[0m\u001b[27m\u001b[24m\u001b[J\r\n\u001b[19491001\u001b[1;35m> \u001b[20210325\u001b[0m\u001b[K\u001b[?2004h" ]
[ 6.51000, "o", "#\b# U" ]
[ 6.56225, "o", "s" ]
[ 6.61397, "o", "i" ]
[ 6.66597, "o", "n" ]
[ 6.71793, "o", "g" ]
[ 6.77002, "o", " " ]
[ 6.82169, "o", "`" ]
[ 6.87416, "o", "x" ]
[ 6.92701, "o", " " ]
[ 6.97899, "o", "e" ]
[ 7.03095, "o", "n" ]
[ 7.08315, "o", "v" ]
[ 7.13555, "o", " " ]
[ 7.18730, "o", "u" ]
[ 7.23951, "o", "s" ]
[ 7.29139, "o", "e" ]
[ 7.34509, "o", "`" ]
[ 7.39717, "o", " " ]
[ 7.44912, "o", "c" ]
[ 7.50083, "o", "a" ]
[ 7.55438, "o", "n" ]
[ 7.60715, "o", " " ]
[ 7.66293, "o", "a" ]
[ 7.71540, "o", "u" ]
[ 7.76717, "o", "t" ]
[ 7.81936, "o", "o" ]
[ 7.87104, "o", "m" ]
[ 7.92270, "o", "a" ]
[ 7.97531, "o", "t" ]
[ 8.02703, "o", "i" ]
[ 8.07911, "o", "c" ]
[ 8.13069, "o", "a" ]
[ 8.18322, "o", "l" ]
[ 8.23495, "o", "l" ]
[ 8.28686, "o", "y" ]
[ 8.33878, "o", " " ]
[ 8.39107, "o", "i" ]
[ 8.44325, "o", "n" ]
[ 8.49490, "o", "s" ]
[ 8.54676, "o", "t" ]
[ 8.59837, "o", "a" ]
[ 8.65045, "o", "l" ]
[ 8.70256, "o", "l" ]
[ 8.75415, "o", " " ]
[ 8.80619, "o", "a" ]
[ 8.85896, "o", "n" ]
[ 8.91144, "o", "d" ]
[ 8.96415, "o", " " ]
[ 9.01595, "o", "c" ]
[ 9.06750, "o", "o" ]
[ 9.11972, "o", "n" ]
[ 9.17168, "o", "f" ]
[ 9.22462, "o", "i" ]
[ 9.27640, "o", "g" ]
[ 9.32893, "o", "u" ]
[ 9.38098, "o", "r" ]
[ 9.43245, "o", "e" ]
[ 9.48458, "o", " " ]
[ 9.53617, "o", "c" ]
[ 9.58818, "o", "o" ]
[ 9.64020, "o", "r" ]
[ 9.69167, "o", "r" ]
[ 9.74361, "o", "e" ]
[ 9.79512, "o", "s" ]
[ 9.84754, "o", "p" ]
[ 9.89915, "o", "o" ]
[ 9.95153, "o", "n" ]
[ 10.00306, "o", "d" ]
[ 10.05568, "o", "i" ]
[ 10.10823, "o", "n" ]
[ 10.16019, "o", "g" ]
[ 10.21225, "o", " " ]
[ 10.26411, "o", "g" ]
[ 10.31609, "o", "l" ]
[ 10.36770, "o", "o" ]
[ 10.42036, "o", "b" ]
[ 10.47242, "o", "a" ]
[ 10.52448, "o", "l" ]
[ 10.57696, "o", " " ]
[ 10.62848, "o", "e" ]
[ 10.68039, "o", "n" ]
[ 10.73237, "o", "v" ]
[ 10.78445, "o", "i" ]
[ 10.83634, "o", "r" ]
[ 10.88838, "o", "o" ]
[ 10.94023, "o", "n" ]
[ 10.99207, "o", "m" ]
[ 11.04430, "o", "e" ]
[ 11.09582, "o", "n" ]
[ 11.14788, "o", "t" ]
[ 11.19938, "o", " " ]
[ 11.25191, "o", "v" ]
[ 11.30367, "o", "a" ]
[ 11.35676, "o", "r" ]
[ 11.40886, "o", "i" ]
[ 11.46092, "o", "a \r\u001b[K" ]
[ 11.51301, "o", "b" ]
[ 11.56487, "o", "\rbl" ]
[ 11.61686, "o", "e" ]
[ 11.66863, "o", "s" ]
[ 11.72022, "o", "\u001b[?2004l\r\r\n" ]
[ 11.72028, "o", "\u001b[1m\u001b[7m#\u001b[27m\u001b[1m\u001b[0m                                                                                                   \r \r\r\u001b[0m\u001b[27m\u001b[24m\u001b[J\r\n\u001b[19491001\u001b[1;35m> \u001b[20210325\u001b[0m\u001b[K\u001b[?2004h" ]
[ 12.43461, "o", "x" ]
[ 12.48634, "o", "\bx " ]
[ 12.53863, "o", "e" ]
[ 12.59097, "o", "n" ]
[ 12.64269, "o", "v" ]
[ 12.69477, "o", " " ]
[ 12.74647, "o", "u" ]
[ 12.79841, "o", "s" ]
[ 12.85050, "o", "e" ]
[ 12.90257, "o", " " ]
[ 12.95420, "o", "s" ]
[ 13.00611, "o", "k" ]
[ 13.05817, "o", "a" ]
[ 13.10974, "o", "t" ]
[ 13.16159, "o", "e" ]
[ 13.41544, "o", "\u001b[?2004l\r\r\n" ]
[ 13.55723, "o", "- \u001b[32mI\u001b[0m\u001b[32m|pkg: \u001b[0mSuccessfully set link from path \u001b[0m\r\n" ]
[ 13.58090, "o", "- \u001b[32mI\u001b[0m\u001b[32m|env: \u001b[0mSuccessfully set skate=v0.2.2 in the current environment.\u001b[0m\r\n" ]
[ 13.64725, "o", "- \u001b[32mI\u001b[0m\u001b[32m|env: \u001b[0mConfig file updated to /root/.x-cmd.root/local/data/env/version\u001b[0m\r\n" ]
[ 13.64792, "o", "\u001b[1m\u001b[7m#\u001b[27m\u001b[1m\u001b[0m                                                                                                   \r \r\r\u001b[0m\u001b[27m\u001b[24m\u001b[J\r\n\u001b[19491001\u001b[1;35m> \u001b[20210325\u001b[0m\u001b[K\u001b[?2004h" ]
[ 14.43831, "o", "#\b# S" ]
[ 14.49013, "o", "e" ]
[ 14.54231, "o", "t" ]
[ 14.59431, "o", " " ]
[ 14.64636, "o", "k" ]
[ 14.69863, "o", "e" ]
[ 14.75026, "o", "y" ]
[ 14.80188, "o", "-" ]
[ 14.85387, "o", "v" ]
[ 14.90637, "o", "a" ]
[ 14.95843, "o", "l" ]
[ 15.01042, "o", "u" ]
[ 15.06279, "o", "e" ]
[ 15.11482, "o", " " ]
[ 15.16673, "o", "p" ]
[ 15.21837, "o", "a" ]
[ 15.27045, "o", "i" ]
[ 15.32233, "o", "r" ]
[ 15.37506, "o", "s" ]
[ 15.42710, "o", "\u001b[?2004l\r\r\n\u001b[1m\u001b[7m#\u001b[27m\u001b[1m\u001b[0m                                                                                                   \r \r" ]
[ 15.42718, "o", "\r\u001b[0m\u001b[27m\u001b[24m\u001b[J\r\n\u001b[19491001\u001b[1;35m> \u001b[20210325\u001b[0m\u001b[K\u001b[?2004h" ]
[ 15.43957, "o", "s" ]
[ 15.49158, "o", "\bsk" ]
[ 15.54359, "o", "a" ]
[ 15.59560, "o", "t" ]
[ 15.64767, "o", "e" ]
[ 15.69950, "o", " " ]
[ 15.75143, "o", "s" ]
[ 15.80304, "o", "e" ]
[ 15.85558, "o", "t" ]
[ 15.90799, "o", " " ]
[ 15.95968, "o", "p" ]
[ 16.01188, "o", "a" ]
[ 16.06358, "o", "s" ]
[ 16.11563, "o", "s" ]
[ 16.16748, "o", "w" ]
[ 16.21950, "o", "o" ]
[ 16.27122, "o", "r" ]
[ 16.32311, "o", "d" ]
[ 16.37521, "o", " " ]
[ 16.42706, "o", "1" ]
[ 16.47921, "o", "2" ]
[ 16.53091, "o", "3" ]
[ 16.58272, "o", "4" ]
[ 16.63455, "o", "5" ]
[ 16.68685, "o", "6" ]
[ 16.94143, "o", "\u001b[?2004l\r\r\n" ]
[ 16.94388, "o", "\u001b]11;?\u001b\\\u001b[6n" ]
