{"version":2,"width":100,"height":26,"timestamp":1689066165,"env":{"SHELL":"","TERM":"xterm"}}
[ 0.00000, "o", "" ]
[ 0.11195, "o", "\u001b[19491001\u001b[1;35m> \u001b[20210325\u001b[0m\u001b[K\u001b[?2004h" ]
[ 0.39346, "o", "#\b# " ]
[ 0.39365, "o", "U" ]
[ 0.44570, "o", "s" ]
[ 0.49758, "o", "e" ]
[ 0.55058, "o", " " ]
[ 0.60217, "o", "t" ]
[ 0.65452, "o", "h" ]
[ 0.70643, "o", "e" ]
[ 0.75843, "o", " " ]
[ 0.81112, "o", "`" ]
[ 0.86276, "o", "x" ]
[ 0.91492, "o", " " ]
[ 0.96697, "o", "s" ]
[ 1.01908, "o", "o" ]
[ 1.07066, "o", "c" ]
[ 1.12286, "o", "a" ]
[ 1.17560, "o", "t" ]
[ 1.22770, "o", "`" ]
[ 1.27983, "o", " " ]
[ 1.33179, "o", "c" ]
[ 1.38412, "o", "o" ]
[ 1.43658, "o", "m" ]
[ 1.48844, "o", "m" ]
[ 1.54023, "o", "a" ]
[ 1.59219, "o", "n" ]
[ 1.64429, "o", "d" ]
[ 1.69629, "o", " " ]
[ 1.74841, "o", "f" ]
[ 1.80010, "o", "o" ]
[ 1.85187, "o", "r" ]
[ 1.90348, "o", "m" ]
[ 1.95560, "o", "a" ]
[ 2.00760, "o", "t" ]
[ 2.05973, "o", " " ]
[ 2.11160, "o", "t" ]
[ 2.16332, "o", "o" ]
[ 2.21523, "o", " " ]
[ 2.26699, "o", "q" ]
[ 2.31991, "o", "u" ]
[ 2.37158, "o", "i" ]
[ 2.42352, "o", "c" ]
[ 2.47597, "o", "k" ]
[ 2.52829, "o", "l" ]
[ 2.58036, "o", "y" ]
[ 2.63292, "o", " " ]
[ 2.68544, "o", "u" ]
[ 2.73725, "o", "s" ]
[ 2.78909, "o", "e" ]
[ 2.84210, "o", " " ]
[ 2.89424, "o", "t" ]
[ 2.94631, "o", "h" ]
[ 2.99829, "o", "e" ]
[ 3.05089, "o", " " ]
[ 3.10293, "o", "`" ]
[ 3.15490, "o", "s" ]
[ 3.20645, "o", "o" ]
[ 3.25881, "o", "c" ]
[ 3.31058, "o", "a" ]
[ 3.36222, "o", "t" ]
[ 3.41427, "o", "`" ]
[ 3.46599, "o", " " ]
[ 3.51818, "o", "c" ]
[ 3.57037, "o", "o" ]
[ 3.62244, "o", "m" ]
[ 3.67458, "o", "m" ]
[ 3.72737, "o", "a" ]
[ 3.77925, "o", "n" ]
[ 3.83147, "o", "d" ]
[ 3.88385, "o", "\u001b[?2004l\r\r\n" ]
[ 3.88404, "o", "\u001b[1m\u001b[7m#\u001b[27m\u001b[1m\u001b[0m                                                                                                   \r \r\r\u001b[0m\u001b[27m\u001b[24m\u001b[J\r\n\u001b[19491001\u001b[1;35m> \u001b[20210325\u001b[0m\u001b[K\u001b[?2004h" ]
[ 4.88607, "o", "x" ]
[ 4.93855, "o", "\bx " ]
[ 4.99021, "o", "s" ]
[ 5.04225, "o", "o" ]
[ 5.09385, "o", "c" ]
[ 5.14596, "o", "a" ]
[ 5.19794, "o", "t" ]
[ 5.25055, "o", " " ]
[ 5.30255, "o", "-" ]
[ 5.35411, "o", "V" ]
[ 5.40602, "o", " " ]
[ 5.45763, "o", "|" ]
[ 5.51001, "o", " " ]
[ 5.56165, "o", "h" ]
[ 5.61401, "o", "e" ]
[ 5.66595, "o", "a" ]
[ 5.71789, "o", "d" ]
[ 5.76980, "o", " " ]
[ 5.82153, "o", "-" ]
[ 5.87382, "o", "n" ]
[ 5.92612, "o", " " ]
[ 5.97790, "o", "3" ]
[ 6.23263, "o", "\u001b[?2004l\r\r\n" ]
[ 6.35342, "o", "socat by Gerhard Rieger and contributors - see www.dest-unreach.org\r\nsocat version 1.7.4.4 on Jun  8 2023 11:23:01\r\n   running on Linux version #1 SMP Fri Jan 27 02:56:13 UTC 2023, release 5.15.90.1-microsoft-standard-WSL2, machine x86_64\r\n" ]
[ 6.35385, "o", "\u001b[1m\u001b[7m#\u001b[27m\u001b[1m\u001b[0m                                                                                                   \r \r\r\u001b[0m\u001b[27m\u001b[24m\u001b[J\r\n\u001b[19491001\u001b[1;35m> \u001b[20210325\u001b[0m\u001b[K\u001b[?2004h" ]
[ 7.23462, "o", "#\b# U" ]
[ 7.28662, "o", "s" ]
[ 7.33835, "o", "i" ]
[ 7.39013, "o", "n" ]
[ 7.44200, "o", "g" ]
[ 7.49411, "o", " " ]
[ 7.54580, "o", "`" ]
[ 7.59829, "o", "x" ]
[ 7.65014, "o", " " ]
[ 7.70164, "o", "e" ]
[ 7.75362, "o", "n" ]
[ 7.80528, "o", "v" ]
[ 7.85728, "o", " " ]
[ 7.90931, "o", "u" ]
[ 7.96105, "o", "s" ]
[ 8.01270, "o", "e" ]
[ 8.06485, "o", "`" ]
[ 8.11776, "o", " " ]
[ 8.16943, "o", "c" ]
[ 8.22142, "o", "a" ]
[ 8.27313, "o", "n" ]
[ 8.32593, "o", " " ]
[ 8.37789, "o", "a" ]
[ 8.43018, "o", "u" ]
[ 8.48201, "o", "t" ]
[ 8.53365, "o", "o" ]
[ 8.58563, "o", "m" ]
[ 8.63739, "o", "a" ]
[ 8.68976, "o", "t" ]
[ 8.74203, "o", "i" ]
[ 8.79469, "o", "c" ]
[ 8.84670, "o", "a" ]
[ 8.89859, "o", "l" ]
[ 8.95078, "o", "l" ]
[ 9.00246, "o", "y" ]
[ 9.05490, "o", " " ]
[ 9.10648, "o", "i" ]
[ 9.15811, "o", "n" ]
[ 9.21017, "o", "s" ]
[ 9.26232, "o", "t" ]
[ 9.31504, "o", "a" ]
[ 9.36673, "o", "l" ]
[ 9.41829, "o", "l" ]
[ 9.47020, "o", " " ]
[ 9.52227, "o", "a" ]
[ 9.57403, "o", "n" ]
[ 9.62637, "o", "d" ]
[ 9.67838, "o", " " ]
[ 9.73049, "o", "c" ]
[ 9.78284, "o", "o" ]
[ 9.83473, "o", "n" ]
[ 9.88661, "o", "f" ]
[ 9.93815, "o", "i" ]
[ 9.99046, "o", "g" ]
[ 10.04245, "o", "u" ]
[ 10.09421, "o", "r" ]
[ 10.14609, "o", "e" ]
[ 10.19794, "o", " " ]
[ 10.24990, "o", "c" ]
[ 10.30146, "o", "o" ]
[ 10.35360, "o", "r" ]
[ 10.40548, "o", "r" ]
[ 10.45807, "o", "e" ]
[ 10.51018, "o", "s" ]
[ 10.56226, "o", "p" ]
[ 10.61449, "o", "o" ]
[ 10.66651, "o", "n" ]
[ 10.71866, "o", "d" ]
[ 10.77079, "o", "i" ]
[ 10.82275, "o", "n" ]
[ 10.87445, "o", "g" ]
[ 10.92665, "o", " " ]
[ 10.97876, "o", "g" ]
[ 11.03114, "o", "l" ]
[ 11.08327, "o", "o" ]
[ 11.13518, "o", "b" ]
[ 11.18709, "o", "a" ]
[ 11.23871, "o", "l" ]
[ 11.29178, "o", " " ]
[ 11.34379, "o", "e" ]
[ 11.39603, "o", "n" ]
[ 11.44790, "o", "v" ]
[ 11.49965, "o", "i" ]
[ 11.55170, "o", "r" ]
[ 11.60378, "o", "o" ]
[ 11.65606, "o", "n" ]
[ 11.70770, "o", "m" ]
[ 11.76019, "o", "e" ]
[ 11.81203, "o", "n" ]
[ 11.86457, "o", "t" ]
[ 11.91659, "o", " " ]
[ 11.96862, "o", "v" ]
[ 12.02058, "o", "a" ]
[ 12.07226, "o", "r" ]
[ 12.12409, "o", "i" ]
[ 12.17542, "o", "a \r\u001b[K" ]
[ 12.22802, "o", "b" ]
[ 12.27998, "o", "\rbl" ]
[ 12.33260, "o", "e" ]
[ 12.38471, "o", "s" ]
[ 12.43669, "o", "\u001b[?2004l\r\r\n\u001b[1m\u001b[7m#\u001b[27m\u001b[1m\u001b[0m                                                                                                   \r \r" ]
[ 12.43674, "o", "\r\u001b[0m\u001b[27m\u001b[24m\u001b[J\r\n\u001b[19491001\u001b[1;35m> \u001b[20210325\u001b[0m\u001b[K\u001b[?2004h" ]
[ 13.43880, "o", "x" ]
[ 13.49038, "o", "\bx " ]
[ 13.54243, "o", "e" ]
[ 13.59424, "o", "n" ]
[ 13.64638, "o", "v" ]
[ 13.69901, "o", " " ]
[ 13.75087, "o", "u" ]
[ 13.80302, "o", "s" ]
[ 13.85484, "o", "e" ]
[ 13.90647, "o", " " ]
[ 13.95868, "o", "s" ]
[ 14.01054, "o", "o" ]
[ 14.06245, "o", "c" ]
[ 14.11434, "o", "a" ]
[ 14.16609, "o", "t" ]
[ 14.42005, "o", "\u001b[?2004l\r\r\n" ]
[ 14.55403, "o", "- \u001b[32mI\u001b[0m\u001b[32m|pkg: \u001b[0mSuccessfully set link from path \u001b[0m\r\n" ]
[ 14.58120, "o", "- \u001b[32mI\u001b[0m\u001b[32m|env: \u001b[0mSuccessfully set socat=v0.0.1 in the current environment.\u001b[0m\r\n" ]
[ 14.65361, "o", "- \u001b[32mI\u001b[0m\u001b[32m|env: \u001b[0mConfig file updated to /root/.x-cmd.root/local/data/env/version\u001b[0m\r\n" ]
[ 14.65386, "o", "\u001b[1m\u001b[7m#\u001b[27m\u001b[1m\u001b[0m                                                                                                   \r \r\r\u001b[0m\u001b[27m\u001b[24m\u001b[J\r\n\u001b[19491001\u001b[1;35m> \u001b[20210325\u001b[0m\u001b[K\u001b[?2004h" ]
[ 15.42257, "o", "#\b# L" ]
[ 15.47495, "o", "a" ]
[ 15.52654, "o", "u" ]
[ 15.57885, "o", "n" ]
[ 15.63091, "o", "c" ]
[ 15.68286, "o", "h" ]
[ 15.73449, "o", "e" ]
[ 15.78729, "o", "s" ]
[ 15.83899, "o", " " ]
[ 15.89128, "o", "a" ]
[ 15.94328, "o", " " ]
[ 15.99542, "o", "t" ]
[ 16.04753, "o", "m" ]
[ 16.09915, "o", "u" ]
[ 16.15096, "o", "x" ]
[ 16.20272, "o", " " ]
[ 16.25439, "o", "w" ]
[ 16.30618, "o", "i" ]
[ 16.35840, "o", "n" ]
[ 16.41041, "o", "d" ]
[ 16.46276, "o", "o" ]
[ 16.51493, "o", "w" ]
[ 16.56668, "o", "\u001b[?2004l\r\r\n\u001b[1m\u001b[7m#\u001b[27m\u001b[1m\u001b[0m                                                                                                   \r \r\r\u001b[0m\u001b[27m\u001b[24m\u001b[J\r\n\u001b[19491001\u001b[1;35m> \u001b[20210325\u001b[0m\u001b[K" ]
[ 16.56674, "o", "\u001b[?2004h" ]
[ 17.56814, "o", "x" ]
[ 17.61981, "o", "\bx " ]
[ 17.67187, "o", "t" ]
[ 17.72361, "o", "m" ]
[ 17.77572, "o", "u" ]
[ 17.82770, "o", "x" ]
[ 18.88124, "o", "\u001b[?2004l\r\r\n" ]
