{"version":2,"width":100,"height":26,"timestamp":1690532282,"env":{"SHELL":"","TERM":"xterm"}}
[ 0.00000, "o", "" ]
[ 0.13332, "o", "\u001b[19491001\u001b[1;35m> \u001b[20210325\u001b[0m\u001b[K\u001b[?2004h" ]
[ 0.41556, "o", "#\b# U" ]
[ 0.46693, "o", "s" ]
[ 0.51961, "o", "e" ]
[ 0.57156, "o", " " ]
[ 0.62290, "o", "t" ]
[ 0.67488, "o", "h" ]
[ 0.72678, "o", "e" ]
[ 0.77874, "o", " " ]
[ 0.83030, "o", "`" ]
[ 0.88262, "o", "x" ]
[ 0.93420, "o", " " ]
[ 0.98621, "o", "t" ]
[ 1.03780, "o", "o" ]
[ 1.09028, "o", "k" ]
[ 1.14224, "o", "e" ]
[ 1.19374, "o", "i" ]
[ 1.24584, "o", "`" ]
[ 1.29748, "o", " " ]
[ 1.34961, "o", "c" ]
[ 1.40097, "o", "o" ]
[ 1.45318, "o", "m" ]
[ 1.50515, "o", "m" ]
[ 1.55679, "o", "a" ]
[ 1.60860, "o", "n" ]
[ 1.66047, "o", "d" ]
[ 1.71276, "o", " " ]
[ 1.76443, "o", "f" ]
[ 1.81626, "o", "o" ]
[ 1.86788, "o", "r" ]
[ 1.91942, "o", "m" ]
[ 1.97135, "o", "a" ]
[ 2.02293, "o", "t" ]
[ 2.07487, "o", " " ]
[ 2.12648, "o", "t" ]
[ 2.17889, "o", "o" ]
[ 2.23051, "o", " " ]
[ 2.28250, "o", "q" ]
[ 2.33387, "o", "u" ]
[ 2.38567, "o", "i" ]
[ 2.43757, "o", "c" ]
[ 2.48923, "o", "k" ]
[ 2.54114, "o", "l" ]
[ 2.59271, "o", "y" ]
[ 2.64493, "o", " " ]
[ 2.69738, "o", "u" ]
[ 2.74995, "o", "s" ]
[ 2.80180, "o", "e" ]
[ 2.85314, "o", " " ]
[ 2.90516, "o", "t" ]
[ 2.95694, "o", "h" ]
[ 3.00902, "o", "e" ]
[ 3.06064, "o", " " ]
[ 3.11314, "o", "`" ]
[ 3.16468, "o", "t" ]
[ 3.21652, "o", "o" ]
[ 3.26843, "o", "k" ]
[ 3.32013, "o", "e" ]
[ 3.37158, "o", "i" ]
[ 3.42313, "o", "`" ]
[ 3.47475, "o", " " ]
[ 3.52639, "o", "c" ]
[ 3.57885, "o", "o" ]
[ 3.63068, "o", "m" ]
[ 3.68225, "o", "m" ]
[ 3.73397, "o", "a" ]
[ 3.78542, "o", "n" ]
[ 3.83743, "o", "d" ]
[ 3.88893, "o", "\u001b[?2004l\r\r\n" ]
[ 3.88908, "o", "\u001b[1m\u001b[7m#\u001b[27m\u001b[1m\u001b[0m                                                                                                   \r \r\r\u001b[0m\u001b[27m\u001b[24m\u001b[J\r\n\u001b[19491001\u001b[1;35m> \u001b[20210325\u001b[0m\u001b[K\u001b[?2004h" ]
[ 5.39274, "o", "x" ]
[ 5.44445, "o", "\bx " ]
[ 5.49612, "o", "t" ]
[ 5.54758, "o", "o" ]
[ 5.60008, "o", "k" ]
[ 5.65187, "o", "e" ]
[ 5.70380, "o", "i" ]
[ 5.75566, "o", " " ]
[ 5.80721, "o", "-" ]
[ 5.85923, "o", "-" ]
[ 5.91089, "o", "v" ]
[ 5.96232, "o", "e" ]
[ 6.01396, "o", "r" ]
[ 6.06601, "o", "s" ]
[ 6.11781, "o", "i" ]
[ 6.16942, "o", "o" ]
[ 6.22159, "o", "n" ]
[ 6.47464, "o", "\u001b[?2004l\r\r\n" ]
[ 6.54736, "o", "tokei 12.1.2 compiled with serialization support: json, cbor, yaml\r\n" ]
[ 6.54760, "o", "\u001b[1m\u001b[7m#\u001b[27m\u001b[1m\u001b[0m                                                                                                   \r \r\r\u001b[0m\u001b[27m\u001b[24m\u001b[J\r\n\u001b[19491001\u001b[1;35m> \u001b[20210325\u001b[0m" ]
[ 6.54769, "o", "\u001b[K\u001b[?2004h" ]
[ 7.47714, "o", "#\b# U" ]
[ 7.52956, "o", "s" ]
[ 7.58108, "o", "i" ]
[ 7.63280, "o", "n" ]
[ 7.68424, "o", "g" ]
[ 7.73629, "o", " " ]
[ 7.78784, "o", "`" ]
[ 7.83973, "o", "x" ]
[ 7.89121, "o", " " ]
[ 7.94305, "o", "e" ]
[ 7.99484, "o", "n" ]
[ 8.04628, "o", "v" ]
[ 8.09793, "o", " " ]
[ 8.14992, "o", "u" ]
[ 8.20231, "o", "s" ]
[ 8.25475, "o", "e" ]
[ 8.30634, "o", "`" ]
[ 8.35831, "o", " " ]
[ 8.41026, "o", "c" ]
[ 8.46183, "o", "a" ]
[ 8.51314, "o", "n" ]
[ 8.56499, "o", " " ]
[ 8.61653, "o", "a" ]
[ 8.66877, "o", "u" ]
[ 8.72046, "o", "t" ]
[ 8.77243, "o", "o" ]
[ 8.82447, "o", "m" ]
[ 8.87596, "o", "a" ]
[ 8.92794, "o", "t" ]
[ 8.97954, "o", "i" ]
[ 9.03130, "o", "c" ]
[ 9.08281, "o", "a" ]
[ 9.13487, "o", "l" ]
[ 9.18692, "o", "l" ]
[ 9.23928, "o", "y" ]
[ 9.29124, "o", " " ]
[ 9.34287, "o", "i" ]
[ 9.39580, "o", "n" ]
[ 9.44739, "o", "s" ]
[ 9.49940, "o", "t" ]
[ 9.55092, "o", "a" ]
[ 9.60350, "o", "l" ]
[ 9.65542, "o", "l" ]
[ 9.70719, "o", " " ]
[ 9.75871, "o", "a" ]
[ 9.81021, "o", "n" ]
[ 9.86220, "o", "d" ]
[ 9.91372, "o", " " ]
[ 9.96572, "o", "c" ]
[ 10.01730, "o", "o" ]
[ 10.06947, "o", "n" ]
[ 10.12134, "o", "f" ]
[ 10.17312, "o", "i" ]
[ 10.22514, "o", "g" ]
[ 10.27678, "o", "u" ]
[ 10.32867, "o", "r" ]
[ 10.38037, "o", "e" ]
[ 10.43257, "o", " " ]
[ 10.48429, "o", "c" ]
[ 10.53592, "o", "o" ]
[ 10.58797, "o", "r" ]
[ 10.63980, "o", "r" ]
[ 10.69165, "o", "e" ]
[ 10.74400, "o", "s" ]
[ 10.79593, "o", "p" ]
[ 10.84825, "o", "o" ]
[ 10.90086, "o", "n" ]
[ 10.95260, "o", "d" ]
[ 11.00455, "o", "i" ]
[ 11.05670, "o", "n" ]
[ 11.10837, "o", "g" ]
[ 11.16056, "o", " " ]
[ 11.21208, "o", "g" ]
[ 11.26375, "o", "l" ]
[ 11.31527, "o", "o" ]
[ 11.36729, "o", "b" ]
[ 11.41912, "o", "a" ]
[ 11.47054, "o", "l" ]
[ 11.52312, "o", " " ]
[ 11.57476, "o", "e" ]
[ 11.62704, "o", "n" ]
[ 11.67872, "o", "v" ]
[ 11.73067, "o", "i" ]
[ 11.78267, "o", "r" ]
[ 11.83422, "o", "o" ]
[ 11.88610, "o", "n" ]
[ 11.93777, "o", "m" ]
[ 11.99030, "o", "e" ]
[ 12.04201, "o", "n" ]
[ 12.09405, "o", "t" ]
[ 12.14571, "o", " " ]
[ 12.19732, "o", "v" ]
[ 12.24914, "o", "a" ]
[ 12.30095, "o", "r" ]
[ 12.35316, "o", "i" ]
[ 12.40486, "o", "a \r\u001b[K" ]
[ 12.45737, "o", "b" ]
[ 12.50938, "o", "\rbl" ]
[ 12.56160, "o", "e" ]
[ 12.61386, "o", "s" ]
[ 12.66630, "o", "\u001b[?2004l\r\r\n" ]
[ 12.66650, "o", "\u001b[1m\u001b[7m#\u001b[27m\u001b[1m\u001b[0m                                                                                                   \r \r\r\u001b[0m\u001b[27m\u001b[24m\u001b[J\r\n\u001b[19491001\u001b[1;35m> \u001b[20210325\u001b[0m\u001b[K\u001b[?2004h" ]
[ 14.17020, "o", "x" ]
[ 14.22236, "o", "\bx " ]
[ 14.27399, "o", "e" ]
[ 14.32658, "o", "n" ]
[ 14.37801, "o", "v" ]
[ 14.42975, "o", " " ]
[ 14.48138, "o", "u" ]
[ 14.53280, "o", "s" ]
[ 14.58470, "o", "e" ]
[ 14.63635, "o", " " ]
[ 14.68833, "o", "t" ]
[ 14.74002, "o", "o" ]
[ 14.79182, "o", "k" ]
[ 14.84364, "o", "e" ]
[ 14.89503, "o", "i" ]
[ 15.14858, "o", "\u001b[?2004l\r\r\n" ]
[ 15.26641, "o", "- \u001b[32mI\u001b[0m\u001b[32m|pkg: \u001b[0mSuccessfully set link from path \u001b[0m\r\n" ]
[ 15.28784, "o", "- \u001b[32mI\u001b[0m\u001b[32m|env: \u001b[0mSuccessfully set tokei=v0.0.1 in the current environment.\u001b[0m\r\n" ]
[ 15.34795, "o", "- \u001b[32mI\u001b[0m\u001b[32m|env: \u001b[0mConfig file updated to /root/.x-cmd.root/local/data/env/version\u001b[0m\r\n" ]
[ 15.34816, "o", "\u001b[1m\u001b[7m#\u001b[27m\u001b[1m\u001b[0m                                                                                                   \r \r\r\u001b[0m\u001b[27m\u001b[24m\u001b[J\r\n\u001b[19491001\u001b[1;35m> \u001b[20210325\u001b[0m\u001b[K\u001b[?2004h" ]
[ 16.15066, "o", "x" ]
[ 16.20205, "o", "\bx " ]
[ 16.25382, "o", "e" ]
[ 16.30520, "o", "x" ]
[ 16.35757, "o", "a" ]
[ 16.40938, "o", " " ]
[ 16.46115, "o", "-" ]
[ 16.51303, "o", "l" ]
[ 16.56471, "o", "h" ]
[ 16.61649, "o", "T" ]
[ 17.16972, "o", "\u001b[?2004l\r\r\n" ]
[ 17.24685, "o", "\u001b[4mPermissions\u001b[0m \u001b[4mSize\u001b[0m \u001b[4mUser\u001b[0m \u001b[4mDate Modified\u001b[0m \u001b[4mName\u001b[0m\r\n\u001b[1;34md\u001b[33mr\u001b[31mw\u001b[32mx\u001b[0m\u001b[33mr\u001b[38;5;244m-\u001b[32mx\u001b[33mr\u001b[38;5;244m-\u001b[32mx\u001b[0m     \u001b[38;5;244m-\u001b[0m \u001b[1;33mroot\u001b[0m \u001b[34m28 Jul 08:18\u001b[0m  \u001b[1;34m.\u001b[0m\r\n" ]
