{"version":2,"width":100,"height":26,"timestamp":1690277316,"env":{"SHELL":"","TERM":"xterm"}}
[ 0.00000, "o", "" ]
[ 0.16008, "o", "\u001b[19491001\u001b[1;35m> \u001b[20210325\u001b[0m" ]
[ 0.16025, "o", "\u001b[K\u001b[?2004h" ]
[ 2.40036, "o", "#\b# " ]
[ 2.40043, "o", "U" ]
[ 2.45223, "o", "s" ]
[ 2.50400, "o", "e" ]
[ 2.55568, "o", " " ]
[ 2.60738, "o", "t" ]
[ 2.65892, "o", "h" ]
[ 2.71133, "o", "e" ]
[ 2.76293, "o", " " ]
[ 2.81489, "o", "`" ]
[ 2.86690, "o", "x" ]
[ 2.91838, "o", " " ]
[ 2.96994, "o", "t" ]
[ 3.02148, "o", "r" ]
[ 3.07297, "o", "a" ]
[ 3.12498, "o", "c" ]
[ 3.17755, "o", "e" ]
[ 3.22949, "o", "r" ]
[ 3.28139, "o", "o" ]
[ 3.33375, "o", "u" ]
[ 3.38523, "o", "t" ]
[ 3.43742, "o", "e" ]
[ 3.48909, "o", "`" ]
[ 3.54153, "o", " " ]
[ 3.59329, "o", "c" ]
[ 3.64508, "o", "o" ]
[ 3.69656, "o", "m" ]
[ 3.74805, "o", "m" ]
[ 3.79988, "o", "a" ]
[ 3.85128, "o", "n" ]
[ 3.90348, "o", "d" ]
[ 3.95509, "o", " " ]
[ 4.00735, "o", "f" ]
[ 4.05920, "o", "o" ]
[ 4.11101, "o", "r" ]
[ 4.16267, "o", "m" ]
[ 4.21532, "o", "a" ]
[ 4.26753, "o", "t" ]
[ 4.31948, "o", " " ]
[ 4.37172, "o", "t" ]
[ 4.42328, "o", "o" ]
[ 4.47580, "o", " " ]
[ 4.52810, "o", "q" ]
[ 4.58004, "o", "u" ]
[ 4.63203, "o", "i" ]
[ 4.68385, "o", "c" ]
[ 4.73535, "o", "k" ]
[ 4.78729, "o", "l" ]
[ 4.83890, "o", "y" ]
[ 4.89038, "o", " " ]
[ 4.94239, "o", "u" ]
[ 4.99409, "o", "s" ]
[ 5.04577, "o", "e" ]
[ 5.09782, "o", " " ]
[ 5.14933, "o", "t" ]
[ 5.20101, "o", "h" ]
[ 5.25274, "o", "e" ]
[ 5.30462, "o", " " ]
[ 5.35656, "o", "`" ]
[ 5.40890, "o", "t" ]
[ 5.46132, "o", "r" ]
[ 5.51342, "o", "a" ]
[ 5.56509, "o", "c" ]
[ 5.61685, "o", "e" ]
[ 5.66876, "o", "r" ]
[ 5.72075, "o", "o" ]
[ 5.77253, "o", "u" ]
[ 5.82463, "o", "t" ]
[ 5.87623, "o", "e" ]
[ 5.92810, "o", "`" ]
[ 5.97955, "o", " " ]
[ 6.03121, "o", "c" ]
[ 6.08365, "o", "o" ]
[ 6.13555, "o", "m" ]
[ 6.18729, "o", "m" ]
[ 6.23893, "o", "a" ]
[ 6.29118, "o", "n" ]
[ 6.34277, "o", "d" ]
[ 6.39489, "o", "\u001b[?2004l\r\r\n\u001b[1m\u001b[7m#\u001b[27m\u001b[1m\u001b[0m                                                                                                   \r \r\r\u001b[0m\u001b[27m\u001b[24m\u001b[J\r\n\u001b[19491001\u001b[1;35m> \u001b[20210325\u001b[0m\u001b[K" ]
[ 6.39512, "o", "\u001b[?2004h" ]
[ 6.89678, "o", "x" ]
[ 6.94917, "o", "\bx " ]
[ 7.00108, "o", "t" ]
[ 7.05268, "o", "r" ]
[ 7.10444, "o", "a" ]
[ 7.15600, "o", "c" ]
[ 7.20787, "o", "e" ]
[ 7.25942, "o", "r" ]
[ 7.31104, "o", "o" ]
[ 7.36257, "o", "u" ]
[ 7.41457, "o", "t" ]
[ 7.46611, "o", "e" ]
[ 7.51755, "o", " " ]
[ 7.56953, "o", "-" ]
[ 7.62114, "o", "-" ]
[ 7.67309, "o", "v" ]
[ 7.72474, "o", "e" ]
[ 7.77656, "o", "r" ]
[ 7.82825, "o", "s" ]
[ 7.88003, "o", "i" ]
[ 7.93156, "o", "o" ]
[ 7.98345, "o", "n" ]
[ 8.23693, "o", "\u001b[?2004l\r\r\n" ]
[ 8.32657, "o", "Modern traceroute for Linux, version 2.1.0\r\nCopyright (c) 2016  Dmitry Butskoy,   License: GPL v2 or any later\r\n" ]
[ 8.32688, "o", "\u001b[1m\u001b[7m#\u001b[27m\u001b[1m\u001b[0m                                                                                                   \r \r\r\u001b[0m\u001b[27m\u001b[24m\u001b[J\r\n\u001b[19491001\u001b[1;35m> \u001b[20210325\u001b[0m\u001b[K" ]
[ 8.32703, "o", "\u001b[?2004h" ]
[ 10.41083, "o", "#\b# " ]
[ 10.41096, "o", "U" ]
[ 10.46250, "o", "s" ]
[ 10.51461, "o", "i" ]
[ 10.56645, "o", "n" ]
[ 10.61853, "o", "g" ]
[ 10.67031, "o", " " ]
[ 10.72164, "o", "`" ]
[ 10.77394, "o", "x" ]
[ 10.82559, "o", " " ]
[ 10.87742, "o", "e" ]
[ 10.92917, "o", "n" ]
[ 10.98146, "o", "v" ]
[ 11.03312, "o", " " ]
[ 11.08473, "o", "u" ]
[ 11.13675, "o", "s" ]
[ 11.18843, "o", "e" ]
[ 11.24010, "o", "`" ]
[ 11.29238, "o", " " ]
[ 11.34419, "o", "c" ]
[ 11.39580, "o", "a" ]
[ 11.44777, "o", "n" ]
[ 11.49957, "o", " " ]
[ 11.55145, "o", "a" ]
[ 11.60362, "o", "u" ]
[ 11.65535, "o", "t" ]
[ 11.70734, "o", "o" ]
[ 11.75925, "o", "m" ]
[ 11.81134, "o", "a" ]
[ 11.86288, "o", "t" ]
[ 11.91506, "o", "i" ]
[ 11.96699, "o", "c" ]
[ 12.01859, "o", "a" ]
[ 12.07029, "o", "l" ]
[ 12.12224, "o", "l" ]
[ 12.17418, "o", "y" ]
[ 12.22577, "o", " " ]
[ 12.27771, "o", "i" ]
[ 12.33014, "o", "n" ]
[ 12.38191, "o", "s" ]
[ 12.43334, "o", "t" ]
[ 12.48487, "o", "a" ]
[ 12.53693, "o", "l" ]
[ 12.58852, "o", "l" ]
[ 12.64046, "o", " " ]
[ 12.69263, "o", "a" ]
[ 12.74442, "o", "n" ]
[ 12.79610, "o", "d" ]
[ 12.84790, "o", " " ]
[ 12.89980, "o", "c" ]
[ 12.95125, "o", "o" ]
[ 13.00320, "o", "n" ]
[ 13.05464, "o", "f" ]
[ 13.10693, "o", "i" ]
[ 13.15933, "o", "g" ]
[ 13.21129, "o", "u" ]
[ 13.26330, "o", "r" ]
[ 13.31491, "o", "e" ]
[ 13.36681, "o", " " ]
[ 13.41816, "o", "c" ]
[ 13.46992, "o", "o" ]
[ 13.52150, "o", "r" ]
[ 13.57370, "o", "r" ]
[ 13.62564, "o", "e" ]
[ 13.67753, "o", "s" ]
[ 13.72931, "o", "p" ]
[ 13.78079, "o", "o" ]
[ 13.83291, "o", "n" ]
[ 13.88446, "o", "d" ]
[ 13.93648, "o", "i" ]
[ 13.98816, "o", "n" ]
[ 14.04022, "o", "g" ]
[ 14.09191, "o", " " ]
[ 14.14376, "o", "g" ]
[ 14.19560, "o", "l" ]
[ 14.24696, "o", "o" ]
[ 14.29880, "o", "b" ]
[ 14.35039, "o", "a" ]
[ 14.40233, "o", "l" ]
[ 14.45439, "o", " " ]
[ 14.50596, "o", "e" ]
[ 14.55811, "o", "n" ]
[ 14.61044, "o", "v" ]
[ 14.66245, "o", "i" ]
[ 14.71419, "o", "r" ]
[ 14.76563, "o", "o" ]
[ 14.81750, "o", "n" ]
[ 14.86987, "o", "m" ]
[ 14.92161, "o", "e" ]
[ 14.97330, "o", "n" ]
[ 15.02493, "o", "t" ]
[ 15.07659, "o", " " ]
[ 15.12821, "o", "v" ]
[ 15.17995, "o", "a" ]
[ 15.23247, "o", "r" ]
[ 15.28418, "o", "i" ]
[ 15.33614, "o", "a \r\u001b[K" ]
[ 15.38813, "o", "b" ]
[ 15.43969, "o", "\rbl" ]
[ 15.49182, "o", "e" ]
[ 15.54369, "o", "s" ]
[ 15.59590, "o", "\u001b[?2004l\r\r\n" ]
[ 15.59609, "o", "\u001b[1m\u001b[7m#\u001b[27m\u001b[1m\u001b[0m                                                                                                   \r \r\r\u001b[0m\u001b[27m\u001b[24m\u001b[J\r\n\u001b[19491001\u001b[1;35m> \u001b[20210325\u001b[0m\u001b[K\u001b[?2004h" ]
[ 16.09764, "o", "x" ]
[ 16.14974, "o", "\bx " ]
[ 16.20164, "o", "e" ]
[ 16.25321, "o", "n" ]
[ 16.30482, "o", "v" ]
[ 16.35669, "o", " " ]
[ 16.40914, "o", "u" ]
[ 16.46120, "o", "s" ]
[ 16.51386, "o", "e" ]
[ 16.56572, "o", " " ]
[ 16.61755, "o", "t" ]
[ 16.66909, "o", "r" ]
[ 16.72083, "o", "a" ]
[ 16.77266, "o", "c" ]
[ 16.82472, "o", "e" ]
[ 16.87699, "o", "r" ]
[ 16.92890, "o", "o" ]
[ 16.98042, "o", "u" ]
[ 17.03256, "o", "t" ]
[ 17.08415, "o", "e" ]
[ 17.33807, "o", "\u001b[?2004l\r\r\n" ]
[ 17.42353, "o", "- \u001b[32mI\u001b[0m\u001b[32m|pkg: \u001b[0mSuccessfully set link from path \u001b[0m\r\n" ]
[ 17.44503, "o", "- \u001b[32mI\u001b[0m\u001b[32m|env: \u001b[0mSuccessfully set traceroute=v0.0.1 in the current environment.\u001b[0m\r\n" ]
[ 17.50284, "o", "- \u001b[32mI\u001b[0m\u001b[32m|env: \u001b[0mConfig file updated to /root/.x-cmd.root/local/data/env/version\u001b[0m\r\n" ]
[ 17.50302, "o", "\u001b[1m\u001b[7m#\u001b[27m\u001b[1m\u001b[0m                                                                                                   \r \r\r\u001b[0m\u001b[27m\u001b[24m\u001b[J\r\n\u001b[19491001\u001b[1;35m> \u001b[20210325\u001b[0m\u001b[K\u001b[?2004h" ]
[ 20.42484, "o", "#\b# T" ]
[ 20.47657, "o", "r" ]
[ 20.52844, "o", "a" ]
[ 20.58043, "o", "c" ]
[ 20.63193, "o", "k" ]
[ 20.68369, "o", " " ]
[ 20.73532, "o", "t" ]
[ 20.78710, "o", "h" ]
[ 20.83908, "o", "e" ]
[ 20.89112, "o", " " ]
[ 20.94273, "o", "t" ]
[ 20.99422, "o", "r" ]
[ 21.04652, "o", "a" ]
[ 21.09813, "o", "n" ]
[ 21.14993, "o", "s" ]
[ 21.20160, "o", "m" ]
[ 21.25319, "o", "i" ]
[ 21.30469, "o", "s" ]
[ 21.35660, "o", "s" ]
[ 21.40858, "o", "i" ]
[ 21.46000, "o", "o" ]
[ 21.51270, "o", "n" ]
[ 21.56425, "o", " " ]
[ 21.61638, "o", "p" ]
[ 21.66807, "o", "a" ]
[ 21.71978, "o", "t" ]
[ 21.77169, "o", "h" ]
[ 21.82398, "o", " " ]
[ 21.87542, "o", "o" ]
[ 21.92713, "o", "f" ]
[ 21.97900, "o", " " ]
[ 22.03054, "o", "d" ]
[ 22.08276, "o", "a" ]
[ 22.13433, "o", "t" ]
[ 22.18627, "o", "a" ]
[ 22.23778, "o", "g" ]
[ 22.28970, "o", "r" ]
