{"version":2,"width":100,"height":26,"timestamp":1690611839,"env":{"SHELL":"","TERM":"xterm"}}
[ 0.00000, "o", "" ]
[ 0.13609, "o", "\u001b[19491001\u001b[1;35m> \u001b[20210325\u001b[0m\u001b[K\u001b[?2004h" ]
[ 0.41196, "o", "#\b# U" ]
[ 0.46337, "o", "s" ]
[ 0.51528, "o", "e" ]
[ 0.56679, "o", " " ]
[ 0.61873, "o", "t" ]
[ 0.67100, "o", "h" ]
[ 0.72283, "o", "e" ]
[ 0.77466, "o", " " ]
[ 0.82699, "o", "`" ]
[ 0.87968, "o", "x" ]
[ 0.93165, "o", " " ]
[ 0.98332, "o", "t" ]
[ 1.03486, "o", "r" ]
[ 1.08692, "o", "d" ]
[ 1.13861, "o", "s" ]
[ 1.19074, "o", "q" ]
[ 1.24238, "o", "l" ]
[ 1.29418, "o", "`" ]
[ 1.34604, "o", " " ]
[ 1.39752, "o", "c" ]
[ 1.44937, "o", "o" ]
[ 1.50080, "o", "m" ]
[ 1.55292, "o", "m" ]
[ 1.60458, "o", "a" ]
[ 1.65643, "o", "n" ]
[ 1.70813, "o", "d" ]
[ 1.75993, "o", " " ]
[ 1.81202, "o", "f" ]
[ 1.86379, "o", "o" ]
[ 1.91589, "o", "r" ]
[ 1.96748, "o", "m" ]
[ 2.01929, "o", "a" ]
[ 2.07130, "o", "t" ]
[ 2.12320, "o", " " ]
[ 2.17504, "o", "t" ]
[ 2.22690, "o", "o" ]
[ 2.27987, "o", " " ]
[ 2.33143, "o", "q" ]
[ 2.38342, "o", "u" ]
[ 2.43481, "o", "i" ]
[ 2.48657, "o", "c" ]
[ 2.53801, "o", "k" ]
[ 2.58948, "o", "l" ]
[ 2.64090, "o", "y" ]
[ 2.69253, "o", " " ]
[ 2.74511, "o", "u" ]
[ 2.79665, "o", "s" ]
[ 2.84843, "o", "e" ]
[ 2.90048, "o", " " ]
[ 2.95198, "o", "t" ]
[ 3.00373, "o", "h" ]
[ 3.05538, "o", "e" ]
[ 3.10716, "o", " " ]
[ 3.15872, "o", "`" ]
[ 3.21055, "o", "t" ]
[ 3.26216, "o", "r" ]
[ 3.31440, "o", "d" ]
[ 3.36639, "o", "s" ]
[ 3.41821, "o", "q" ]
[ 3.46983, "o", "l" ]
[ 3.52128, "o", "`" ]
[ 3.57321, "o", " " ]
[ 3.62459, "o", "c" ]
[ 3.67746, "o", "o" ]
[ 3.73029, "o", "m" ]
[ 3.78182, "o", "m" ]
[ 3.83345, "o", "a" ]
[ 3.88496, "o", "n" ]
[ 3.93665, "o", "d" ]
[ 3.98805, "o", "\u001b[?2004l\r\r\n\u001b[1m\u001b[7m#\u001b[27m\u001b[1m\u001b[0m                                                                                                   \r \r\r\u001b[0m\u001b[27m\u001b[24m\u001b[J\r\n\u001b[19491001\u001b[1;35m> \u001b[20210325\u001b[0m\u001b[K\u001b[?2004h" ]
[ 5.49158, "o", "x" ]
[ 5.54368, "o", "\bx " ]
[ 5.59551, "o", "t" ]
[ 5.64705, "o", "r" ]
[ 5.69983, "o", "d" ]
[ 5.75207, "o", "s" ]
[ 5.80376, "o", "q" ]
[ 5.85562, "o", "l" ]
[ 5.90717, "o", " " ]
[ 5.95863, "o", "-" ]
[ 6.01084, "o", "-" ]
[ 6.06279, "o", "v" ]
[ 6.11475, "o", "e" ]
[ 6.16678, "o", "r" ]
[ 6.21878, "o", "s" ]
[ 6.27122, "o", "i" ]
[ 6.32291, "o", "o" ]
[ 6.37481, "o", "n" ]
[ 6.62932, "o", "\u001b[?2004l\r\r\n" ]
[ 6.69930, "o", "trdsql version v0.11.1\r\n" ]
[ 6.69981, "o", "\u001b[1m\u001b[7m#\u001b[27m\u001b[1m\u001b[0m                                                                                                   \r \r" ]
[ 6.69994, "o", "\r\u001b[0m\u001b[27m\u001b[24m\u001b[J\r\n\u001b[19491001\u001b[1;35m> \u001b[20210325\u001b[0m\u001b[K\u001b[?2004h" ]
[ 7.63124, "o", "#\b# " ]
[ 7.63140, "o", "U" ]
[ 7.68310, "o", "s" ]
[ 7.73504, "o", "i" ]
[ 7.78649, "o", "n" ]
[ 7.83805, "o", "g" ]
[ 7.88973, "o", " " ]
[ 7.94216, "o", "`" ]
[ 7.99404, "o", "x" ]
[ 8.04607, "o", " " ]
[ 8.09800, "o", "e" ]
[ 8.14956, "o", "n" ]
[ 8.20131, "o", "v" ]
[ 8.25280, "o", " " ]
[ 8.30463, "o", "u" ]
[ 8.35653, "o", "s" ]
[ 8.40844, "o", "e" ]
[ 8.45998, "o", "`" ]
[ 8.51203, "o", " " ]
[ 8.56398, "o", "c" ]
[ 8.61546, "o", "a" ]
[ 8.66778, "o", "n" ]
[ 8.71939, "o", " " ]
[ 8.77082, "o", "a" ]
[ 8.82272, "o", "u" ]
[ 8.87454, "o", "t" ]
[ 8.92633, "o", "o" ]
[ 8.97829, "o", "m" ]
[ 9.03006, "o", "a" ]
[ 9.08174, "o", "t" ]
[ 9.13403, "o", "i" ]
[ 9.18555, "o", "c" ]
[ 9.23713, "o", "a" ]
[ 9.28874, "o", "l" ]
[ 9.34076, "o", "l" ]
[ 9.39270, "o", "y" ]
[ 9.44427, "o", " " ]
[ 9.49630, "o", "i" ]
[ 9.54784, "o", "n" ]
[ 9.59984, "o", "s" ]
[ 9.65147, "o", "t" ]
[ 9.70294, "o", "a" ]
[ 9.75496, "o", "l" ]
[ 9.80666, "o", "l" ]
[ 9.85834, "o", " " ]
[ 9.91014, "o", "a" ]
[ 9.96173, "o", "n" ]
[ 10.01304, "o", "d" ]
[ 10.06506, "o", " " ]
[ 10.11659, "o", "c" ]
[ 10.16812, "o", "o" ]
[ 10.22023, "o", "n" ]
[ 10.27188, "o", "f" ]
[ 10.32373, "o", "i" ]
[ 10.37525, "o", "g" ]
[ 10.42718, "o", "u" ]
[ 10.47905, "o", "r" ]
[ 10.53087, "o", "e" ]
[ 10.58309, "o", " " ]
[ 10.63483, "o", "c" ]
[ 10.68664, "o", "o" ]
[ 10.73820, "o", "r" ]
[ 10.78971, "o", "r" ]
[ 10.84114, "o", "e" ]
[ 10.89356, "o", "s" ]
[ 10.94559, "o", "p" ]
[ 10.99702, "o", "o" ]
[ 11.04847, "o", "n" ]
[ 11.10001, "o", "d" ]
[ 11.15160, "o", "i" ]
[ 11.20298, "o", "n" ]
[ 11.25467, "o", "g" ]
[ 11.30618, "o", " " ]
[ 11.35801, "o", "g" ]
[ 11.40993, "o", "l" ]
[ 11.46155, "o", "o" ]
[ 11.51331, "o", "b" ]
[ 11.56470, "o", "a" ]
[ 11.61619, "o", "l" ]
[ 11.66762, "o", " " ]
[ 11.71942, "o", "e" ]
[ 11.77087, "o", "n" ]
[ 11.82314, "o", "v" ]
[ 11.87512, "o", "i" ]
[ 11.92665, "o", "r" ]
[ 11.97823, "o", "o" ]
[ 12.02969, "o", "n" ]
[ 12.08142, "o", "m" ]
[ 12.13339, "o", "e" ]
[ 12.18500, "o", "n" ]
[ 12.23708, "o", "t" ]
[ 12.28866, "o", " " ]
[ 12.34031, "o", "v" ]
[ 12.39231, "o", "a" ]
[ 12.44419, "o", "r" ]
[ 12.49588, "o", "i" ]
[ 12.54792, "o", "a \r\u001b[K" ]
[ 12.59986, "o", "b" ]
[ 12.65183, "o", "\rbl" ]
[ 12.70384, "o", "e" ]
[ 12.75576, "o", "s" ]
[ 12.80765, "o", "\u001b[?2004l\r\r\n" ]
[ 12.80779, "o", "\u001b[1m\u001b[7m#\u001b[27m\u001b[1m\u001b[0m                                                                                                   \r \r\r\u001b[0m\u001b[27m\u001b[24m\u001b[J\r\n\u001b[19491001\u001b[1;35m> \u001b[20210325\u001b[0m\u001b[K\u001b[?2004h" ]
[ 14.31130, "o", "x" ]
[ 14.36363, "o", "\bx " ]
[ 14.41553, "o", "e" ]
[ 14.46743, "o", "n" ]
[ 14.51882, "o", "v" ]
[ 14.57071, "o", " " ]
[ 14.62218, "o", "u" ]
[ 14.67399, "o", "s" ]
[ 14.72539, "o", "e" ]
[ 14.77765, "o", " " ]
[ 14.82993, "o", "t" ]
[ 14.88141, "o", "r" ]
[ 14.93344, "o", "d" ]
[ 14.98518, "o", "s" ]
[ 15.03668, "o", "q" ]
[ 15.08823, "o", "l" ]
[ 15.34204, "o", "\u001b[?2004l\r\r\n" ]
[ 15.48782, "o", "- \u001b[32mI\u001b[0m\u001b[32m|pkg: \u001b[0mSuccessfully set link from path \u001b[0m\r\n" ]
[ 15.50937, "o", "- \u001b[32mI\u001b[0m\u001b[32m|env: \u001b[0mSuccessfully set trdsql=v0.0.1 in the current environment.\u001b[0m\r\n" ]
[ 15.56522, "o", "- \u001b[32mI\u001b[0m\u001b[32m|env: \u001b[0mConfig file updated to /root/.x-cmd.root/local/data/env/version\u001b[0m\r\n" ]
[ 15.56580, "o", "\u001b[1m\u001b[7m#\u001b[27m\u001b[1m\u001b[0m                                                                                                   \r \r\r\u001b[0m\u001b[27m\u001b[24m\u001b[J\r\n\u001b[19491001\u001b[1;35m> \u001b[20210325\u001b[0m\u001b[K\u001b[?2004h" ]
[ 16.34458, "o", "x" ]
[ 16.39599, "o", "\bx " ]
[ 16.44793, "o", "c" ]
[ 16.49957, "o", "a" ]
[ 16.55143, "o", "t" ]
[ 16.60344, "o", " " ]
[ 16.65480, "o", "d" ]
[ 16.70675, "o", "a" ]
[ 16.75831, "o", "t" ]
[ 16.81051, "o", "a" ]
[ 16.86210, "o", "." ]
[ 16.91436, "o", "c" ]
[ 16.96604, "o", "s" ]
[ 17.01771, "o", "v" ]
[ 17.27153, "o", "\u001b[?2004l\r\r\n" ]
[ 17.40500, "o", "\r\u001b[38;5;238m───────┬────────────────────────────────────────────────────────────────────────────────────────────\u001b[0m\u001b[m\r\n       \u001b[38;5;238m│ \u001b[0mFile: \u001b[1mdata.csv\u001b[0m\u001b[m\r\n\u001b[38;5;238m───────┼────────────────────────────────────────────────────────────────────────────────────────────\u001b[0m\u001b[m\r\n\u001b[38;5;238m   1\u001b[0m   \u001b[38;5;238m│\u001b[0m \u001b[38;5;149mPID\u001b[0m\u001b[38;5;208m,\u001b[0m\u001b[38;5;81mTTY\u001b[0m\u001b[38;5;208m,\u001b[0m\u001b[38;5;141mTIME\u001b[0m\u001b[38;5;208m,\u001b[0m\u001b[38;5;203mCMD\u001b[0m\u001b[m\r\n\u001b[38;5;238m   2\u001b[0m   \u001b[38;5;238m│\u001b[0m \u001b[38;5;149m9446\u001b[0m\u001b[38;5;208m,\u001b[0m\u001b[38;5;81mpts/2\u001b[0m\u001b[38;5;208m,\u001b[0m\u001b[38;5;141m00:00:00\u001b[0m\u001b[38;5;208m,\u001b[0m\u001b[38;5;203mbas" ]
[ 17.40505, "o", "h\u001b[" ]
