{"version":2,"width":100,"height":26,"timestamp":1690532192,"env":{"SHELL":"","TERM":"xterm"}}
[ 0.00000, "o", "" ]
[ 0.13713, "o", "\u001b[19491001\u001b[1;35m> \u001b[20210325\u001b[0m" ]
[ 0.13732, "o", "\u001b[K\u001b[?2004h" ]
[ 0.41716, "o", "#\b# " ]
[ 0.41729, "o", "U" ]
[ 0.46884, "o", "s" ]
[ 0.52015, "o", "e" ]
[ 0.57210, "o", " " ]
[ 0.62375, "o", "t" ]
[ 0.67544, "o", "h" ]
[ 0.72726, "o", "e" ]
[ 0.77926, "o", " " ]
[ 0.83155, "o", "`" ]
[ 0.88336, "o", "x" ]
[ 0.93526, "o", " " ]
[ 0.98677, "o", "z" ]
[ 1.03851, "o", "s" ]
[ 1.08997, "o", "t" ]
[ 1.14233, "o", "d" ]
[ 1.19443, "o", "`" ]
[ 1.24572, "o", " " ]
[ 1.29777, "o", "c" ]
[ 1.34927, "o", "o" ]
[ 1.40139, "o", "m" ]
[ 1.45294, "o", "m" ]
[ 1.50537, "o", "a" ]
[ 1.55693, "o", "n" ]
[ 1.60929, "o", "d" ]
[ 1.66125, "o", " " ]
[ 1.71300, "o", "f" ]
[ 1.76483, "o", "o" ]
[ 1.81629, "o", "r" ]
[ 1.86850, "o", "m" ]
[ 1.92021, "o", "a" ]
[ 1.97257, "o", "t" ]
[ 2.02426, "o", " " ]
[ 2.07719, "o", "t" ]
[ 2.12923, "o", "o" ]
[ 2.18127, "o", " " ]
[ 2.23332, "o", "q" ]
[ 2.28468, "o", "u" ]
[ 2.33656, "o", "i" ]
[ 2.38845, "o", "c" ]
[ 2.44058, "o", "k" ]
[ 2.49232, "o", "l" ]
[ 2.54439, "o", "y" ]
[ 2.59630, "o", " " ]
[ 2.64785, "o", "u" ]
[ 2.69958, "o", "s" ]
[ 2.75099, "o", "e" ]
[ 2.80328, "o", " " ]
[ 2.85487, "o", "t" ]
[ 2.90689, "o", "h" ]
[ 2.95858, "o", "e" ]
[ 3.01055, "o", " " ]
[ 3.06247, "o", "`" ]
[ 3.11389, "o", "z" ]
[ 3.16572, "o", "s" ]
[ 3.21722, "o", "t" ]
[ 3.26921, "o", "d" ]
[ 3.32090, "o", "`" ]
[ 3.37318, "o", " " ]
[ 3.42485, "o", "c" ]
[ 3.47693, "o", "o" ]
[ 3.52882, "o", "m" ]
[ 3.58081, "o", "m" ]
[ 3.63290, "o", "a" ]
[ 3.68441, "o", "n" ]
[ 3.73666, "o", "d" ]
[ 3.78835, "o", "\u001b[?2004l\r\r\n" ]
[ 3.78872, "o", "\u001b[1m\u001b[7m#\u001b[27m\u001b[1m\u001b[0m                                                                                                   \r \r\r\u001b[0m\u001b[27m\u001b[24m\u001b[J\r\n\u001b[19491001\u001b[1;35m> \u001b[20210325\u001b[0m\u001b[K\u001b[?2004h" ]
[ 5.29199, "o", "x" ]
[ 5.34368, "o", "\bx " ]
[ 5.39624, "o", "z" ]
[ 5.44770, "o", "s" ]
[ 5.49956, "o", "t" ]
[ 5.55149, "o", "d" ]
[ 5.60316, "o", " " ]
[ 5.65507, "o", "-" ]
[ 5.70663, "o", "-" ]
[ 5.75837, "o", "v" ]
[ 5.81004, "o", "e" ]
[ 5.86182, "o", "r" ]
[ 5.91328, "o", "s" ]
[ 5.96528, "o", "i" ]
[ 6.01698, "o", "o" ]
[ 6.06841, "o", "n" ]
[ 6.32136, "o", "\u001b[?2004l\r\r\n" ]
[ 6.38742, "o", "*** Zstandard CLI (64-bit) v1.5.5, by Yann Collet ***\r\n" ]
[ 6.38772, "o", "\u001b[1m\u001b[7m#\u001b[27m\u001b[1m\u001b[0m                                                                                                   \r \r\r\u001b[0m\u001b[27m\u001b[24m\u001b[J\r\n\u001b[19491001\u001b[1;35m> \u001b[20210325\u001b[0m\u001b[K\u001b[?2004h" ]
[ 8.32319, "o", "#" ]
[ 8.32333, "o", "\b# U" ]
[ 8.37547, "o", "s" ]
[ 8.42690, "o", "i" ]
[ 8.47911, "o", "n" ]
[ 8.53072, "o", "g" ]
[ 8.58257, "o", " " ]
[ 8.63444, "o", "`" ]
[ 8.68640, "o", "x" ]
[ 8.73841, "o", " " ]
[ 8.78998, "o", "e" ]
[ 8.84236, "o", "n" ]
[ 8.89386, "o", "v" ]
[ 8.94551, "o", " " ]
[ 8.99704, "o", "u" ]
[ 9.04933, "o", "s" ]
[ 9.10133, "o", "e" ]
[ 9.15310, "o", "`" ]
[ 9.20506, "o", " " ]
[ 9.25661, "o", "c" ]
[ 9.30849, "o", "a" ]
[ 9.35996, "o", "n" ]
[ 9.41179, "o", " " ]
[ 9.46323, "o", "a" ]
[ 9.51534, "o", "u" ]
[ 9.56722, "o", "t" ]
[ 9.61883, "o", "o" ]
[ 9.67028, "o", "m" ]
[ 9.72178, "o", "a" ]
[ 9.77363, "o", "t" ]
[ 9.82525, "o", "i" ]
[ 9.87754, "o", "c" ]
[ 9.92939, "o", "a" ]
[ 9.98113, "o", "l" ]
[ 10.03289, "o", "l" ]
[ 10.08435, "o", "y" ]
[ 10.13669, "o", " " ]
[ 10.18827, "o", "i" ]
[ 10.24001, "o", "n" ]
[ 10.29172, "o", "s" ]
[ 10.34357, "o", "t" ]
[ 10.39531, "o", "a" ]
[ 10.44685, "o", "l" ]
[ 10.49843, "o", "l" ]
[ 10.54992, "o", " " ]
[ 10.60164, "o", "a" ]
[ 10.65315, "o", "n" ]
[ 10.70487, "o", "d" ]
[ 10.75645, "o", " " ]
[ 10.80889, "o", "c" ]
[ 10.86076, "o", "o" ]
[ 10.91261, "o", "n" ]
[ 10.96467, "o", "f" ]
[ 11.01633, "o", "i" ]
[ 11.06876, "o", "g" ]
[ 11.12039, "o", "u" ]
[ 11.17241, "o", "r" ]
[ 11.22478, "o", "e" ]
[ 11.27665, "o", " " ]
[ 11.32818, "o", "c" ]
[ 11.37979, "o", "o" ]
[ 11.43195, "o", "r" ]
[ 11.48346, "o", "r" ]
[ 11.53514, "o", "e" ]
[ 11.58740, "o", "s" ]
[ 11.63903, "o", "p" ]
[ 11.69096, "o", "o" ]
[ 11.74280, "o", "n" ]
[ 11.79469, "o", "d" ]
[ 11.84619, "o", "i" ]
[ 11.89792, "o", "n" ]
[ 11.94947, "o", "g" ]
[ 12.00164, "o", " " ]
[ 12.05320, "o", "g" ]
[ 12.10532, "o", "l" ]
[ 12.15700, "o", "o" ]
[ 12.20860, "o", "b" ]
[ 12.26038, "o", "a" ]
[ 12.31194, "o", "l" ]
[ 12.36387, "o", " " ]
[ 12.41594, "o", "e" ]
[ 12.46742, "o", "n" ]
[ 12.51968, "o", "v" ]
[ 12.57131, "o", "i" ]
[ 12.62379, "o", "r" ]
[ 12.67544, "o", "o" ]
[ 12.72718, "o", "n" ]
[ 12.77881, "o", "m" ]
[ 12.83098, "o", "e" ]
[ 12.88327, "o", "n" ]
[ 12.93514, "o", "t" ]
[ 12.98667, "o", " " ]
[ 13.03828, "o", "v" ]
[ 13.09015, "o", "a" ]
[ 13.14188, "o", "r" ]
[ 13.19368, "o", "i" ]
[ 13.24534, "o", "a \r\u001b[K" ]
[ 13.29705, "o", "b" ]
[ 13.34887, "o", "\rbl" ]
[ 13.40065, "o", "e" ]
[ 13.45315, "o", "s" ]
[ 13.50462, "o", "\u001b[?2004l\r\r\n" ]
[ 13.50475, "o", "\u001b[1m\u001b[7m#\u001b[27m\u001b[1m\u001b[0m                                                                                                   \r \r\r\u001b[0m\u001b[27m\u001b[24m\u001b[J\r\n\u001b[19491001\u001b[1;35m> \u001b[20210325\u001b[0m\u001b[K\u001b[?2004h" ]
[ 15.00847, "o", "x" ]
[ 15.06052, "o", "\bx " ]
[ 15.11237, "o", "e" ]
[ 15.16407, "o", "n" ]
[ 15.21602, "o", "v" ]
[ 15.26783, "o", " " ]
[ 15.31999, "o", "u" ]
[ 15.37159, "o", "s" ]
[ 15.42346, "o", "e" ]
[ 15.47561, "o", " " ]
[ 15.52726, "o", "z" ]
[ 15.57923, "o", "s" ]
[ 15.63070, "o", "t" ]
[ 15.68269, "o", "d" ]
[ 15.93629, "o", "\u001b[?2004l\r\r\n" ]
[ 16.03660, "o", "- \u001b[32mI\u001b[0m\u001b[32m|pkg: \u001b[0mSuccessfully set link from path \u001b[0m\r\n" ]
[ 16.05832, "o", "- \u001b[32mI\u001b[0m\u001b[32m|env: \u001b[0mSuccessfully set zstd=v0.0.1 in the current environment.\u001b[0m\r\n" ]
[ 16.11837, "o", "- \u001b[32mI\u001b[0m\u001b[32m|env: \u001b[0mConfig file updated to /root/.x-cmd.root/local/data/env/version\u001b[0m\r\n" ]
[ 16.11856, "o", "\u001b[1m\u001b[7m#\u001b[27m\u001b[1m\u001b[0m                                                                                                   \r \r\r\u001b[0m\u001b[27m\u001b[24m\u001b[J\r\n\u001b[19491001\u001b[1;35m> \u001b[20210325\u001b[0m\u001b[K\u001b[?2004h" ]
[ 17.93843, "o", "x" ]
[ 17.98999, "o", "\bx " ]
[ 18.04171, "o", "e" ]
[ 18.09345, "o", "x" ]
[ 18.14518, "o", "a" ]
[ 18.19728, "o", " " ]
[ 18.24902, "o", "-" ]
[ 18.30099, "o", "l" ]
[ 18.35278, "o", "h" ]
[ 18.40439, "o", "T" ]
[ 18.95831, "o", "\u001b[?2004l\r\r\n" ]
[ 19.03152, "o", "\u001b[4mPermissions\u001b[0m \u001b[4mSize\u001b[0m \u001b[4mUser\u001b[0m \u001b[4mDate Modified\u001b[0m \u001b[4mName\u001b[0m\r\n\u001b[1;34md\u001b[33mr\u001b[31mw\u001b[32mx\u001b[0m\u001b[33mr\u001b[38;5;244m-\u001b[32mx\u001b[33mr\u001b[38;5;244m-\u001b[32mx\u001b[0m     \u001b[38;5;244m-\u001b[0m \u001b[1;33mroot\u001b[0m \u001b[34m28 Jul 08:16\u001b[0m  \u001b[1;34m.\u001b[0m\r\n.\u001b[1;33mr\u001b[31mw\u001b[0m\u001b[38;5;244m-\u001b[33mr\u001b[38;5;244m--\u001b[33mr\u001b[38;5;244m--\u001b[0m  \u001b[1;32m2.1\u001b[0m\u001b[32mM\u001b[0m \u001b[1;33mroot\u001b[0m \u001b[34m28 Jul 08:16\u001b[0m  \u001b[38;5;244m└──\u001b[0m test.exe\r\n" ]
[ 19.03245, "o", "\u001b[1m\u001b[7m#\u001b[27m\u001b[1m\u001b[0m                                                                                                   \r \r\r\u001b[0m\u001b[27m\u001b[24m\u001b[J\r\n\u001b[19491001\u001b[1;35m> \u001b[20210325\u001b[0m\u001b[K\u001b[?2004h" ]
[ 19.95999, "o", "#\b# " ]
[ 19.96015, "o", "C" ]
[ 20.01167, "o", "o" ]
[ 20.06385, "o", "m" ]
[ 20.11536, "o", "p" ]
[ 20.16742, "o", "r" ]
[ 20.21915, "o", "e" ]
[ 20.27052, "o", "s" ]
[ 20.32242, "o", "s" ]
[ 20.37418, "o", " " ]
[ 20.42605, "o", "t" ]
[ 20.47749, "o", "h" ]
