{"version":2,"width":100,"height":26,"timestamp":1693271462,"env":{"SHELL":"","TERM":"xterm"}}
[ 0.00000, "o", "" ]
[ 0.01808, "o", "\u001b[19491001\u001b[1;35m> \u001b[20210325\u001b[0m\u001b[K" ]
[ 0.01822, "o", "\u001b[?2004h" ]
[ 1.31350, "o", "#\b# " ]
[ 1.31370, "o", "c" ]
[ 1.36597, "o", "o" ]
[ 1.41779, "o", "m" ]
[ 1.46981, "o", "p" ]
[ 1.52221, "o", "r" ]
[ 1.57400, "o", "e" ]
[ 1.62593, "o", "s" ]
[ 1.67750, "o", "s" ]
[ 1.72961, "o", "e" ]
[ 1.78138, "o", "d" ]
[ 1.83351, "o", " " ]
[ 1.88557, "o", "f" ]
[ 1.93755, "o", "i" ]
[ 1.98955, "o", "l" ]
[ 2.04111, "o", "e" ]
[ 2.09310, "o", "\u001b[?2004l\r\r\n\u001b[1m\u001b[7m#\u001b[27m\u001b[1m\u001b[0m                                                                                                   \r \r\r\u001b[0m\u001b[27m\u001b[24m\u001b[J\r\n\u001b[19491001\u001b[1;35m> \u001b[20210325\u001b[0m\u001b[K\u001b[?2004h" ]
[ 3.59658, "o", "x" ]
[ 3.64889, "o", "\bx " ]
[ 3.70107, "o", "e" ]
[ 3.75308, "o", "x" ]
[ 3.80482, "o", "a" ]
[ 3.85674, "o", " " ]
[ 3.90859, "o", "-" ]
[ 3.96048, "o", "l" ]
[ 4.01209, "o", "h" ]
[ 4.06395, "o", "T" ]
[ 7.11778, "o", "\u001b[?2004l\r\r\n" ]
[ 7.32521, "o", "\u001b[4mPermissions\u001b[0m \u001b[4mSize\u001b[0m \u001b[4mUser\u001b[0m \u001b[4mDate Modified\u001b[0m \u001b[4mName\u001b[0m\r\n\u001b[1;34md\u001b[33mr\u001b[31mw\u001b[32mx\u001b[0m\u001b[33mr\u001b[38;5;244m-\u001b[32mx\u001b[33mr\u001b[38;5;244m-\u001b[32mx\u001b[0m     \u001b[38;5;244m-\u001b[0m \u001b[1;33mroot\u001b[0m \u001b[34m29 Aug 01:11\u001b[0m  \u001b[1;34m.\u001b[0m\r\n.\u001b[1;33mr\u001b[31mw\u001b[0m\u001b[38;5;244m-\u001b[33mr\u001b[38;5;244m--\u001b[33mr\u001b[38;5;244m--\u001b[0m  \u001b[1;32m2.1\u001b[0m\u001b[32mM\u001b[0m \u001b[1;33mroot\u001b[0m \u001b[34m29 Aug 01:11\u001b[0m  \u001b[38;5;244m├──\u001b[0m file.exe\r\n.\u001b[1;33mr\u001b[31mw\u001b[0m\u001b[38;5;244m-\u001b[33mr\u001b[38;5;244m--\u001b[33mr\u001b[38;5;244m--\u001b[0m    \u001b[1;32m22\u001b[0m \u001b[1;33mroot\u001b[0m \u001b[34m29 Aug 01:11\u001b[0m  \u001b[38;5;244m├──\u001b[0m file.py\r\n.\u001b[1;33mr\u001b[31mw\u001b[0m\u001b[38;5;244m-\u001b[33mr\u001b[38;5;244m--\u001b[33mr\u001b[38;5;244m--\u001b[0m  \u001b[1;32m1.3\u001b[0m\u001b[32mk\u001b[0m \u001b[1;33mroot\u001b[0m \u001b[34m29 Aug 01:11\u001b[0m  \u001b[38;5;244m└──\u001b[0m file.txt\r\n" ]
[ 7.32547, "o", "\u001b[1m\u001b[7m#\u001b[27m\u001b[1m\u001b[0m                                                                                                   \r \r" ]
[ 7.32561, "o", "\r\u001b[0m\u001b[27m\u001b[24m\u001b[J\r\n\u001b[19491001\u001b[1;35m> \u001b[20210325\u001b[0m\u001b[K\u001b[?2004h" ]
[ 8.11958, "o", "x" ]
[ 8.17144, "o", "\bx " ]
[ 8.22348, "o", "7" ]
[ 8.27538, "o", "z" ]
[ 8.32760, "o", "a" ]
[ 8.37961, "o", " " ]
[ 8.43152, "o", "a" ]
[ 8.48348, "o", " " ]
[ 8.53518, "o", "-" ]
[ 8.58698, "o", "t" ]
[ 8.63851, "o", "z" ]
[ 8.69050, "o", "i" ]
[ 8.74210, "o", "p" ]
[ 8.79374, "o", " " ]
[ 8.84565, "o", "F" ]
[ 8.89783, "o", "i" ]
[ 8.94993, "o", "l" ]
[ 9.00171, "o", "e" ]
[ 9.05354, "o", "s" ]
[ 9.10515, "o", "." ]
[ 9.15787, "o", "z" ]
[ 9.20952, "o", "i" ]
[ 9.26184, "o", "p" ]
[ 9.31400, "o", " " ]
[ 9.36661, "o", "f" ]
[ 9.41863, "o", "i" ]
[ 9.47019, "o", "l" ]
[ 9.52215, "o", "e" ]
[ 9.57371, "o", "." ]
[ 9.62579, "o", "t" ]
[ 9.67789, "o", "x" ]
[ 9.72995, "o", "t" ]
[ 9.78205, "o", " " ]
[ 9.83408, "o", "f" ]
[ 9.88610, "o", "i" ]
[ 9.93767, "o", "l" ]
[ 9.98944, "o", "e" ]
[ 10.04108, "o", "." ]
[ 10.09335, "o", "e" ]
[ 10.14488, "o", "x" ]
[ 10.19723, "o", "e" ]
[ 13.25084, "o", "\u001b[?2004l\r\r\n" ]
[ 13.34441, "o", "\r\n7-Zip (a) [64] 16.02 : Copyright (c) 1999-2016 Igor Pavlov : 2016-05-21\r\np7zip Version 16.02 (locale=C.UTF-8,Utf16=on,HugeFiles=on,64 bits,8 CPUs x64)\r\n\r\n" ]
[ 13.34460, "o", "Scanning the drive:\r\n  0M Scan " ]
[ 13.34472, "o", "\b\b\b\b\b\b\b\b\b\b          \b\b\b\b\b\b\b\b\b\b2 files, 2059527 bytes (2012 KiB)\r\n\r\nCreating archive: Files.zip\r\n\r\nItems to compress: 2\r\n\r\n" ]
[ 13.34485, "o", "  0%" ]
[ 13.54578, "o", "\b\b\b\b    \b\b\b\b 80% 2 + file.txt" ]
[ 13.59061, "o", "\b\b\b\b\b\b\b\b\b\b\b\b\b\b\b\b\b                 \b\b\b\b\b\b\b\b\b\b\b\b\b\b\b\b\b\r\nFiles read from disk: 2\r\nArchive size: 669544 bytes (654 KiB)\r\nEverything is Ok\r\n" ]
[ 13.59095, "o", "\u001b[1m\u001b[7m#\u001b[27m\u001b[1m\u001b[0m                                                                                                   \r \r\r\u001b[0m\u001b[27m\u001b[24m\u001b[J\r\n\u001b[19491001\u001b[1;35m> \u001b[20210325\u001b[0m\u001b[K\u001b[?2004h" ]
[ 16.25303, "o", "#\b# V" ]
[ 16.30460, "o", "i" ]
[ 16.35670, "o", "e" ]
[ 16.40819, "o", "w" ]
[ 16.46006, "o", " " ]
[ 16.51159, "o", "c" ]
[ 16.56328, "o", "o" ]
[ 16.61703, "o", "m" ]
[ 16.66892, "o", "p" ]
[ 16.72090, "o", "r" ]
[ 16.77253, "o", "e" ]
[ 16.82452, "o", "s" ]
[ 16.87608, "o", "s" ]
[ 16.92801, "o", "e" ]
[ 16.98015, "o", "d" ]
[ 17.03167, "o", " " ]
[ 17.08359, "o", "p" ]
[ 17.13512, "o", "a" ]
[ 17.18778, "o", "c" ]
[ 17.23987, "o", "k" ]
[ 17.29248, "o", "a" ]
[ 17.34465, "o", "g" ]
[ 17.39657, "o", "e" ]
[ 17.44844, "o", " " ]
[ 17.50028, "o", "c" ]
[ 17.55211, "o", "o" ]
[ 17.60361, "o", "n" ]
[ 17.65614, "o", "t" ]
[ 17.70830, "o", "e" ]
[ 17.76039, "o", "n" ]
[ 17.81242, "o", "t" ]
[ 17.86482, "o", "\u001b[?2004l\r\r\n\u001b[1m\u001b[7m#\u001b[27m\u001b[1m\u001b[0m                                                                                                   \r \r\r\u001b[0m\u001b[27m\u001b[24m\u001b[J\r\n\u001b[19491001\u001b[1;35m> \u001b[20210325\u001b[0m" ]
[ 17.86489, "o", "\u001b[K\u001b[?2004h" ]
[ 19.36846, "o", "x" ]
[ 19.42057, "o", "\bx " ]
[ 19.47279, "o", "7" ]
[ 19.52457, "o", "z" ]
[ 19.57615, "o", "a" ]
[ 19.62789, "o", " " ]
[ 19.67991, "o", "l" ]
[ 19.73159, "o", " " ]
[ 19.78376, "o", "F" ]
[ 19.83594, "o", "i" ]
[ 19.88851, "o", "l" ]
[ 19.94047, "o", "e" ]
[ 19.99214, "o", "s" ]
[ 20.04419, "o", "." ]
[ 20.09587, "o", "z" ]
[ 20.14812, "o", "i" ]
[ 20.20014, "o", "p" ]
[ 23.25375, "o", "\u001b[?2004l\r\r\n" ]
[ 23.25464, "o", "\r\n7-Zip (a) [64] 16.02 : Copyright (c) 1999-2016 Igor Pavlov : 2016-05-21\r\np7zip Version 16.02 (locale=C.UTF-8,Utf16=on,HugeFiles=on,64 bits,8 CPUs x64)\r\n\r\n" ]
[ 23.25478, "o", "Scanning the drive for archives:\r\n  0M Scan\b\b\b\b\b\b\b\b\b         \b\b\b\b\b\b\b\b\b1 file, 669544 bytes (654 KiB)\r\n\r\nListing archive: Files.zip\r\n\r\n" ]
[ 23.25494, "o", "--\r\nPath = Files.zip\r\nType = zip\r\nPhysical Size = 669544\r\n\r\n" ]
[ 23.25496, "o", "   Date      Time    Attr         Size   Compressed  Name\r\n------------------- ----- ------------ ------------  ------------------------\r\n" ]
[ 23.25510, "o", "2023-08-29 01:11:01 .....      2058241       668515  file.exe\r\n2023-08-29 01:11:01 .....         1286          751  file.txt\r\n------------------- ----- ------------ ------------  ------------------------\r\n2023-08-29 01:11:01            2059527       669266  2 files\r\n" ]
[ 23.25552, "o", "\u001b[1m\u001b[7m#\u001b[27m\u001b[1m\u001b[0m                                                                                                   \r \r\r\u001b[0m\u001b[27m\u001b[24m\u001b[J\r\n\u001b[19491001\u001b[1;35m> \u001b[20210325\u001b[0m\u001b[K" ]
[ 23.25569, "o", "\u001b[?2004h" ]
[ 26.25558, "o", "#\b# " ]
[ 26.25572, "o", "a" ]
[ 26.30779, "o", "d" ]
[ 26.35931, "o", "d" ]
[ 26.41168, "o", "i" ]
[ 26.46353, "o", "n" ]
[ 26.51627, "o", "g" ]
[ 26.56823, "o", " " ]
[ 26.61988, "o", "n" ]
[ 26.67220, "o", "e" ]
[ 26.72413, "o", "w" ]
[ 26.77624, "o", " " ]
[ 26.82790, "o", "f" ]
[ 26.88002, "o", "i" ]
[ 26.93166, "o", "l" ]
[ 26.98371, "o", "e" ]
[ 27.03625, "o", "s" ]
[ 27.08779, "o", " " ]
[ 27.13987, "o", "t" ]
[ 27.19137, "o", "o" ]
[ 27.24364, "o", " " ]
[ 27.29521, "o", "t" ]
[ 27.34748, "o", "h" ]
[ 27.39921, "o", "e" ]
[ 27.45168, "o", " " ]
[ 27.50378, "o", "c" ]
[ 27.55540, "o", "o" ]
[ 27.60745, "o", "m" ]
[ 27.65936, "o", "p" ]
