{"version":2,"width":100,"height":26,"timestamp":1693280946,"env":{"SHELL":"","TERM":"xterm"}}
[ 0.00000, "o", "" ]
[ 0.01852, "o", "\u001b[19491001\u001b[1;35m> \u001b[20210325\u001b[0m\u001b[K" ]
[ 0.01869, "o", "\u001b[?2004h" ]
[ 0.39438, "o", "#\b# V" ]
[ 0.44645, "o", "i" ]
[ 0.49810, "o", "e" ]
[ 0.55017, "o", "w" ]
[ 0.60245, "o", " " ]
[ 0.65448, "o", "F" ]
[ 0.70674, "o", "i" ]
[ 0.75923, "o", "l" ]
[ 0.81122, "o", "e" ]
[ 0.86310, "o", " " ]
[ 0.91565, "o", "L" ]
[ 0.96774, "o", "i" ]
[ 1.01976, "o", "s" ]
[ 1.07196, "o", "t" ]
[ 1.12369, "o", "\u001b[?2004l\r\r\n" ]
[ 1.12384, "o", "\u001b[1m\u001b[7m#\u001b[27m\u001b[1m\u001b[0m                                                                                                   \r \r\r\u001b[0m\u001b[27m\u001b[24m\u001b[J\r\n\u001b[19491001\u001b[1;35m> \u001b[20210325\u001b[0m\u001b[K\u001b[?2004h" ]
[ 2.62758, "o", "x" ]
[ 2.67937, "o", "\bx " ]
[ 2.73155, "o", "b" ]
[ 2.78372, "o", "u" ]
[ 2.83588, "o", "s" ]
[ 2.88759, "o", "y" ]
[ 2.93945, "o", "b" ]
[ 2.99161, "o", "o" ]
[ 3.04359, "o", "x" ]
[ 3.09578, "o", " " ]
[ 3.14772, "o", "l" ]
[ 3.19958, "o", "s" ]
[ 3.25167, "o", " " ]
[ 3.30374, "o", "." ]
[ 3.35549, "o", "." ]
[ 3.40741, "o", "/" ]
[ 6.46119, "o", "\u001b[?2004l\r\r\n" ]
[ 6.99373, "o", "\u001b[0;0m1min.asciinema.yml\u001b[m  \u001b[0;0mbusybox.md\u001b[m          \u001b[1;34mtest\u001b[m\r\n\u001b[1;34massets\u001b[m              \u001b[1;34mdemo\u001b[m\r\n" ]
[ 6.99401, "o", "\u001b[1m\u001b[7m#\u001b[27m\u001b[1m\u001b[0m                                                                                                   \r \r\r\u001b[0m\u001b[27m\u001b[24m\u001b[J\r\n\u001b[19491001\u001b[1;35m> \u001b[20210325\u001b[0m\u001b[K" ]
[ 6.99416, "o", "\u001b[?2004h" ]
[ 8.46761, "o", "#" ]
[ 8.46775, "o", "\b# C" ]
[ 8.51972, "o", "r" ]
[ 8.57184, "o", "e" ]
[ 8.62387, "o", "a" ]
[ 8.67569, "o", "t" ]
[ 8.72788, "o", "e" ]
[ 8.78027, "o", " " ]
[ 8.83204, "o", "f" ]
[ 8.88416, "o", "i" ]
[ 8.93641, "o", "l" ]
[ 8.98830, "o", "e" ]
[ 9.04015, "o", "s" ]
[ 9.09247, "o", " " ]
[ 9.14451, "o", "o" ]
[ 9.19636, "o", "r" ]
[ 9.24843, "o", " " ]
[ 9.30055, "o", "f" ]
[ 9.35254, "o", "i" ]
[ 9.40434, "o", "l" ]
[ 9.45640, "o", "e" ]
[ 9.50827, "o", " " ]
[ 9.56004, "o", "d" ]
[ 9.61193, "o", "i" ]
[ 9.66401, "o", "r" ]
[ 9.71591, "o", "e" ]
[ 9.76796, "o", "c" ]
[ 9.82000, "o", "t" ]
[ 9.87183, "o", "o" ]
[ 9.92390, "o", "r" ]
[ 9.97598, "o", "i" ]
[ 10.02794, "o", "e" ]
[ 10.08015, "o", "s" ]
[ 10.13214, "o", "\u001b[?2004l\r\r\n" ]
[ 10.13234, "o", "\u001b[1m\u001b[7m#\u001b[27m\u001b[1m\u001b[0m                                                                                                   \r \r\r\u001b[0m\u001b[27m\u001b[24m\u001b[J\r\n\u001b[19491001\u001b[1;35m> \u001b[20210325\u001b[0m\u001b[K\u001b[?2004h" ]
[ 11.63631, "o", "x" ]
[ 11.68890, "o", "\bx " ]
[ 11.74088, "o", "b" ]
[ 11.79273, "o", "u" ]
[ 11.84497, "o", "s" ]
[ 11.89703, "o", "y" ]
[ 11.94904, "o", "b" ]
[ 12.00118, "o", "o" ]
[ 12.05338, "o", "x" ]
[ 12.10562, "o", " " ]
[ 12.15824, "o", "m" ]
[ 12.21000, "o", "k" ]
[ 12.26228, "o", "d" ]
[ 12.31441, "o", "i" ]
[ 12.36641, "o", "r" ]
[ 12.41823, "o", " " ]
[ 12.47032, "o", "." ]
[ 12.52256, "o", "/" ]
[ 12.57449, "o", "t" ]
[ 12.62659, "o", "e" ]
[ 12.67836, "o", "s" ]
[ 12.73049, "o", "t" ]
[ 12.78252, "o", "\u001b[?2004l\r\r\n" ]
[ 12.78418, "o", "\u001b[1m\u001b[7m#\u001b[27m\u001b[1m\u001b[0m                                                                                                   \r \r\r\u001b[0m\u001b[27m\u001b[24m\u001b[J\r\n\u001b[19491001\u001b[1;35m> \u001b[20210325\u001b[0m\u001b[K\u001b[?2004h" ]
[ 12.83444, "o", "x" ]
[ 12.88655, "o", "\bx " ]
[ 12.93882, "o", "b" ]
[ 12.99072, "o", "u" ]
[ 13.04256, "o", "s" ]
[ 13.09481, "o", "y" ]
[ 13.14666, "o", "b" ]
[ 13.19859, "o", "o" ]
[ 13.25052, "o", "x" ]
[ 13.30305, "o", " " ]
[ 13.35530, "o", "t" ]
[ 13.40806, "o", "o" ]
[ 13.46007, "o", "u" ]
[ 13.51211, "o", "c" ]
[ 13.56422, "o", "h" ]
[ 13.61627, "o", " " ]
[ 13.66843, "o", "." ]
[ 13.72053, "o", "/" ]
[ 13.77283, "o", "t" ]
[ 13.82473, "o", "e" ]
[ 13.87660, "o", "s" ]
[ 13.92866, "o", "t" ]
[ 13.98069, "o", "/" ]
[ 14.03283, "o", "t" ]
[ 14.08478, "o", "e" ]
[ 14.13703, "o", "s" ]
[ 14.18926, "o", "t" ]
[ 14.24133, "o", "." ]
[ 14.29293, "o", "s" ]
[ 14.34528, "o", "h" ]
[ 14.39752, "o", "\u001b[?2004l\r\r\n" ]
[ 14.39895, "o", "\u001b[1m\u001b[7m#\u001b[27m\u001b[1m\u001b[0m                                                                                                   \r \r\r\u001b[0m\u001b[27m\u001b[24m\u001b[J\r\n\u001b[19491001\u001b[1;35m> \u001b[20210325\u001b[0m\u001b[K\u001b[?2004h" ]
[ 15.45169, "o", "x" ]
[ 15.50368, "o", "\bx " ]
[ 15.55571, "o", "b" ]
[ 15.60747, "o", "u" ]
[ 15.65905, "o", "s" ]
[ 15.71087, "o", "y" ]
[ 15.76273, "o", "b" ]
[ 15.81503, "o", "o" ]
[ 15.86665, "o", "x" ]
[ 15.91844, "o", " " ]
[ 15.97033, "o", "l" ]
[ 16.02223, "o", "s" ]
[ 16.07423, "o", " " ]
[ 16.12597, "o", "-" ]
[ 16.17805, "o", "l" ]
[ 16.22974, "o", " " ]
[ 16.28164, "o", "." ]
[ 16.33305, "o", "/" ]
[ 16.38492, "o", "t" ]
[ 16.43695, "o", "e" ]
[ 16.48895, "o", "s" ]
[ 16.54067, "o", "t" ]
[ 19.59406, "o", "\u001b[?2004l\r\r\n" ]
[ 19.59519, "o", "total 0\r\n" ]
[ 19.59569, "o", "-rw-r--r--    1 root     root             0 Aug 29 03:49 \u001b[0;0mtest.sh\u001b[m\r\n" ]
[ 19.59599, "o", "\u001b[1m\u001b[7m#\u001b[27m\u001b[1m\u001b[0m                                                                                                   \r \r" ]
[ 19.59604, "o", "\r\u001b[0m\u001b[27m\u001b[24m\u001b[J\r\n\u001b[19491001\u001b[1;35m> \u001b[20210325\u001b[0m\u001b[K\u001b[?2004h" ]
[ 20.59612, "o", "#\b# v" ]
[ 20.64787, "o", "i" ]
[ 20.69980, "o", "e" ]
[ 20.75191, "o", "w" ]
[ 20.80390, "o", " " ]
[ 20.85579, "o", "f" ]
[ 20.90737, "o", "i" ]
[ 20.95954, "o", "l" ]
[ 21.01133, "o", "e" ]
[ 21.06295, "o", " " ]
[ 21.11476, "o", "c" ]
[ 21.16674, "o", "o" ]
[ 21.21851, "o", "n" ]
[ 21.27047, "o", "t" ]
[ 21.32210, "o", "e" ]
[ 21.37389, "o", "n" ]
[ 21.42564, "o", "t" ]
[ 21.47734, "o", "s" ]
[ 21.52941, "o", "\u001b[?2004l\r\r\n\u001b[1m\u001b[7m#\u001b[27m\u001b[1m\u001b[0m                                                                                                   \r \r\r\u001b[0m\u001b[27m\u001b[24m\u001b[J\r\n\u001b[19491001\u001b[1;35m> \u001b[20210325\u001b[0m" ]
[ 21.52960, "o", "\u001b[K\u001b[?2004h" ]
[ 23.03276, "o", "e" ]
[ 23.08483, "o", "\bec" ]
[ 23.13693, "o", "h" ]
[ 23.18876, "o", "o" ]
[ 23.24077, "o", " " ]
[ 23.29259, "o", "\"" ]
[ 23.34433, "o", "h" ]
[ 23.39610, "o", "e" ]
[ 23.44826, "o", "l" ]
[ 23.50054, "o", "l" ]
[ 23.55248, "o", "o" ]
[ 23.60466, "o", " " ]
[ 23.65651, "o", "b" ]
[ 23.70873, "o", "u" ]
[ 23.76054, "o", "s" ]
[ 23.81255, "o", "y" ]
[ 23.86458, "o", "b" ]
[ 23.91631, "o", "o" ]
[ 23.96852, "o", "x" ]
[ 24.02011, "o", "\"" ]
[ 24.07226, "o", " " ]
[ 24.12409, "o", ">" ]
[ 24.17586, "o", " " ]
[ 24.22772, "o", "h" ]
[ 24.27967, "o", "e" ]
[ 24.33165, "o", "l" ]
[ 24.38336, "o", "l" ]
[ 24.43502, "o", "o" ]
[ 24.48686, "o", "." ]
[ 24.53898, "o", "t" ]
[ 24.59098, "o", "x" ]
[ 24.64324, "o", "t" ]
[ 24.69515, "o", "\u001b[?2004l\r\r\n" ]
[ 24.69536, "o", "\u001b[1m\u001b[7m#\u001b[27m\u001b[1m\u001b[0m                                                                                                   \r \r\r\u001b[0m\u001b[27m\u001b[24m\u001b[J\r\n\u001b[19491001\u001b[1;35m> \u001b[20210325\u001b[0m\u001b[K\u001b[?2004h" ]
[ 24.74696, "o", "x" ]
[ 24.79908, "o", "\bx " ]
[ 24.85114, "o", "b" ]
[ 24.90312, "o", "u" ]
[ 24.95494, "o", "s" ]
[ 25.00685, "o", "y" ]
[ 25.05858, "o", "b" ]
[ 25.11038, "o", "o" ]
[ 25.16221, "o", "x" ]
[ 25.21407, "o", " " ]
[ 25.26597, "o", "c" ]
[ 25.31794, "o", "a" ]
[ 25.36995, "o", "t" ]
[ 25.42180, "o", " " ]
[ 25.47355, "o", "h" ]
[ 25.52550, "o", "e" ]
[ 25.57748, "o", "l" ]
[ 25.62924, "o", "l" ]
[ 25.68120, "o", "o" ]
[ 25.73300, "o", "." ]
