{"version":2,"width":100,"height":26,"timestamp":1690893610,"env":{"SHELL":"","TERM":"xterm"}}
[ 0.00000, "o", "" ]
[ 0.15035, "o", "\u001b[19491001\u001b[1;35m> \u001b[20210325\u001b[0m\u001b[K" ]
[ 0.15045, "o", "\u001b[?2004h" ]
[ 0.41158, "o", "#\b# " ]
[ 0.41180, "o", "D" ]
[ 0.46423, "o", "o" ]
[ 0.51601, "o", " " ]
[ 0.56879, "o", "a" ]
[ 0.62085, "o", " " ]
[ 0.67263, "o", "s" ]
[ 0.72459, "o", "i" ]
[ 0.77718, "o", "m" ]
[ 0.82988, "o", "p" ]
[ 0.88201, "o", "l" ]
[ 0.93452, "o", "e" ]
[ 0.98652, "o", " " ]
[ 1.03856, "o", "D" ]
[ 1.09062, "o", "N" ]
[ 1.14248, "o", "S" ]
[ 1.19442, "o", " " ]
[ 1.24588, "o", "L" ]
[ 1.29794, "o", "o" ]
[ 1.34999, "o", "o" ]
[ 1.40292, "o", "k" ]
[ 1.45485, "o", "u" ]
[ 1.50670, "o", "p" ]
[ 1.55889, "o", " " ]
[ 1.61078, "o", "f" ]
[ 1.66291, "o", "o" ]
[ 1.71462, "o", "r" ]
[ 1.76719, "o", " " ]
[ 1.81928, "o", "m" ]
[ 1.87109, "o", "r" ]
[ 1.92318, "o", "k" ]
[ 1.97505, "o", "a" ]
[ 2.02717, "o", "r" ]
[ 2.07967, "o", "a" ]
[ 2.13179, "o", "n" ]
[ 2.18337, "o", "." ]
[ 2.23532, "o", "d" ]
[ 2.28736, "o", "e" ]
[ 2.34019, "o", "v" ]
[ 2.39257, "o", "\u001b[?2004l\r\r\n\u001b[1m\u001b[7m#\u001b[27m\u001b[1m\u001b[0m                                                                                                   \r \r\r\u001b[0m\u001b[27m\u001b[24m\u001b[J\r\n\u001b[19491001\u001b[1;35m> \u001b[20210325\u001b[0m\u001b[K\u001b[?2004h" ]
[ 3.89646, "o", "x" ]
[ 3.94818, "o", "\bx " ]
[ 4.00104, "o", "d" ]
[ 4.05319, "o", "o" ]
[ 4.10526, "o", "g" ]
[ 4.15750, "o", "g" ]
[ 4.20927, "o", "o" ]
[ 4.26132, "o", " " ]
[ 4.31334, "o", "m" ]
[ 4.36504, "o", "r" ]
[ 4.41683, "o", "k" ]
[ 4.46939, "o", "a" ]
[ 4.52180, "o", "r" ]
[ 4.57378, "o", "a" ]
[ 4.62603, "o", "n" ]
[ 4.67762, "o", "." ]
[ 4.73013, "o", "d" ]
[ 4.78192, "o", "e" ]
[ 4.83476, "o", "v" ]
[ 5.08898, "o", "\u001b[?2004l\r\r\n" ]
[ 5.19068, "o", "NAME        \tTYPE\t" ]
[ 5.19086, "o", "CLASS\tTTL\tADDRESS       \tNAMESERVER      \r\n\u001b[32;1mmrkaran.dev.\u001b[0m\t\u001b[34;1mA\u001b[0m   \tIN   \t1s \t104.21.7.168  " ]
[ 5.19097, "o", "\t192.168.65.7:53\t\r\n\u001b[32;1mmrkaran.dev.\u001b[0m\t\u001b[34;1mA\u001b[0m   \tIN   \t1s \t172.67.187.239\t192.168.65.7:53\t\r\n" ]
[ 5.19162, "o", "\u001b[1m\u001b[7m#\u001b[27m\u001b[1m\u001b[0m                                                                                                   \r \r\r\u001b[0m\u001b[27m\u001b[24m\u001b[J\r\n\u001b[19491001\u001b[1;35m> \u001b[20210325\u001b[0m\u001b[K\u001b[?2004h" ]
[ 8.09078, "o", "#" ]
[ 8.09091, "o", "\b# U" ]
[ 8.14362, "o", "s" ]
[ 8.19609, "o", "i" ]
[ 8.24809, "o", "n" ]
[ 8.30029, "o", "g" ]
[ 8.35216, "o", " " ]
[ 8.40398, "o", "a" ]
[ 8.45594, "o", " " ]
[ 8.50836, "o", "c" ]
[ 8.56024, "o", "u" ]
[ 8.61225, "o", "s" ]
[ 8.66391, "o", "t" ]
[ 8.71645, "o", "o" ]
[ 8.76893, "o", "m" ]
[ 8.82100, "o", " " ]
[ 8.87265, "o", "D" ]
[ 8.92451, "o", "N" ]
[ 8.97702, "o", "S" ]
[ 9.02903, "o", " " ]
[ 9.08154, "o", "r" ]
[ 9.13368, "o", "e" ]
[ 9.18512, "o", "s" ]
[ 9.23718, "o", "o" ]
[ 9.28883, "o", "l" ]
[ 9.34101, "o", "v" ]
[ 9.39280, "o", "e" ]
[ 9.44491, "o", "r" ]
[ 9.49668, "o", "\u001b[?2004l\r\r\n" ]
[ 9.49684, "o", "\u001b[1m\u001b[7m#\u001b[27m\u001b[1m\u001b[0m                                                                                                   \r \r\r\u001b[0m\u001b[27m\u001b[24m\u001b[J\r\n\u001b[19491001\u001b[1;35m> \u001b[20210325\u001b[0m\u001b[K\u001b[?2004h" ]
[ 11.00082, "o", "x" ]
[ 11.05294, "o", "\bx " ]
[ 11.10519, "o", "d" ]
[ 11.15728, "o", "o" ]
[ 11.20971, "o", "g" ]
[ 11.26181, "o", "g" ]
[ 11.31363, "o", "o" ]
[ 11.36591, "o", " " ]
[ 11.41769, "o", "M" ]
[ 11.46964, "o", "X" ]
[ 11.52123, "o", " " ]
[ 11.57357, "o", "g" ]
[ 11.62552, "o", "i" ]
[ 11.67817, "o", "t" ]
[ 11.73051, "o", "h" ]
[ 11.78266, "o", "u" ]
[ 11.83482, "o", "b" ]
[ 11.88661, "o", "." ]
[ 11.93821, "o", "c" ]
[ 11.99001, "o", "o" ]
[ 12.04260, "o", "m" ]
[ 12.09465, "o", " " ]
[ 12.14629, "o", "@" ]
[ 12.19825, "o", "9" ]
[ 12.25040, "o", "." ]
[ 12.30241, "o", "9" ]
[ 12.35397, "o", "." ]
[ 12.40628, "o", "9" ]
[ 12.45813, "o", "." ]
[ 12.51062, "o", "9" ]
[ 13.56509, "o", "\u001b[?2004l\r\r\n" ]
[ 13.57520, "o", "NAME       \tTYPE\tCLASS\tTTL  \tADDRESS                    \tNAMESERVER \r\n\u001b[32;1mgithub.com.\u001b[0m\t\u001b[35;1mMX\u001b[0m  \tIN   \t3074s\t5 alt1.aspmx.l.google.com. \t" ]
[ 13.57533, "o", "9.9.9.9:53\t\r\n" ]
[ 13.57544, "o", "\u001b[32;1mgithub.com.\u001b[0m\t\u001b[35;1mMX\u001b[0m  \tIN   \t3074s\t5 alt2.aspmx.l.google.com. \t9.9.9.9:53\t\r\n\u001b[32;1mgithub.com.\u001b[0m\t\u001b[35;1mMX\u001b[0m  \t" ]
[ 13.57553, "o", "IN   \t3074s\t10 alt4.aspmx.l.google.com.\t9.9.9.9:53\t\r\n" ]
[ 13.57556, "o", "\u001b[32;1mgithub.com.\u001b[0m\t\u001b[35;1mMX\u001b[0m  \tIN   \t3074s\t1 aspmx.l.google.com.      \t9.9.9.9:53\t\r\n\u001b[32;1mgithub.com.\u001b[0m\t" ]
[ 13.57574, "o", "\u001b[35;1mMX\u001b[0m  \tIN   \t3074s\t10 alt3.aspmx.l.google.com.\t9.9.9.9:53\t\r\n" ]
[ 13.57640, "o", "\u001b[1m\u001b[7m#\u001b[27m\u001b[1m\u001b[0m                                                                                                   \r \r\r\u001b[0m\u001b[27m\u001b[24m\u001b[J\r\n\u001b[19491001\u001b[1;35m> \u001b[20210325\u001b[0m\u001b[K\u001b[?2004h" ]
[ 16.56770, "o", "#\b# U" ]
[ 16.61969, "o", "s" ]
[ 16.67174, "o", "i" ]
[ 16.72345, "o", "n" ]
[ 16.77552, "o", "g" ]
[ 16.82788, "o", " " ]
[ 16.88030, "o", "n" ]
[ 16.93233, "o", "a" ]
[ 16.98417, "o", "m" ]
[ 17.03619, "o", "e" ]
[ 17.08787, "o", "d" ]
[ 17.13985, "o", " " ]
[ 17.19157, "o", "a" ]
[ 17.24436, "o", "r" ]
[ 17.29615, "o", "g" ]
[ 17.34878, "o", "u" ]
[ 17.40092, "o", "m" ]
[ 17.45287, "o", "e" ]
[ 17.50471, "o", "n" ]
[ 17.55688, "o", "t" ]
[ 17.60887, "o", "s" ]
[ 17.66088, "o", "\u001b[?2004l\r\r\n" ]
[ 17.66092, "o", "\u001b[1m\u001b[7m#\u001b[27m\u001b[1m\u001b[0m                                                                                                   \r \r\r\u001b[0m\u001b[27m\u001b[24m\u001b[J\r\n\u001b[19491001\u001b[1;35m> \u001b[20210325\u001b[0m\u001b[K\u001b[?2004h" ]
[ 19.16503, "o", "x" ]
[ 19.21718, "o", "\bx " ]
[ 19.26925, "o", "d" ]
[ 19.32118, "o", "o" ]
[ 19.37309, "o", "g" ]
[ 19.42462, "o", "g" ]
[ 19.47706, "o", "o" ]
[ 19.52895, "o", " " ]
[ 19.58064, "o", "-" ]
[ 19.63267, "o", "t" ]
[ 19.68440, "o", " " ]
[ 19.73647, "o", "N" ]
[ 19.78837, "o", "S" ]
[ 19.84086, "o", " " ]
[ 19.89259, "o", "-" ]
[ 19.94514, "o", "n" ]
[ 19.99765, "o", " " ]
[ 20.04935, "o", "9" ]
[ 20.10157, "o", "." ]
[ 20.15320, "o", "9" ]
[ 20.20535, "o", "." ]
[ 20.25702, "o", "9" ]
[ 20.30974, "o", "." ]
[ 20.36189, "o", "9" ]
[ 20.41356, "o", " " ]
[ 20.46587, "o", "g" ]
[ 20.51767, "o", "i" ]
[ 20.56959, "o", "t" ]
[ 20.62155, "o", "h" ]
[ 20.67348, "o", "u" ]
[ 20.72517, "o", "b" ]
[ 20.77722, "o", "." ]
[ 20.82927, "o", "c" ]
[ 20.88121, "o", "o" ]
[ 20.93304, "o", "m" ]
[ 21.98733, "o", "\u001b[?2004l\r\r\n" ]
[ 22.00079, "o", "NAME       \tTYPE\tCLASS\tTTL  \tADDRESS                 " ]
[ 22.00084, "o", "\tNAMESERVER      \r\n\u001b[32;1mgithub.com.\u001b[0m\t\u001b[36;1mNS\u001b[0m  " ]
[ 22.00095, "o", "\tIN   \t3074s\t" ]
[ 22.00109, "o", "ns-421.awsdns-52.com.   \t192.168.65.7:53\t\r\n\u001b[32;1mgithub.com.\u001b[0m\t\u001b[36;1mNS\u001b[0m  \tIN   \t3074s\tdns2.p08.nsone.net.     \t192.168.65.7:53\t\r\n" ]
[ 22.00120, "o", "\u001b[32;1mgithub.com.\u001b[0m\t\u001b[36;1mNS\u001b[0m  \tIN   \t3074s\tns-1283.awsdns-32.org.  \t192.168.65.7:53\t\r\n\u001b[32;1mgithub.com.\u001b[0m\t\u001b[36;1mNS\u001b[0m  \tIN   \t3074s\tns-520.awsdns-01.net.   \t192.168.65.7:53\t\r\n\u001b[32;1mgithub.com.\u001b[0m\t" ]
[ 22.00127, "o", "\u001b[36;1mNS\u001b[0m  \tIN   \t3074s\tdns4.p08.nsone.net.     \t192.168.65.7:53\t\r\n" ]
