{"version":2,"width":100,"height":26,"timestamp":1693281000,"env":{"SHELL":"","TERM":"xterm"}}
[ 0.00000, "o", "" ]
[ 0.01858, "o", "\u001b[19491001\u001b[1;35m> \u001b[20210325\u001b[0m\u001b[K\u001b[?2004h" ]
[ 0.40687, "o", "#\b# D" ]
[ 0.45897, "o", "i" ]
[ 0.51087, "o", "s" ]
[ 0.56309, "o", "p" ]
[ 0.61517, "o", "l" ]
[ 0.66715, "o", "a" ]
[ 0.71917, "o", "y" ]
[ 0.77153, "o", " " ]
[ 0.82363, "o", "a" ]
[ 0.87543, "o", " " ]
[ 0.92720, "o", "l" ]
[ 0.97921, "o", "i" ]
[ 1.03142, "o", "s" ]
[ 1.08349, "o", "t" ]
[ 1.13554, "o", " " ]
[ 1.18759, "o", "o" ]
[ 1.23969, "o", "f" ]
[ 1.29175, "o", " " ]
[ 1.34401, "o", "f" ]
[ 1.39602, "o", "i" ]
[ 1.44800, "o", "l" ]
[ 1.50010, "o", "e" ]
[ 1.55222, "o", "s" ]
[ 1.60475, "o", " " ]
[ 1.65694, "o", "i" ]
[ 1.70864, "o", "n" ]
[ 1.76103, "o", " " ]
[ 1.81333, "o", "t" ]
[ 1.86552, "o", "h" ]
[ 1.91784, "o", "e" ]
[ 1.97003, "o", " " ]
[ 2.02162, "o", "c" ]
[ 2.07354, "o", "u" ]
[ 2.12601, "o", "r" ]
[ 2.17810, "o", "r" ]
[ 2.23005, "o", "e" ]
[ 2.28217, "o", "n" ]
[ 2.33427, "o", "t" ]
[ 2.38640, "o", " " ]
[ 2.43834, "o", "d" ]
[ 2.49072, "o", "i" ]
[ 2.54268, "o", "r" ]
[ 2.59502, "o", "e" ]
[ 2.64701, "o", "c" ]
[ 2.69939, "o", "t" ]
[ 2.75132, "o", "o" ]
[ 2.80312, "o", "r" ]
[ 2.85529, "o", "y" ]
[ 2.90715, "o", " " ]
[ 2.95900, "o", "i" ]
[ 3.01100, "o", "n" ]
[ 3.06340, "o", " " ]
[ 3.11567, "o", "a" ]
[ 3.16777, "o", " " ]
[ 3.21993, "o", "g" ]
[ 3.27222, "o", "r" ]
[ 3.32430, "o", "i" ]
[ 3.37618, "o", "d" ]
[ 3.42825, "o", " " ]
[ 3.48078, "o", "v" ]
[ 3.53273, "o", "i" ]
[ 3.58474, "o", "e" ]
[ 3.63666, "o", "w" ]
[ 3.68864, "o", "\u001b[?2004l\r\r\n\u001b[1m\u001b[7m#\u001b[27m\u001b[1m\u001b[0m                                                                                                   \r \r\r\u001b[0m\u001b[27m\u001b[24m\u001b[J\r\n\u001b[19491001\u001b[1;35m> \u001b[20210325\u001b[0m" ]
[ 3.68869, "o", "\u001b[K\u001b[?2004h" ]
[ 5.19262, "o", "x" ]
[ 5.24502, "o", "\bx " ]
[ 5.29716, "o", "e" ]
[ 5.34944, "o", "x" ]
[ 5.40149, "o", "a" ]
[ 8.45648, "o", "\u001b[?2004l\r\r\n" ]
[ 8.67170, "o", "1min.asciinema.yml\r\n" ]
[ 8.67188, "o", "\u001b[1m\u001b[7m#\u001b[27m\u001b[1m\u001b[0m                                                                                                   \r \r\r\u001b[0m\u001b[27m\u001b[24m\u001b[J\r\n\u001b[19491001\u001b[1;35m> \u001b[20210325\u001b[0m\u001b[K" ]
[ 8.67195, "o", "\u001b[?2004h" ]
[ 10.45878, "o", "#\b# " ]
[ 10.45882, "o", "D" ]
[ 10.51096, "o", "i" ]
[ 10.56343, "o", "s" ]
[ 10.61532, "o", "p" ]
[ 10.66698, "o", "l" ]
[ 10.71923, "o", "a" ]
[ 10.77127, "o", "y" ]
[ 10.82334, "o", " " ]
[ 10.87548, "o", "a" ]
[ 10.92756, "o", " " ]
[ 10.97975, "o", "l" ]
[ 11.03153, "o", "i" ]
[ 11.08319, "o", "s" ]
[ 11.13500, "o", "t" ]
[ 11.18709, "o", " " ]
[ 11.23924, "o", "o" ]
[ 11.29154, "o", "f" ]
[ 11.34418, "o", " " ]
[ 11.39626, "o", "f" ]
[ 11.44822, "o", "i" ]
[ 11.50079, "o", "l" ]
[ 11.55316, "o", "e" ]
[ 11.60525, "o", "s" ]
[ 11.65742, "o", " " ]
[ 11.70901, "o", "i" ]
[ 11.76096, "o", "n" ]
[ 11.81276, "o", " " ]
[ 11.86517, "o", "t" ]
[ 11.91769, "o", "h" ]
[ 11.96979, "o", "e" ]
[ 12.02195, "o", " " ]
[ 12.07419, "o", "c" ]
[ 12.12590, "o", "u" ]
[ 12.17781, "o", "r" ]
[ 12.23009, "o", "r" ]
[ 12.28173, "o", "e" ]
[ 12.33395, "o", "n" ]
[ 12.38576, "o", "t" ]
[ 12.43760, "o", " " ]
[ 12.48973, "o", "d" ]
[ 12.54166, "o", "i" ]
[ 12.59358, "o", "r" ]
[ 12.64580, "o", "e" ]
[ 12.69760, "o", "c" ]
[ 12.74956, "o", "t" ]
[ 12.80150, "o", "o" ]
[ 12.85351, "o", "r" ]
[ 12.90574, "o", "y" ]
[ 12.95780, "o", " " ]
[ 13.00983, "o", "w" ]
[ 13.06179, "o", "i" ]
[ 13.11364, "o", "t" ]
[ 13.16579, "o", "h" ]
[ 13.21778, "o", " " ]
[ 13.27020, "o", "d" ]
[ 13.32232, "o", "e" ]
[ 13.37459, "o", "t" ]
[ 13.42667, "o", "a" ]
[ 13.47905, "o", "i" ]
[ 13.53086, "o", "l" ]
[ 13.58294, "o", "e" ]
[ 13.63466, "o", "d" ]
[ 13.68651, "o", " " ]
[ 13.73862, "o", "i" ]
[ 13.79091, "o", "n" ]
[ 13.84298, "o", "f" ]
[ 13.89487, "o", "o" ]
[ 13.94763, "o", "r" ]
[ 13.99941, "o", "m" ]
[ 14.05115, "o", "a" ]
[ 14.10294, "o", "t" ]
[ 14.15486, "o", "i" ]
[ 14.20708, "o", "o" ]
[ 14.25923, "o", "n" ]
[ 14.31140, "o", "\u001b[?2004l\r\r\n" ]
[ 14.31167, "o", "\u001b[1m\u001b[7m#\u001b[27m\u001b[1m\u001b[0m                                                                                                   \r \r\r\u001b[0m\u001b[27m\u001b[24m\u001b[J\r\n\u001b[19491001\u001b[1;35m> \u001b[20210325\u001b[0m\u001b[K\u001b[?2004h" ]
[ 15.81558, "o", "x" ]
[ 15.86775, "o", "\bx " ]
[ 15.91946, "o", "e" ]
[ 15.97143, "o", "x" ]
[ 16.02361, "o", "a" ]
[ 16.07591, "o", " " ]
[ 16.12796, "o", "-" ]
[ 16.18010, "o", "-" ]
[ 16.23209, "o", "l" ]
[ 16.28435, "o", "o" ]
[ 16.33627, "o", "n" ]
[ 16.38846, "o", "g" ]
[ 19.44249, "o", "\u001b[?2004l\r\r\n" ]
[ 19.45595, "o", ".\u001b[1;33mr\u001b[31mw\u001b[0m\u001b[38;5;244m-\u001b[33mr\u001b[38;5;244m--\u001b[33mr\u001b[38;5;244m--\u001b[0m \u001b[1;32m4.6\u001b[0m\u001b[32mk\u001b[0m mosquitto \u001b[34m28 Aug 15:21\u001b[0m 1min.asciinema.yml\r\n" ]
[ 19.45647, "o", "\u001b[1m\u001b[7m#\u001b[27m\u001b[1m\u001b[0m                                                                                                   \r \r\r\u001b[0m\u001b[27m\u001b[24m\u001b[J\r\n\u001b[19491001\u001b[1;35m> \u001b[20210325\u001b[0m" ]
[ 19.45663, "o", "\u001b[K\u001b[?2004h" ]
[ 21.44416, "o", "#\b# " ]
[ 21.44430, "o", "D" ]
[ 21.49633, "o", "i" ]
[ 21.54879, "o", "s" ]
[ 21.60066, "o", "p" ]
[ 21.65252, "o", "l" ]
[ 21.70484, "o", "a" ]
[ 21.75687, "o", "y" ]
[ 21.80922, "o", " " ]
[ 21.86183, "o", "t" ]
[ 21.91361, "o", "h" ]
[ 21.96597, "o", "e" ]
[ 22.01777, "o", " " ]
[ 22.06993, "o", "f" ]
[ 22.12217, "o", "i" ]
[ 22.17435, "o", "l" ]
[ 22.22679, "o", "e" ]
[ 22.27845, "o", " " ]
[ 22.33085, "o", "l" ]
[ 22.38317, "o", "i" ]
[ 22.43561, "o", "s" ]
[ 22.48800, "o", "t" ]
[ 22.54017, "o", " " ]
[ 22.59245, "o", "o" ]
[ 22.64510, "o", "f" ]
[ 22.69723, "o", " " ]
[ 22.74970, "o", "t" ]
[ 22.80147, "o", "h" ]
[ 22.85332, "o", "e" ]
[ 22.90520, "o", " " ]
[ 22.95726, "o", "c" ]
[ 23.00946, "o", "u" ]
[ 23.06129, "o", "r" ]
[ 23.11331, "o", "r" ]
[ 23.16528, "o", "e" ]
[ 23.21729, "o", "n" ]
[ 23.26929, "o", "t" ]
[ 23.32084, "o", " " ]
[ 23.37328, "o", "d" ]
[ 23.42538, "o", "i" ]
[ 23.47756, "o", "r" ]
[ 23.52957, "o", "e" ]
[ 23.58223, "o", "c" ]
[ 23.63438, "o", "t" ]
[ 23.68649, "o", "o" ]
[ 23.73902, "o", "r" ]
[ 23.79143, "o", "y" ]
[ 23.84358, "o", " " ]
[ 23.89557, "o", "i" ]
[ 23.94721, "o", "n" ]
[ 23.99977, "o", " " ]
[ 24.05182, "o", "a" ]
[ 24.10384, "o", " " ]
[ 24.15639, "o", "t" ]
[ 24.20869, "o", "r" ]
[ 24.26063, "o", "e" ]
[ 24.31285, "o", "e" ]
[ 24.36526, "o", " " ]
[ 24.41733, "o", "v" ]
[ 24.46930, "o", "i" ]
[ 24.52170, "o", "e" ]
[ 24.57374, "o", "w" ]
[ 24.62601, "o", "\u001b[?2004l\r\r\n\u001b[1m\u001b[7m#\u001b[27m\u001b[1m\u001b[0m                                                                                                   \r \r" ]
[ 24.62609, "o", "\r\u001b[0m\u001b[27m\u001b[24m\u001b[J\r\n\u001b[19491001\u001b[1;35m> \u001b[20210325\u001b[0m\u001b[K\u001b[?2004h" ]
[ 26.13021, "o", "x" ]
[ 26.18233, "o", "\bx " ]
[ 26.23496, "o", "e" ]
[ 26.28707, "o", "x" ]
[ 26.33968, "o", "a" ]
[ 26.39157, "o", " " ]
[ 26.44410, "o", "-" ]
[ 26.49631, "o", "-" ]
[ 26.54849, "o", "t" ]
[ 26.60069, "o", "r" ]
[ 26.65256, "o", "e" ]
[ 26.70487, "o", "e" ]
[ 29.75883, "o", "\u001b[?2004l\r\r\n" ]
[ 29.76159, "o", "\u001b[1;34m.\u001b[0m\r\n\u001b[38;5;244m└──\u001b[0m 1min.asciinema.yml\r\n" ]
[ 29.76200, "o", "\u001b[1m\u001b[7m#\u001b[27m\u001b[1m\u001b[0m                                                                                                   \r \r" ]
[ 29.76225, "o", "\r\u001b[0m\u001b[27m\u001b[24m\u001b[J\r\n\u001b[19491001\u001b[1;35m> \u001b[20210325\u001b[0m\u001b[K\u001b[?2004h" ]
[ 31.76131, "o", "#" ]
[ 31.76148, "o", "\b# S" ]
[ 31.81339, "o", "h" ]
[ 31.86518, "o", "o" ]
[ 31.91749, "o", "w" ]
