{"version":2,"width":100,"height":26,"timestamp":1690602643,"env":{"SHELL":"","TERM":"xterm"}}
[ 0.00000, "o", "" ]
[ 0.13294, "o", "\u001b[19491001\u001b[1;35m> \u001b[20210325\u001b[0m\u001b[K\u001b[?2004h" ]
[ 0.42411, "o", "#\b# " ]
[ 0.42427, "o", "E" ]
[ 0.47602, "o", "n" ]
[ 0.52804, "o", "t" ]
[ 0.58001, "o", "e" ]
[ 0.63194, "o", "r" ]
[ 0.68383, "o", " " ]
[ 0.73559, "o", "t" ]
[ 0.78796, "o", "h" ]
[ 0.84001, "o", "e" ]
[ 0.89186, "o", " " ]
[ 0.94360, "o", "l" ]
[ 0.99549, "o", "o" ]
[ 1.04741, "o", "c" ]
[ 1.09940, "o", "a" ]
[ 1.15132, "o", "l" ]
[ 1.20333, "o", " " ]
[ 1.25523, "o", "g" ]
[ 1.30735, "o", "i" ]
[ 1.35925, "o", "t" ]
[ 1.41127, "o", " " ]
[ 1.46324, "o", "r" ]
[ 1.51519, "o", "e" ]
[ 1.56705, "o", "p" ]
[ 1.61900, "o", "o" ]
[ 1.67098, "o", " " ]
[ 1.72291, "o", "d" ]
[ 1.77480, "o", "i" ]
[ 1.82683, "o", "r" ]
[ 1.87856, "o", "e" ]
[ 1.93048, "o", "c" ]
[ 1.98241, "o", "t" ]
[ 2.03417, "o", "o" ]
[ 2.08607, "o", "r" ]
[ 2.13846, "o", "y" ]
[ 2.19046, "o", "\u001b[?2004l\r\r\n\u001b[1m\u001b[7m#\u001b[27m\u001b[1m\u001b[0m                                                                                                   \r \r" ]
[ 2.19051, "o", "\r\u001b[0m\u001b[27m\u001b[24m\u001b[J\r\n\u001b[19491001\u001b[1;35m> \u001b[20210325\u001b[0m\u001b[K\u001b[?2004h" ]
[ 2.69230, "o", "x" ]
[ 2.74389, "o", "\bx " ]
[ 2.79570, "o", "e" ]
[ 2.84762, "o", "x" ]
[ 2.89959, "o", "a" ]
[ 2.95134, "o", " " ]
[ 3.00308, "o", "-" ]
[ 3.05491, "o", "-" ]
[ 3.10694, "o", "t" ]
[ 3.15904, "o", "r" ]
[ 3.21087, "o", "e" ]
[ 3.26321, "o", "e" ]
[ 3.31511, "o", " " ]
[ 3.36700, "o", "-" ]
[ 3.41882, "o", "-" ]
[ 3.47071, "o", "l" ]
[ 3.52272, "o", "e" ]
[ 3.57476, "o", "v" ]
[ 3.62624, "o", "e" ]
[ 3.67795, "o", "l" ]
[ 3.72997, "o", "=" ]
[ 3.78188, "o", "1" ]
[ 3.83375, "o", " " ]
[ 3.88576, "o", "&" ]
[ 3.93765, "o", "&" ]
[ 3.98952, "o", " " ]
[ 4.04136, "o", "c" ]
[ 4.09323, "o", "d" ]
[ 4.14524, "o", " " ]
[ 4.19725, "o", "g" ]
[ 4.24897, "o", "i" ]
[ 4.30088, "o", "t" ]
[ 4.35272, "o", "l" ]
[ 4.40487, "o", "e" ]
[ 4.45666, "o", "a" ]
[ 4.50869, "o", "k" ]
[ 4.56063, "o", "s" ]
[ 4.61275, "o", "/" ]
[ 5.66636, "o", "\u001b[?2004l\r\r\n" ]
[ 5.75089, "o", "\u001b[1;34m.\u001b[0m\r\n\u001b[38;5;244m└──\u001b[0m \u001b[1;34mgitleaks\u001b[0m\r\n" ]
[ 5.75147, "o", "\u001b[1m\u001b[7m#\u001b[27m\u001b[1m\u001b[0m                                                                                                   \r \r\r\u001b[0m\u001b[27m\u001b[24m\u001b[J\r\n\u001b[19491001\u001b[1;35m> \u001b[20210325\u001b[0m\u001b[K\u001b[?2004h" ]
[ 7.66877, "o", "#\b# d" ]
[ 7.72078, "o", "e" ]
[ 7.77271, "o", "t" ]
[ 7.82467, "o", "e" ]
[ 7.87651, "o", "c" ]
[ 7.92847, "o", "t" ]
[ 7.98034, "o", " " ]
[ 8.03219, "o", "s" ]
[ 8.08419, "o", "e" ]
[ 8.13575, "o", "c" ]
[ 8.18757, "o", "r" ]
[ 8.23953, "o", "e" ]
[ 8.29137, "o", "t" ]
[ 8.34338, "o", "s" ]
[ 8.39519, "o", " " ]
[ 8.44708, "o", "i" ]
[ 8.49897, "o", "n" ]
[ 8.55084, "o", " " ]
[ 8.60290, "o", "c" ]
[ 8.65483, "o", "o" ]
[ 8.70661, "o", "d" ]
[ 8.75858, "o", "e" ]
[ 8.81014, "o", "\u001b[?2004l\r\r\n" ]
[ 8.81027, "o", "\u001b[1m\u001b[7m#\u001b[27m\u001b[1m\u001b[0m                                                                                                   \r \r\r\u001b[0m\u001b[27m\u001b[24m\u001b[J\r\n\u001b[19491001\u001b[1;35m> \u001b[20210325\u001b[0m\u001b[K\u001b[?2004h" ]
[ 10.31438, "o", "x" ]
[ 10.36676, "o", "\bx " ]
[ 10.41864, "o", "g" ]
[ 10.47055, "o", "i" ]
[ 10.52210, "o", "t" ]
[ 10.57391, "o", "l" ]
[ 10.62584, "o", "e" ]
[ 10.67814, "o", "a" ]
[ 10.72966, "o", "k" ]
[ 10.78136, "o", "s" ]
[ 10.83320, "o", " " ]
[ 10.88519, "o", "d" ]
[ 10.93708, "o", "e" ]
[ 10.98947, "o", "t" ]
[ 11.04157, "o", "e" ]
[ 11.09348, "o", "c" ]
[ 11.14547, "o", "t" ]
[ 11.39889, "o", "\u001b[?2004l\r\r\n" ]
[ 11.45782, "o", "\r\n    ○\r\n    │╲\r\n    │ ○\r\n    ○ ░\r\n    ░    gitleaks\r\n\r\n" ]
[ 12.31495, "o", "\u001b[90m3:50AM\u001b[0m \u001b[32mINF\u001b[0m 785 commits scanned.\r\n\u001b[90m3:50AM\u001b[0m \u001b[32mINF\u001b[0m scan completed in 840ms\r\n" ]
[ 12.31510, "o", "\u001b[90m3:50AM\u001b[0m \u001b[31mWRN\u001b[0m leaks found: 23\r\n" ]
[ 12.31643, "o", "\u001b[1m\u001b[7m#\u001b[27m\u001b[1m\u001b[0m                                                                                                   \r \r\r\u001b[0m\u001b[27m\u001b[24m\u001b[J\r\n\u001b[19491001\u001b[1;35m> \u001b[20210325\u001b[0m\u001b[K" ]
[ 12.31651, "o", "\u001b[?2004h" ]
[ 13.40143, "o", "#\b# " ]
[ 13.40149, "o", "D" ]
[ 13.45361, "o", "e" ]
[ 13.50530, "o", "t" ]
[ 13.55723, "o", "e" ]
[ 13.60961, "o", "c" ]
[ 13.66153, "o", "t" ]
[ 13.71369, "o", " " ]
[ 13.76559, "o", "s" ]
[ 13.81751, "o", "e" ]
[ 13.86942, "o", "c" ]
[ 13.92129, "o", "r" ]
[ 13.97296, "o", "e" ]
[ 14.02461, "o", "t" ]
[ 14.07637, "o", "s" ]
[ 14.12840, "o", " " ]
[ 14.18025, "o", "i" ]
[ 14.23229, "o", "n" ]
[ 14.28441, "o", " " ]
[ 14.33645, "o", "c" ]
[ 14.38832, "o", "o" ]
[ 14.44022, "o", "d" ]
[ 14.49222, "o", "e" ]
[ 14.54418, "o", " " ]
[ 14.59631, "o", "a" ]
[ 14.64838, "o", "n" ]
[ 14.70037, "o", "d" ]
[ 14.75230, "o", " " ]
[ 14.80426, "o", "g" ]
[ 14.85608, "o", "e" ]
[ 14.90786, "o", "n" ]
[ 14.95971, "o", "e" ]
[ 15.01163, "o", "r" ]
[ 15.06346, "o", "a" ]
[ 15.11526, "o", "t" ]
[ 15.16725, "o", "e" ]
[ 15.21915, "o", " " ]
[ 15.27121, "o", "a" ]
[ 15.32321, "o", " " ]
[ 15.37554, "o", "r" ]
[ 15.42726, "o", "e" ]
[ 15.47926, "o", "p" ]
[ 15.53131, "o", "o" ]
[ 15.58329, "o", "r" ]
[ 15.63536, "o", "t" ]
[ 15.68738, "o", " " ]
[ 15.73884, "o", "i" ]
[ 15.79070, "o", "n" ]
[ 15.84273, "o", " " ]
[ 15.89458, "o", "j" ]
[ 15.94640, "o", "s" ]
[ 15.99839, "o", "o" ]
[ 16.05022, "o", "n" ]
[ 16.10211, "o", " " ]
[ 16.15416, "o", "f" ]
[ 16.20609, "o", "o" ]
[ 16.25817, "o", "r" ]
[ 16.30989, "o", "m" ]
[ 16.36262, "o", "a" ]
[ 16.41464, "o", "t" ]
[ 16.46654, "o", "\u001b[?2004l\r\r\n" ]
[ 16.46672, "o", "\u001b[1m\u001b[7m#\u001b[27m\u001b[1m\u001b[0m                                                                                                   \r \r\r\u001b[0m\u001b[27m\u001b[24m\u001b[J\r\n\u001b[19491001\u001b[1;35m> \u001b[20210325\u001b[0m\u001b[K\u001b[?2004h" ]
[ 17.97079, "o", "x" ]
[ 18.02260, "o", "\bx " ]
[ 18.07441, "o", "g" ]
[ 18.12640, "o", "i" ]
[ 18.17877, "o", "t" ]
[ 18.23084, "o", "l" ]
[ 18.28318, "o", "e" ]
[ 18.33526, "o", "a" ]
[ 18.38709, "o", "k" ]
[ 18.43918, "o", "s" ]
[ 18.49071, "o", " " ]
[ 18.54279, "o", "d" ]
[ 18.59207, "o", "e" ]
[ 18.64393, "o", "t" ]
[ 18.69565, "o", "e" ]
[ 18.74745, "o", "c" ]
[ 18.79916, "o", "t" ]
[ 18.85084, "o", " " ]
[ 18.90256, "o", "-" ]
[ 18.95439, "o", "-" ]
[ 19.00639, "o", "r" ]
[ 19.05848, "o", "e" ]
[ 19.11045, "o", "p" ]
[ 19.16244, "o", "o" ]
[ 19.21442, "o", "r" ]
[ 19.26659, "o", "t" ]
[ 19.31851, "o", "-" ]
[ 19.37057, "o", "p" ]
[ 19.42261, "o", "a" ]
[ 19.47450, "o", "t" ]
[ 19.52624, "o", "h" ]
[ 19.57834, "o", " " ]
[ 19.63008, "o", "o" ]
[ 19.68236, "o", "u" ]
[ 19.73440, "o", "t" ]
[ 19.78635, "o", "p" ]
[ 19.83856, "o", "u" ]
[ 19.89048, "o", "t" ]
[ 19.94243, "o", "." ]
[ 19.99433, "o", "j" ]
[ 20.04625, "o", "s" ]
[ 20.09831, "o", "o" ]
[ 20.15027, "o", "n" ]
[ 21.20412, "o", "\u001b[?2004l\r\r\n" ]
[ 21.20645, "o", "\r\n    ○\r\n    │╲\r\n    │ ○\r\n    ○ ░\r\n    ░    gitleaks\r\n\r\n" ]
[ 22.24515, "o", "\u001b[90m3:51AM\u001b[0m \u001b[32mINF\u001b[0m 785 commits scanned.\r\n\u001b[90m3:51AM\u001b[0m \u001b[32mINF\u001b[0m scan completed in 1.02s\r\n\u001b[90m3:51AM\u001b[0m \u001b[31mWRN\u001b[0m leaks found: 23\r\n" ]
[ 22.24710, "o", "\u001b[1m\u001b[7m#\u001b[27m\u001b[1m\u001b[0m                                                                                                   \r \r\r\u001b[0m\u001b[27m\u001b[24m\u001b[J\r\n\u001b[19491001\u001b[1;35m> \u001b[20210325\u001b[0m\u001b[K" ]
[ 22.24714, "o", "\u001b[?2004h" ]
[ 23.20603, "o", "#\b# R" ]
[ 23.25829, "o", "u" ]
[ 23.31029, "o", "n" ]
[ 23.36199, "o", " " ]
