{"version":2,"width":100,"height":26,"timestamp":1693271747,"env":{"SHELL":"","TERM":"xterm"}}
[ 0.00000, "o", "" ]
[ 0.02082, "o", "\u001b[19491001\u001b[1;35m> \u001b[20210325\u001b[0m\u001b[K\u001b[?2004h" ]
[ 0.40023, "o", "#\b# G" ]
[ 0.45174, "o", "e" ]
[ 0.50347, "o", "n" ]
[ 0.55558, "o", "e" ]
[ 0.60796, "o", "r" ]
[ 0.65938, "o", "a" ]
[ 0.71100, "o", "t" ]
[ 0.76303, "o", "e" ]
[ 0.81495, "o", " " ]
[ 0.86691, "o", "a" ]
[ 0.91849, "o", " " ]
[ 0.97032, "o", "r" ]
[ 1.02202, "o", "e" ]
[ 1.07388, "o", "g" ]
[ 1.12550, "o", "u" ]
[ 1.17794, "o", "l" ]
[ 1.23011, "o", "a" ]
[ 1.28203, "o", "r" ]
[ 1.33373, "o", " " ]
[ 1.38563, "o", "e" ]
[ 1.43762, "o", "x" ]
[ 1.48933, "o", "p" ]
[ 1.54184, "o", "r" ]
[ 1.59358, "o", "e" ]
[ 1.64516, "o", "s" ]
[ 1.69676, "o", "s" ]
[ 1.74859, "o", "i" ]
[ 1.80041, "o", "o" ]
[ 1.85200, "o", "n" ]
[ 1.90404, "o", " " ]
[ 1.95561, "o", "o" ]
[ 2.00783, "o", "f" ]
[ 2.05991, "o", " " ]
[ 2.11162, "o", "t" ]
[ 2.16357, "o", "h" ]
[ 2.21526, "o", "e" ]
[ 2.26714, "o", " " ]
[ 2.31877, "o", "l" ]
[ 2.37075, "o", "e" ]
[ 2.42275, "o", "t" ]
[ 2.47489, "o", "t" ]
[ 2.52671, "o", "e" ]
[ 2.57869, "o", "r" ]
[ 2.63049, "o", "s" ]
[ 2.68204, "o", " " ]
[ 2.73449, "o", "a" ]
[ 2.78614, "o", "-" ]
[ 2.83817, "o", "f" ]
[ 2.89012, "o", "\u001b[?2004l\r\r\n\u001b[1m\u001b[7m#\u001b[27m\u001b[1m\u001b[0m                                                                                                   \r \r\r\u001b[0m\u001b[27m\u001b[24m\u001b[J\r\n\u001b[19491001\u001b[1;35m> \u001b[20210325\u001b[0m\u001b[K\u001b[?2004h" ]
[ 5.39370, "o", "x" ]
[ 5.44652, "o", "\bx " ]
[ 5.49834, "o", "g" ]
[ 5.55093, "o", "r" ]
[ 5.60309, "o", "e" ]
[ 5.65477, "o", "x" ]
[ 5.70706, "o", " " ]
[ 5.75863, "o", "a" ]
[ 5.81058, "o", " " ]
[ 5.86242, "o", "b" ]
[ 5.91529, "o", " " ]
[ 5.96743, "o", "c" ]
[ 6.01984, "o", " " ]
[ 6.07181, "o", "d" ]
[ 6.12386, "o", " " ]
[ 6.17578, "o", "e" ]
[ 6.22749, "o", " " ]
[ 6.27926, "o", "f" ]
[ 9.33354, "o", "\u001b[?2004l\r\r\n" ]
[ 9.51753, "o", "^[a-f]$\r\n" ]
[ 9.51779, "o", "\u001b[1m\u001b[7m#\u001b[27m\u001b[1m\u001b[0m                                                                                                   \r \r\r\u001b[0m\u001b[27m\u001b[24m\u001b[J\r\n\u001b[19491001\u001b[1;35m> \u001b[20210325\u001b[0m\u001b[K\u001b[?2004h" ]
[ 11.33569, "o", "#\b# " ]
[ 11.33588, "o", "C" ]
[ 11.38776, "o", "o" ]
[ 11.43980, "o", "n" ]
[ 11.49189, "o", "v" ]
[ 11.54344, "o", "e" ]
[ 11.59578, "o", "r" ]
[ 11.64743, "o", "t" ]
[ 11.69999, "o", "s" ]
[ 11.75175, "o", " " ]
[ 11.80399, "o", "a" ]
[ 11.85602, "o", "n" ]
[ 11.90765, "o", "y" ]
[ 11.95960, "o", " " ]
[ 12.01117, "o", "U" ]
[ 12.06311, "o", "n" ]
[ 12.11489, "o", "i" ]
[ 12.16695, "o", "c" ]
[ 12.21861, "o", "o" ]
[ 12.27088, "o", "d" ]
[ 12.32356, "o", "e" ]
[ 12.37516, "o", " " ]
[ 12.42741, "o", "d" ]
[ 12.47888, "o", "e" ]
[ 12.53082, "o", "c" ]
[ 12.58247, "o", "i" ]
[ 12.63452, "o", "m" ]
[ 12.68635, "o", "a" ]
[ 12.73841, "o", "l" ]
[ 12.79158, "o", " " ]
[ 12.84347, "o", "d" ]
[ 12.89589, "o", "i" ]
[ 12.94749, "o", "g" ]
[ 13.00009, "o", "i" ]
[ 13.05199, "o", "t" ]
[ 13.10420, "o", " " ]
[ 13.15663, "o", "t" ]
[ 13.20816, "o", "o" ]
[ 13.26015, "o", " " ]
[ 13.31181, "o", "\\" ]
[ 13.36405, "o", "d" ]
[ 13.41567, "o", "\u001b[?2004l\r\r\n" ]
[ 13.41590, "o", "\u001b[1m\u001b[7m#\u001b[27m\u001b[1m\u001b[0m                                                                                                   \r \r\r\u001b[0m\u001b[27m\u001b[24m\u001b[J\r\n\u001b[19491001\u001b[1;35m> \u001b[20210325\u001b[0m\u001b[K\u001b[?2004h" ]
[ 14.91948, "o", "x" ]
[ 14.97158, "o", "\bx " ]
[ 15.02333, "o", "g" ]
[ 15.07480, "o", "r" ]
[ 15.12677, "o", "e" ]
[ 15.17902, "o", "x" ]
[ 15.23109, "o", " " ]
[ 15.28303, "o", "-" ]
[ 15.33502, "o", "d" ]
[ 15.38698, "o", " " ]
[ 15.43878, "o", "\"" ]
[ 15.49093, "o", "b" ]
[ 15.54284, "o", "c" ]
[ 15.59480, "o", "\"" ]
[ 15.64690, "o", " " ]
[ 15.69896, "o", "\"" ]
[ 15.75125, "o", "1" ]
[ 15.80282, "o", "1" ]
[ 15.85488, "o", "1" ]
[ 15.90667, "o", "\"" ]
[ 18.96040, "o", "\u001b[?2004l\r\r\n" ]
[ 18.96186, "o", "^(?:\\d\\d\\d|bc)$\r\n" ]
[ 18.96224, "o", "\u001b[1m\u001b[7m#\u001b[27m\u001b[1m\u001b[0m                                                                                                   \r \r\r\u001b[0m\u001b[27m\u001b[24m\u001b[J\r\n\u001b[19491001\u001b[1;35m> \u001b[20210325\u001b[0m" ]
[ 18.96240, "o", "\u001b[K\u001b[?2004h" ]
[ 20.96271, "o", "#\b# C" ]
[ 21.01524, "o", "o" ]
[ 21.06764, "o", "n" ]
[ 21.12017, "o", "v" ]
[ 21.17181, "o", "e" ]
[ 21.22389, "o", "r" ]
[ 21.27557, "o", "t" ]
[ 21.32745, "o", "s" ]
[ 21.37994, "o", " " ]
[ 21.43187, "o", "a" ]
[ 21.48403, "o", "n" ]
[ 21.53628, "o", "y" ]
[ 21.58801, "o", " " ]
[ 21.64001, "o", "c" ]
[ 21.69171, "o", "h" ]
[ 21.74381, "o", "a" ]
[ 21.79573, "o", "r" ]
[ 21.84792, "o", "a" ]
[ 21.90003, "o", "c" ]
[ 21.95189, "o", "t" ]
[ 22.00427, "o", "e" ]
[ 22.05588, "o", "r" ]
[ 22.10891, "o", " " ]
[ 22.16058, "o", "t" ]
[ 22.21254, "o", "h" ]
[ 22.26447, "o", "a" ]
[ 22.31731, "o", "t" ]
[ 22.36961, "o", " " ]
[ 22.42138, "o", "i" ]
[ 22.47335, "o", "s" ]
[ 22.52519, "o", " " ]
[ 22.57722, "o", "n" ]
[ 22.63027, "o", "o" ]
[ 22.68295, "o", "t" ]
[ 22.73509, "o", " " ]
[ 22.78754, "o", "a" ]
[ 22.83966, "o", " " ]
[ 22.89111, "o", "U" ]
[ 22.94294, "o", "n" ]
[ 22.99448, "o", "i" ]
[ 23.04669, "o", "c" ]
[ 23.09845, "o", "o" ]
[ 23.15030, "o", "d" ]
[ 23.20232, "o", "e" ]
[ 23.25397, "o", " " ]
[ 23.30556, "o", "d" ]
[ 23.35730, "o", "e" ]
[ 23.41002, "o", "c" ]
[ 23.46187, "o", "i" ]
[ 23.51416, "o", "m" ]
[ 23.56589, "o", "a" ]
[ 23.61794, "o", "l" ]
[ 23.66973, "o", " " ]
[ 23.72224, "o", "n" ]
[ 23.77434, "o", "u" ]
[ 23.82596, "o", "m" ]
[ 23.87836, "o", "b" ]
[ 23.93023, "o", "e" ]
[ 23.98282, "o", "r" ]
[ 24.03479, "o", " " ]
[ 24.08748, "o", "t" ]
[ 24.13977, "o", "o" ]
[ 24.19147, "o", " " ]
[ 24.24338, "o", "\\" ]
[ 24.29510, "o", "D" ]
[ 24.34683, "o", "\u001b[?2004l\r\r\n\u001b[1m\u001b[7m#\u001b[27m\u001b[1m\u001b[0m                                                                                                   \r \r\r\u001b[0m\u001b[27m\u001b[24m\u001b[J\r\n\u001b[19491001\u001b[1;35m> \u001b[20210325\u001b[0m\u001b[K" ]
[ 24.34702, "o", "\u001b[?2004h" ]
[ 25.85059, "o", "x" ]
[ 25.90306, "o", "\bx " ]
[ 25.95467, "o", "g" ]
[ 26.00677, "o", "r" ]
[ 26.05840, "o", "e" ]
[ 26.11080, "o", "x" ]
[ 26.16324, "o", " " ]
[ 26.21591, "o", "-" ]
[ 26.26798, "o", "D" ]
[ 26.31997, "o", " " ]
[ 26.37193, "o", "b" ]
[ 26.42366, "o", "c" ]
[ 26.47569, "o", " " ]
[ 26.52731, "o", "\"" ]
[ 26.57931, "o", "1" ]
[ 26.63130, "o", "1" ]
[ 26.68317, "o", "1" ]
[ 26.73530, "o", "\"" ]
[ 29.78929, "o", "\u001b[?2004l\r\r\n" ]
[ 29.79095, "o", "^(?:111|\\D\\D)$\r\n" ]
[ 29.79127, "o", "\u001b[1m\u001b[7m#\u001b[27m\u001b[1m\u001b[0m                                                                                                   \r \r" ]
[ 29.79138, "o", "\r\u001b[0m\u001b[27m\u001b[24m\u001b[J\r\n\u001b[19491001\u001b[1;35m> \u001b[20210325\u001b[0m\u001b[K\u001b[?2004h" ]
[ 31.79184, "o", "#\b# C" ]
[ 31.84346, "o", "o" ]
[ 31.89534, "o", "n" ]
[ 31.94764, "o", "v" ]
[ 31.99942, "o", "e" ]
[ 32.05143, "o", "r" ]
[ 32.10317, "o", "t" ]
[ 32.15525, "o", "s" ]
[ 32.20676, "o", " " ]
[ 32.25876, "o", "a" ]
[ 32.31020, "o", "n" ]
[ 32.36256, "o", "y" ]
[ 32.41484, "o", " " ]
[ 32.46678, "o", "U" ]
[ 32.51885, "o", "n" ]
[ 32.57048, "o", "i" ]
[ 32.62252, "o", "c" ]
[ 32.67439, "o", "o" ]
[ 32.72630, "o", "d" ]
[ 32.77836, "o", "e" ]
[ 32.82998, "o", " " ]
[ 32.88258, "o", "s" ]
[ 32.93425, "o", "p" ]
[ 32.98630, "o", "a" ]
[ 33.03808, "o", "c" ]
[ 33.09051, "o", "e" ]
[ 33.14225, "o", " " ]
[ 33.19427, "o", "c" ]
[ 33.24633, "o", "h" ]
[ 33.29835, "o", "a" ]
[ 33.35049, "o", "r" ]
[ 33.40210, "o", "a" ]
[ 33.45360, "o", "c" ]
[ 33.50566, "o", "t" ]
[ 33.55759, "o", "e" ]
[ 33.60913, "o", "r" ]
[ 33.66166, "o", "s" ]
