{"version":2,"width":100,"height":26,"timestamp":1687869420,"env":{"SHELL":"/bin/bash","TERM":"xterm-256color"}}
[ 0.00000, "o", "" ]
[ 0.12241, "o", "\u001b[19491001\u001b[1;35m> \u001b[20210325\u001b[0m" ]
[ 0.49605, "o", "x" ]
[ 0.54756, "o", " " ]
[ 0.59893, "o", "m" ]
[ 0.65050, "o", "a" ]
[ 0.70231, "o", "g" ]
[ 0.75394, "o", "i" ]
[ 0.80607, "o", "c" ]
[ 0.85808, "o", "k" ]
[ 0.91030, "o", " " ]
[ 0.96187, "o", "t" ]
[ 1.01308, "o", "e" ]
[ 1.06443, "o", "s" ]
[ 1.11587, "o", "t" ]
[ 1.16719, "o", "." ]
[ 1.24146, "o", "j" ]
[ 1.29294, "o", "p" ]
[ 1.34433, "o", "g" ]
[ 1.39582, "o", " " ]
[ 1.44752, "o", "t" ]
[ 1.49947, "o", "e" ]
[ 1.55085, "o", "s" ]
[ 1.60226, "o", "t" ]
[ 1.65355, "o", "." ]
[ 1.70491, "o", "p" ]
[ 1.75616, "o", "n" ]
[ 1.80748, "o", "g" ]
[ 2.06027, "o", "\r\n" ]
[ 2.06028, "o", "\u001b[?2004l\r" ]
[ 2.52778, "o", "\u001b[?2004h\r\n\u001b[19491001\u001b[1;35m> \u001b[20210325\u001b[0m" ]
[ 3.06207, "o", "f" ]
[ 3.11462, "o", "i" ]
[ 3.16676, "o", "l" ]
[ 3.21818, "o", "e" ]
[ 3.26940, "o", " " ]
[ 3.32064, "o", "t" ]
[ 3.37193, "o", "e" ]
[ 3.42338, "o", "s" ]
[ 3.47478, "o", "t" ]
[ 3.52615, "o", "." ]
[ 3.57742, "o", "p" ]
[ 3.62917, "o", "n" ]
[ 3.68052, "o", "g" ]
[ 3.93324, "o", "\r\n\u001b[?2004l\r" ]
[ 3.93866, "o", "test.png: PNG image data, 1280 x 853, 8-bit/color RGB, non-interlaced\r\n" ]
[ 3.93887, "o", "\u001b[?2004h\r\n" ]
[ 3.93888, "o", "\u001b[19491001\u001b[1;35m> \u001b[20210325\u001b[0m" ]
[ 4.93542, "o", "x" ]
[ 4.98775, "o", " " ]
[ 5.03928, "o", "m" ]
[ 5.09098, "o", "a" ]
[ 5.14246, "o", "g" ]
[ 5.19411, "o", "i" ]
[ 5.24552, "o", "c" ]
[ 5.29688, "o", "k" ]
[ 5.34816, "o", " " ]
[ 5.39959, "o", "t" ]
[ 5.45069, "o", "e" ]
[ 5.50202, "o", "s" ]
[ 5.55334, "o", "t" ]
[ 5.60454, "o", "." ]
[ 5.65596, "o", "p" ]
[ 5.70732, "o", "n" ]
[ 5.75860, "o", "g" ]
[ 5.81010, "o", " " ]
[ 5.86146, "o", "-" ]
[ 5.91271, "o", "r" ]
[ 5.96389, "o", "e" ]
[ 6.01522, "o", "s" ]
[ 6.06660, "o", "i" ]
[ 6.11807, "o", "z" ]
[ 6.16956, "o", "e" ]
[ 6.22093, "o", " " ]
[ 6.27233, "o", "2" ]
[ 6.32359, "o", "0" ]
[ 6.37514, "o", "0" ]
[ 6.42671, "o", "%" ]
[ 6.47805, "o", " " ]
[ 6.52948, "o", "o" ]
[ 6.58093, "o", "u" ]
[ 6.63231, "o", "t" ]
[ 6.68416, "o", "p" ]
[ 6.73660, "o", "u" ]
[ 6.78888, "o", "t" ]
[ 6.84011, "o", "." ]
[ 6.89142, "o", "p" ]
[ 6.94268, "o", "n" ]
[ 6.99386, "o", "g" ]
[ 7.24737, "o", "\r\n\u001b[?2004l\r" ]
[ 9.01991, "o", "\u001b[?2004h\r\n\u001b[19491001\u001b[1;35m> \u001b[20210325\u001b[0m" ]
[ 9.24985, "o", "x" ]
[ 9.30203, "o", " " ]
[ 9.35335, "o", "m" ]
[ 9.40480, "o", "a" ]
[ 9.45629, "o", "g" ]
[ 9.50766, "o", "i" ]
[ 9.55919, "o", "c" ]
[ 9.61059, "o", "k" ]
[ 9.66187, "o", " " ]
[ 9.71317, "o", "t" ]
[ 9.76466, "o", "e" ]
[ 9.81609, "o", "s" ]
[ 9.86742, "o", "t" ]
[ 9.91892, "o", "." ]
[ 9.97035, "o", "p" ]
[ 10.02172, "o", "n" ]
[ 10.07312, "o", "g" ]
[ 10.12469, "o", " " ]
[ 10.17607, "o", "-" ]
[ 10.22746, "o", "c" ]
[ 10.27871, "o", "r" ]
[ 10.32969, "o", "o" ]
[ 10.38110, "o", "p" ]
[ 10.43257, "o", " " ]
[ 10.48428, "o", "5" ]
[ 10.53556, "o", "0" ]
[ 10.58682, "o", "0" ]
[ 10.63825, "o", "x" ]
[ 10.68980, "o", "5" ]
[ 10.74116, "o", "0" ]
[ 10.79275, "o", "0" ]
[ 10.84408, "o", " " ]
[ 10.89551, "o", "d" ]
[ 10.94700, "o", "e" ]
[ 10.99832, "o", "s" ]
[ 11.04966, "o", "t" ]
[ 11.10139, "o", "." ]
[ 11.15282, "o", "p" ]
[ 11.20436, "o", "n" ]
[ 11.25571, "o", "g" ]
[ 11.50830, "o", "\r\n" ]
[ 11.50831, "o", "\u001b[?2004l\r" ]
[ 12.07004, "o", "\r\n\u001b[?2004h\r\n\u001b[19491001\u001b[1;35m> \u001b[20210325\u001b[0m\r\n\u001b[?2004l\r\u001b[?2004h\r\n\u001b[19491001\u001b[1;35m> \u001b[20210325\u001b[0m" ]
[ 12.07009, "o", "\u001b[?2004l\r\r\n" ]
[ 12.07011, "o", "exit\r\n" ]
