{"version":2,"width":100,"height":26,"timestamp":1693291189,"env":{"SHELL":"","TERM":"xterm"}}
[ 0.00000, "o", "" ]
[ 0.03151, "o", "\u001b[19491001\u001b[1;35m> \u001b[20210325\u001b[0m\u001b[K\u001b[?2004h" ]
[ 0.39357, "o", "#" ]
[ 0.39374, "o", "\b# R" ]
[ 0.44565, "o", "e" ]
[ 0.49806, "o", "a" ]
[ 0.55068, "o", "d" ]
[ 0.60267, "o", "s" ]
[ 0.65483, "o", " " ]
[ 0.70662, "o", "t" ]
[ 0.75846, "o", "h" ]
[ 0.81047, "o", "e" ]
[ 0.86206, "o", " " ]
[ 0.91494, "o", "d" ]
[ 0.96668, "o", "a" ]
[ 1.01900, "o", "t" ]
[ 1.07079, "o", "a" ]
[ 1.12244, "o", " " ]
[ 1.17429, "o", "f" ]
[ 1.22619, "o", "r" ]
[ 1.27812, "o", "o" ]
[ 1.33028, "o", "m" ]
[ 1.38257, "o", " " ]
[ 1.43468, "o", "t" ]
[ 1.48691, "o", "h" ]
[ 1.53858, "o", "e" ]
[ 1.59074, "o", " " ]
[ 1.64253, "o", "f" ]
[ 1.69416, "o", "i" ]
[ 1.74611, "o", "l" ]
[ 1.79887, "o", "e" ]
[ 1.85103, "o", " " ]
[ 1.90315, "o", "a" ]
[ 1.95548, "o", "n" ]
[ 2.00726, "o", "d" ]
[ 2.05905, "o", " " ]
[ 2.11193, "o", "o" ]
[ 2.16561, "o", "u" ]
[ 2.21789, "o", "t" ]
[ 2.27012, "o", "p" ]
[ 2.32236, "o", "u" ]
[ 2.37413, "o", "t" ]
[ 2.42590, "o", "s" ]
[ 2.47796, "o", " " ]
[ 2.53016, "o", "s" ]
[ 2.58241, "o", "t" ]
[ 2.63435, "o", "d" ]
[ 2.68651, "o", "o" ]
[ 2.73837, "o", "u" ]
[ 2.79017, "o", "t" ]
[ 2.84206, "o", "\u001b[?2004l\r\r\n\u001b[1m\u001b[7m#\u001b[27m\u001b[1m\u001b[0m                                                                                                   \r \r\r\u001b[0m\u001b[27m\u001b[24m\u001b[J\r\n\u001b[19491001\u001b[1;35m> \u001b[20210325\u001b[0m\u001b[K\u001b[?2004h" ]
[ 5.34628, "o", "<" ]
[ 5.39935, "o", "\b< " ]
[ 5.45147, "o", "d" ]
[ 5.50345, "o", "a" ]
[ 5.55545, "o", "t" ]
[ 5.60747, "o", "a" ]
[ 5.65935, "o", "." ]
[ 5.71132, "o", "t" ]
[ 5.76363, "o", "x" ]
[ 5.81634, "o", "t" ]
[ 5.86851, "o", " " ]
[ 5.92044, "o", "x" ]
[ 5.97237, "o", " " ]
[ 6.02450, "o", "m" ]
[ 6.07614, "o", "a" ]
[ 6.12800, "o", "w" ]
[ 6.18070, "o", "k" ]
[ 6.23292, "o", " " ]
[ 6.28527, "o", "'" ]
[ 6.33767, "o", "{" ]
[ 6.38956, "o", " " ]
[ 6.44166, "o", "p" ]
[ 6.49364, "o", "r" ]
[ 6.54547, "o", "i" ]
[ 6.59813, "o", "n" ]
[ 6.65019, "o", "t" ]
[ 6.70249, "o", " " ]
[ 6.75448, "o", "$" ]
[ 6.80683, "o", "0" ]
[ 6.85863, "o", " " ]
[ 6.91047, "o", "}" ]
[ 6.96365, "o", "'" ]
[ 10.01841, "o", "\u001b[?2004l\r\r\n" ]
[ 10.17937, "o", "ID  name    gender  age  email          phone\r\n1   Bob     male    28   abc@qq.com     18023394012\r\n2   Alice   female  24   def@gmail.com  18084925203\r\n3   Tony    male    21   aaa@163.com    17048792503\r\n4   Kevin   male    21   bbb@189.com    17023929033\r\n5   Alex    male    18   ccc@xyz.com    18185904230\r\n6   Andy    female  22   ddd@139.com    18923902352\r\n7   Jerry   female  25   exdsa@189.com  18785234906\r\n8   Peter   male    20   bax@qq.com     17729348758\r\n9   Steven  female  23   bc@sohu.com    15947893212\r\n10  Bruce   female  27   bcbd@139.com   13942943905\r\n" ]
[ 10.17995, "o", "\u001b[1m\u001b[7m#\u001b[27m\u001b[1m\u001b[0m                                                                                                   \r \r\r\u001b[0m\u001b[27m\u001b[24m\u001b[J\r\n\u001b[19491001\u001b[1;35m> \u001b[20210325\u001b[0m\u001b[K" ]
[ 10.18004, "o", "\u001b[?2004h" ]
[ 12.02082, "o", "#" ]
[ 12.02097, "o", "\b# F" ]
[ 12.07338, "o", "e" ]
[ 12.12596, "o", "a" ]
[ 12.17900, "o", "t" ]
[ 12.23220, "o", "u" ]
[ 12.28482, "o", "r" ]
[ 12.33742, "o", "e" ]
[ 12.38979, "o", "s" ]
[ 12.44237, "o", " " ]
[ 12.49553, "o", "o" ]
[ 12.54802, "o", "f" ]
[ 12.60054, "o", " " ]
[ 12.65245, "o", "B" ]
[ 12.70478, "o", "E" ]
[ 12.75690, "o", "G" ]
[ 12.80875, "o", "I" ]
[ 12.86091, "o", "N" ]
[ 12.91290, "o", "," ]
[ 12.96554, "o", " " ]
[ 13.01746, "o", "E" ]
[ 13.07013, "o", "N" ]
[ 13.12288, "o", "D" ]
[ 13.17552, "o", "," ]
[ 13.22830, "o", " " ]
[ 13.28114, "o", "a" ]
[ 13.33348, "o", "n" ]
[ 13.38583, "o", "d" ]
[ 13.43866, "o", " " ]
[ 13.49113, "o", "m" ]
[ 13.54411, "o", "a" ]
[ 13.59638, "o", "i" ]
[ 13.64915, "o", "n" ]
[ 13.70130, "o", " " ]
[ 13.75372, "o", "c" ]
[ 13.80628, "o", "o" ]
[ 13.85869, "o", "d" ]
[ 13.91113, "o", "e" ]
[ 13.96396, "o", " " ]
[ 14.01638, "o", "b" ]
[ 14.06844, "o", "l" ]
[ 14.12096, "o", "o" ]
[ 14.17287, "o", "c" ]
[ 14.22461, "o", "k" ]
[ 14.27668, "o", "s" ]
[ 14.32888, "o", "\u001b[?2004l\r\r\n" ]
[ 14.32904, "o", "\u001b[1m\u001b[7m#\u001b[27m\u001b[1m\u001b[0m                                                                                                   \r \r" ]
[ 14.32929, "o", "\r\u001b[0m\u001b[27m\u001b[24m\u001b[J\r\n\u001b[19491001\u001b[1;35m> \u001b[20210325\u001b[0m\u001b[K\u001b[?2004h" ]
[ 16.83317, "o", "e" ]
[ 16.88502, "o", "\bec" ]
[ 16.93666, "o", "h" ]
[ 16.98843, "o", "o" ]
[ 17.04017, "o", " " ]
[ 17.09245, "o", "\"" ]
[ 17.14432, "o", "m" ]
[ 17.19619, "o", "a" ]
[ 17.24838, "o", "w" ]
[ 17.30017, "o", "k" ]
[ 17.35212, "o", " " ]
[ 17.40372, "o", "m" ]
[ 17.45591, "o", "a" ]
[ 17.50763, "o", "i" ]
[ 17.55952, "o", "n" ]
[ 17.61174, "o", " " ]
[ 17.66392, "o", "b" ]
[ 17.71574, "o", "o" ]
[ 17.76794, "o", "d" ]
[ 17.81975, "o", "y" ]
[ 17.87160, "o", "\"" ]
[ 17.92331, "o", " " ]
[ 17.97502, "o", "|" ]
[ 18.02745, "o", " " ]
[ 18.07938, "o", "x" ]
[ 18.13168, "o", " " ]
[ 18.18410, "o", "m" ]
[ 18.23579, "o", "a" ]
[ 18.28774, "o", "w" ]
[ 18.33993, "o", "k" ]
[ 18.39227, "o", " " ]
[ 18.44500, "o", "'" ]
[ 18.49714, "o", "B" ]
[ 18.54998, "o", "E" ]
[ 18.60238, "o", "G" ]
[ 18.65436, "o", "I" ]
[ 18.70648, "o", "N" ]
[ 18.75862, "o", "{" ]
[ 18.81140, "o", "p" ]
[ 18.86363, "o", "r" ]
[ 18.91535, "o", "i" ]
[ 18.96760, "o", "n" ]
[ 19.01938, "o", "t" ]
[ 19.07102, "o", " " ]
[ 19.12331, "o", "\"" ]
[ 19.17506, "o", "B" ]
[ 19.22802, "o", "E" ]
[ 19.27983, "o", "G" ]
[ 19.33257, "o", "I" ]
[ 19.38424, "o", "N" ]
[ 19.43643, "o", "\"" ]
[ 19.48867, "o", "}" ]
[ 19.54047, "o", "{" ]
[ 19.59306, "o", "p" ]
[ 19.64587, "o", "r" ]
[ 19.69819, "o", "i" ]
[ 19.75012, "o", "n" ]
[ 19.80247, "o", "t" ]
[ 19.85443, "o", " " ]
[ 19.90644, "o", "$" ]
[ 19.95810, "o", "0" ]
[ 20.01002, "o", "}" ]
[ 20.06208, "o", "E" ]
[ 20.11419, "o", "N" ]
[ 20.16658, "o", "D" ]
[ 20.21888, "o", "{" ]
[ 20.27100, "o", "p" ]
[ 20.32283, "o", "r" ]
[ 20.37454, "o", "i" ]
[ 20.42650, "o", "n" ]
[ 20.47847, "o", "t" ]
[ 20.53036, "o", " " ]
[ 20.58192, "o", "\"" ]
[ 20.63391, "o", "E" ]
[ 20.68551, "o", "N" ]
[ 20.73730, "o", "G" ]
[ 20.78927, "o", "\"" ]
[ 20.84117, "o", "}" ]
[ 20.89351, "o", "'" ]
[ 25.94802, "o", "\u001b[?2004l\r\r\n" ]
[ 25.95804, "o", "BEGIN\r\nmawk main body\r\nENG\r\n" ]
[ 25.95863, "o", "\u001b[1m\u001b[7m#\u001b[27m\u001b[1m\u001b[0m                                                                                                   \r \r\r\u001b[0m\u001b[27m\u001b[24m\u001b[J\r\n\u001b[19491001\u001b[1;35m> \u001b[20210325\u001b[0m\u001b[K" ]
[ 25.95910, "o", "\u001b[?2004h" ]
[ 27.95023, "o", "#\b# F" ]
[ 28.00232, "o", "i" ]
[ 28.05407, "o", "l" ]
[ 28.10625, "o", "t" ]
[ 28.15783, "o", "e" ]
[ 28.21021, "o", "r" ]
[ 28.26175, "o", " " ]
[ 28.31362, "o", "o" ]
[ 28.36635, "o", "u" ]
[ 28.41880, "o", "t" ]
[ 28.47081, "o", " " ]
[ 28.52258, "o", "t" ]
[ 28.57488, "o", "h" ]
[ 28.62649, "o", "e" ]
[ 28.67824, "o", " " ]
[ 28.73016, "o", "f" ]
[ 28.78196, "o", "i" ]
[ 28.83372, "o", "r" ]
[ 28.88568, "o", "s" ]
[ 28.93741, "o", "t" ]
[ 28.98934, "o", " " ]
[ 29.04160, "o", "t" ]
[ 29.09354, "o", "w" ]
[ 29.14567, "o", "o" ]
[ 29.19729, "o", " " ]
[ 29.24933, "o", "l" ]
[ 29.30100, "o", "i" ]
[ 29.35271, "o", "n" ]
[ 29.40453, "o", "e" ]
[ 29.45610, "o", "s" ]
[ 29.50819, "o", " " ]
[ 29.56032, "o", "o" ]
[ 29.61252, "o", "f" ]
[ 29.66431, "o", " " ]
[ 29.71671, "o", "d" ]
[ 29.76890, "o", "a" ]
[ 29.82093, "o", "t" ]
[ 29.87330, "o", "a" ]
[ 29.92660, "o", " " ]
[ 29.97876, "o", "i" ]
[ 30.03076, "o", "n" ]
[ 30.08239, "o", " " ]
[ 30.13454, "o", "t" ]
[ 30.18699, "o", "h" ]
[ 30.23908, "o", "e" ]
[ 30.29190, "o", " " ]
[ 30.34439, "o", "f" ]
[ 30.39703, "o", "i" ]
