{"version":2,"width":100,"height":26,"timestamp":1689575672,"env":{"SHELL":"","TERM":"xterm"}}
[ 0.00000, "o", "" ]
[ 0.14776, "o", "\u001b[19491001\u001b[1;35m> \u001b[20210325\u001b[0m" ]
[ 0.14783, "o", "\u001b[K\u001b[?2004h" ]
[ 0.39309, "o", "#\b# S" ]
[ 0.44468, "o", "t" ]
[ 0.49668, "o", "a" ]
[ 0.54837, "o", "r" ]
[ 0.60056, "o", "t" ]
[ 0.65242, "o", " " ]
[ 0.70549, "o", "t" ]
[ 0.75763, "o", "h" ]
[ 0.81049, "o", "e" ]
[ 0.86276, "o", " " ]
[ 0.91460, "o", "m" ]
[ 0.96700, "o", "o" ]
[ 1.01903, "o", "s" ]
[ 1.07152, "o", "q" ]
[ 1.12391, "o", "u" ]
[ 1.17601, "o", "i" ]
[ 1.22833, "o", "t" ]
[ 1.28023, "o", "t" ]
[ 1.33233, "o", "o" ]
[ 1.38394, "o", " " ]
[ 1.43577, "o", "s" ]
[ 1.48777, "o", "e" ]
[ 1.54034, "o", "r" ]
[ 1.59230, "o", "v" ]
[ 1.64505, "o", "e" ]
[ 1.69764, "o", "r" ]
[ 1.74962, "o", "\u001b[?2004l\r\r\n\u001b[1m\u001b[7m#\u001b[27m\u001b[1m\u001b[0m                                                                                                   \r \r\r\u001b[0m\u001b[27m\u001b[24m\u001b[J\r\n\u001b[19491001\u001b[1;35m> \u001b[20210325\u001b[0m\u001b[K\u001b[?2004h" ]
[ 4.25353, "o", "x" ]
[ 4.30631, "o", "\bx " ]
[ 4.35828, "o", "m" ]
[ 4.41086, "o", "o" ]
[ 4.46283, "o", "s" ]
[ 4.51466, "o", "q" ]
[ 4.56634, "o", "u" ]
[ 4.61837, "o", "i" ]
[ 4.67024, "o", "t" ]
[ 4.72250, "o", "t" ]
[ 4.77493, "o", "o" ]
[ 4.82748, "o", " " ]
[ 4.87974, "o", "-" ]
[ 4.93161, "o", "d" ]
[ 5.18552, "o", "\u001b[?2004l\r\r\n" ]
[ 5.27713, "o", "\u001b[1m\u001b[7m#\u001b[27m\u001b[1m\u001b[0m                                                                                                   \r \r\r\u001b[0m\u001b[27m\u001b[24m\u001b[J\r\n\u001b[19491001\u001b[1;35m> \u001b[20210325\u001b[0m\u001b[K\u001b[?2004h" ]
[ 7.18765, "o", "#\b# " ]
[ 7.18777, "o", "A" ]
[ 7.24064, "o", "d" ]
[ 7.29256, "o", "d" ]
[ 7.34541, "o", " " ]
[ 7.39709, "o", "n" ]
[ 7.44911, "o", "e" ]
[ 7.50080, "o", "w" ]
[ 7.55334, "o", " " ]
[ 7.60600, "o", "u" ]
[ 7.65765, "o", "s" ]
[ 7.71047, "o", "e" ]
[ 7.76218, "o", "r" ]
[ 7.81413, "o", "s" ]
[ 7.86594, "o", " " ]
[ 7.91861, "o", "a" ]
[ 7.97073, "o", "n" ]
[ 8.02320, "o", "d" ]
[ 8.07600, "o", " " ]
[ 8.12888, "o", "p" ]
[ 8.18127, "o", "a" ]
[ 8.23347, "o", "s" ]
[ 8.28547, "o", "s" ]
[ 8.33776, "o", "w" ]
[ 8.38994, "o", "o" ]
[ 8.44176, "o", "r" ]
[ 8.49460, "o", "d" ]
[ 8.54664, "o", "s" ]
[ 8.59849, "o", "\u001b[?2004l\r\r\n" ]
[ 8.59861, "o", "\u001b[1m\u001b[7m#\u001b[27m\u001b[1m\u001b[0m                                                                                                   \r \r\r\u001b[0m\u001b[27m\u001b[24m\u001b[J\r\n\u001b[19491001\u001b[1;35m> \u001b[20210325\u001b[0m\u001b[K\u001b[?2004h" ]
[ 11.10207, "o", "x" ]
[ 11.15428, "o", "\bx " ]
[ 11.20731, "o", "m" ]
[ 11.25966, "o", "o" ]
[ 11.31191, "o", "s" ]
[ 11.36413, "o", "q" ]
[ 11.41643, "o", "u" ]
[ 11.46872, "o", "i" ]
[ 11.52124, "o", "t" ]
[ 11.57367, "o", "t" ]
[ 11.62599, "o", "o" ]
[ 11.67879, "o", "_" ]
[ 11.73060, "o", "p" ]
[ 11.78250, "o", "a" ]
[ 11.83420, "o", "s" ]
[ 11.88607, "o", "s" ]
[ 11.93880, "o", "w" ]
[ 11.99152, "o", "d" ]
[ 12.04375, "o", " " ]
[ 12.09665, "o", "-" ]
[ 12.14840, "o", "c" ]
[ 12.20086, "o", " " ]
[ 12.25289, "o", "-" ]
[ 12.30510, "o", "b" ]
[ 12.35776, "o", " " ]
[ 12.41016, "o", "p" ]
[ 12.46249, "o", "a" ]
[ 12.51467, "o", "s" ]
[ 12.56702, "o", "s" ]
[ 12.61893, "o", "w" ]
[ 12.67104, "o", "o" ]
[ 12.72272, "o", "r" ]
[ 12.77448, "o", "d" ]
[ 12.82708, "o", "_" ]
[ 12.87947, "o", "f" ]
[ 12.93129, "o", "i" ]
[ 12.98329, "o", "l" ]
[ 13.03580, "o", "e" ]
[ 13.08807, "o", " " ]
[ 13.14047, "o", "u" ]
[ 13.19295, "o", "s" ]
[ 13.24504, "o", "e" ]
[ 13.29659, "o", "r" ]
[ 13.34844, "o", "n" ]
[ 13.40017, "o", "a" ]
[ 13.45177, "o", "m" ]
[ 13.50404, "o", "e" ]
[ 13.55653, "o", " " ]
[ 13.60889, "o", "1" ]
[ 13.66055, "o", "2" ]
[ 13.71272, "o", "3" ]
[ 13.76458, "o", "4" ]
[ 13.81710, "o", "5" ]
[ 13.86913, "o", "6" ]
[ 14.92430, "o", "\u001b[?2004l\r\r\n" ]
[ 15.02208, "o", "Adding password for user username\r\n" ]
[ 15.02345, "o", "\u001b[1m\u001b[7m#\u001b[27m\u001b[1m\u001b[0m                                                                                                   \r \r\r\u001b[0m\u001b[27m\u001b[24m\u001b[J\r\n\u001b[19491001\u001b[1;35m> \u001b[20210325\u001b[0m\u001b[K" ]
[ 15.02367, "o", "\u001b[?2004h" ]
[ 16.92713, "o", "#\b# L" ]
[ 16.97884, "o", "a" ]
[ 17.03103, "o", "u" ]
[ 17.08278, "o", "n" ]
[ 17.13486, "o", "c" ]
[ 17.18682, "o", "h" ]
[ 17.23974, "o", "e" ]
[ 17.29261, "o", "s" ]
[ 17.34495, "o", " " ]
[ 17.39711, "o", "a" ]
[ 17.44886, "o", " " ]
[ 17.50091, "o", "t" ]
[ 17.55334, "o", "m" ]
[ 17.60554, "o", "u" ]
[ 17.65784, "o", "x" ]
[ 17.71055, "o", " " ]
[ 17.76286, "o", "w" ]
[ 17.81452, "o", "i" ]
[ 17.86655, "o", "n" ]
[ 17.91846, "o", "d" ]
[ 17.97112, "o", "o" ]
[ 18.02327, "o", "w" ]
[ 18.07611, "o", "\u001b[?2004l\r\r\n\u001b[1m\u001b[7m#\u001b[27m\u001b[1m\u001b[0m                                                                                                   \r \r\r\u001b[0m\u001b[27m\u001b[24m\u001b[J\r\n\u001b[19491001\u001b[1;35m> \u001b[20210325\u001b[0m\u001b[K\u001b[?2004h" ]
[ 19.57968, "o", "x" ]
[ 19.63196, "o", "\bx " ]
[ 19.68388, "o", "t" ]
[ 19.73573, "o", "m" ]
[ 19.78792, "o", "u" ]
[ 19.84034, "o", "x" ]
[ 20.89535, "o", "\u001b[?2004l\r\r\n" ]
[ 20.99292, "o", "\u001b[?1049h\u001b[22;0;0t\u001b[?1h\u001b=\u001b[H\u001b[2J\u001b[?12l\u001b[?25h\u001b[?1000l\u001b[?1002l\u001b[?1003l\u001b[?1006l\u001b[?1005l\u001b(B\u001b[m\u001b[?12l\u001b[?25h\u001b[?1006l\u001b[?1000l\u001b[?1002l\u001b[?1003l\u001b[?2004l\u001b[1;1H\u001b[1;26r\u001b[>c\u001b[>q\u001b[1;1H" ]
[ 20.99315, "o", "\u001b[?25l\u001b[K\r\n\u001b[K\r\n\u001b[K\r\n\u001b[K\r\n\u001b[K\r\n\u001b[K\r\n\u001b[K\r\n\u001b[K\r\n\u001b[K\r\n\u001b[K\r\n\u001b[K\r\n\u001b[K\r\n\u001b[K\r\n\u001b[K\r\n\u001b[K\r\n\u001b[K\r\n\u001b[K\r\n\u001b[K\r\n\u001b[K\r\n\u001b[K\r\n\u001b[K\r\n\u001b[K\r\n\u001b[K\r\n\u001b[K\r\n\u001b[K\u001b[30m\u001b[42m\r\n[0] 0:bash*                                                           \"ab762f1e4323\" 06:34 17-Jul-23\u001b(B\u001b[m\u001b[?12l\u001b[?25h\u001b[1;1H" ]
[ 20.99343, "o", "\u001b(B\u001b[m\u001b[?12l\u001b[?25h\u001b[?1006l\u001b[?1000l\u001b[?1002l\u001b[?1003l\u001b[?2004l\u001b[1;1H\u001b[1;26r\u001b[1;1H" ]
[ 20.99364, "o", "\u001b[?25l\u001b[K\r\n\u001b[K\r\n\u001b[K\r\n\u001b[K\r\n\u001b[K\r\n\u001b[K\r\n\u001b[K\r\n\u001b[K\r\n\u001b[K\r\n\u001b[K\r\n\u001b[K\r\n\u001b[K\r\n\u001b[K\r\n\u001b[K\r\n\u001b[K\r\n\u001b[K\r\n\u001b[K\r\n\u001b[K\r\n\u001b[K\r\n\u001b[K\r\n\u001b[K\r\n\u001b[K\r\n\u001b[K\r\n\u001b[K\r\n\u001b[K\u001b[30m\u001b[42m\r\n[0] 0:bash*                                                           \"ab762f1e4323\" 06:34 17-Jul-23\u001b(B\u001b[m\u001b[?12l\u001b[?25h\u001b[1;1H" ]
[ 20.99507, "o", "\u001b[?7727h" ]
[ 21.04985, "o", "- \u001b[32mI|advise: \u001b[39mDownload bash-completion.tar.xz from gitcode.net x-cmd-build/completion\r\n" ]
[ 22.14943, "o", "[root@ab762f1e4323 test]# \u001b[?2004h" ]
[ 22.90057, "o", "\u001b[?25l\u001b[13;1H───────────────────────────────────────────────────\u001b[32m─────────────────────────────────────────────────\u001b(B\u001b[m\u001b[1;1H- \u001b[32mI|advise: \u001b[39mDownload bash-completion.tar.xz from gitcode.net x-cmd-build/completion\u001b[K\r\n[root@ab762f1e4323 test]# \u001b[K\r\n\u001b[K\r\n\u001b[K\r\n\u001b[K\r\n\u001b[K\r\n\u001b[K\r\n\u001b[K\r\n\u001b[K\r\n\u001b[K\r\n\u001b[K\r\n\u001b[K\u001b[2B\u001b[K\r\n\u001b[K\r\n\u001b[K\r\n\u001b[K\r\n\u001b[K\r\n\u001b[K\r\n\u001b[K\r\n\u001b[K\r\n\u001b[K\r\n\u001b[K\r\n\u001b[K\r\n\u001b[K\u001b[30m\u001b[42m\r\n[0] 0:bash*                                                           \"ab762f1e4323\" 06:34 17-Jul-23\u001b(B\u001b[m\u001b[?12l\u001b[?25h\u001b[14;1H\u001b[?2004l" ]
[ 22.90081, "o", "\u001b[2d[root@ab762f1e4323 test]# \u001b[K\u001b[14;1H" ]
