{"version":2,"width":100,"height":26,"timestamp":1693293885,"env":{"SHELL":"","TERM":"xterm"}}
[ 0.00000, "o", "" ]
[ 0.00367, "o", "\u001b[19491001\u001b[1;35m> \u001b[20210325\u001b[0m" ]
[ 0.48271, "o", "# B" ]
[ 0.53453, "o", "a" ]
[ 0.58672, "o", "s" ]
[ 0.63854, "o", "e" ]
[ 0.69086, "o", "6" ]
[ 0.74313, "o", "4" ]
[ 0.79492, "o", " " ]
[ 0.84743, "o", "d" ]
[ 0.89928, "o", "e" ]
[ 0.95182, "o", "c" ]
[ 1.00423, "o", "o" ]
[ 1.05647, "o", "d" ]
[ 1.10819, "o", "i" ]
[ 1.16038, "o", "n" ]
[ 1.21248, "o", "g" ]
[ 1.26409, "o", "\r\n\u001b[?2004l\r" ]
[ 1.26410, "o", "\u001b[?2004h\r\n\u001b[19491001\u001b[1;35m> \u001b[20210325\u001b[0m" ]
[ 2.76841, "o", "e" ]
[ 2.82062, "o", "c" ]
[ 2.87258, "o", "h" ]
[ 2.92501, "o", "o" ]
[ 2.97678, "o", " " ]
[ 3.02837, "o", "\"" ]
[ 3.08028, "o", "d" ]
[ 3.13268, "o", "3" ]
[ 3.18491, "o", "V" ]
[ 3.23677, "o", "o" ]
[ 3.28944, "o", "c" ]
[ 3.34205, "o", "w" ]
[ 3.39395, "o", "o" ]
[ 3.44600, "o", "=" ]
[ 3.49795, "o", "\"" ]
[ 3.54977, "o", " " ]
[ 3.60166, "o", "|" ]
[ 3.65416, "o", " " ]
[ 3.70576, "o", "x" ]
[ 3.75767, "o", " " ]
[ 3.80945, "o", "o" ]
[ 3.86098, "o", "p" ]
[ 3.91322, "o", "e" ]
[ 3.96585, "o", "n" ]
[ 4.01869, "o", "s" ]
[ 4.07205, "o", "s" ]
[ 4.12469, "o", "l" ]
[ 4.17695, "o", " " ]
[ 4.22913, "o", "b" ]
[ 4.28132, "o", "a" ]
[ 4.33308, "o", "s" ]
[ 4.38519, "o", "e" ]
[ 4.43687, "o", "6" ]
[ 4.48883, "o", "4" ]
[ 4.54109, "o", " " ]
[ 4.59357, "o", "-" ]
[ 4.64540, "o", "d" ]
[ 8.69858, "o", "\r\n\u001b[?2004l\r" ]
[ 9.04146, "o", "wuhs\r\n" ]
[ 9.04330, "o", "\u001b[?2004h\r\n\u001b[19491001\u001b[1;35m> \u001b[20210325\u001b[0m" ]
[ 10.70068, "o", "# M" ]
[ 10.75275, "o", "D" ]
[ 10.80439, "o", "5" ]
[ 10.85640, "o", " " ]
[ 10.90828, "o", "s" ]
[ 10.96062, "o", "u" ]
[ 11.01239, "o", "m" ]
[ 11.06393, "o", "m" ]
[ 11.11578, "o", "a" ]
[ 11.16785, "o", "r" ]
[ 11.21978, "o", "y" ]
[ 11.27151, "o", " " ]
[ 11.32316, "o", "c" ]
[ 11.37490, "o", "a" ]
[ 11.42797, "o", "l" ]
[ 11.47990, "o", "c" ]
[ 11.53212, "o", "u" ]
[ 11.58462, "o", "l" ]
[ 11.63831, "o", "a" ]
[ 11.69064, "o", "t" ]
[ 11.74298, "o", "i" ]
[ 11.79489, "o", "o" ]
[ 11.84685, "o", "n" ]
[ 11.89886, "o", "\r\n\u001b[?2004l\r" ]
[ 11.89888, "o", "\u001b[?2004h\r\n\u001b[19491001\u001b[1;35m> \u001b[20210325\u001b[0m" ]
[ 13.40365, "o", "e" ]
[ 13.45636, "o", "c" ]
[ 13.50818, "o", "h" ]
[ 13.55995, "o", "o" ]
[ 13.61180, "o", " " ]
[ 13.66351, "o", "w" ]
[ 13.71645, "o", "u" ]
[ 13.76843, "o", "h" ]
[ 13.82055, "o", "s" ]
[ 13.87273, "o", " " ]
[ 13.92491, "o", "|" ]
[ 13.97685, "o", " " ]
[ 14.02907, "o", "x" ]
[ 14.08140, "o", " " ]
[ 14.13381, "o", "o" ]
[ 14.18660, "o", "p" ]
[ 14.23878, "o", "e" ]
[ 14.29084, "o", "n" ]
[ 14.34303, "o", "s" ]
[ 14.39548, "o", "s" ]
[ 14.44744, "o", "l" ]
[ 14.49962, "o", " " ]
[ 14.55234, "o", "m" ]
[ 14.60427, "o", "d" ]
[ 14.65633, "o", "5" ]
[ 17.71029, "o", "\r\n\u001b[?2004l\r" ]
[ 18.12390, "o", "MD5(stdin)= 4cdb1fbd6a34ff27dc8c10913fab3e7e\r\n" ]
[ 18.12657, "o", "\u001b[?2004h\r\n\u001b[19491001\u001b[1;35m> \u001b[20210325\u001b[0m" ]
[ 19.71274, "o", "# G" ]
[ 19.76459, "o", "e" ]
[ 19.81796, "o", "n" ]
[ 19.87019, "o", "e" ]
[ 19.92177, "o", "r" ]
[ 19.97365, "o", "a" ]
[ 20.02532, "o", "t" ]
[ 20.07726, "o", "e" ]
[ 20.12894, "o", " " ]
[ 20.18146, "o", "a" ]
[ 20.23418, "o", "n" ]
[ 20.28632, "o", " " ]
[ 20.33959, "o", "R" ]
[ 20.39141, "o", "S" ]
[ 20.44363, "o", "A" ]
[ 20.49564, "o", " " ]
[ 20.54773, "o", "p" ]
[ 20.60146, "o", "r" ]
[ 20.65442, "o", "i" ]
[ 20.70645, "o", "v" ]
[ 20.75871, "o", "a" ]
[ 20.81090, "o", "t" ]
[ 20.86255, "o", "e" ]
[ 20.91455, "o", " " ]
[ 20.96750, "o", "k" ]
[ 21.02026, "o", "e" ]
[ 21.07267, "o", "y" ]
[ 21.12486, "o", " " ]
[ 21.17697, "o", "e" ]
[ 21.22875, "o", "n" ]
[ 21.28062, "o", "c" ]
[ 21.33399, "o", "r" ]
[ 21.38670, "o", "y" ]
[ 21.43845, "o", "p" ]
[ 21.49054, "o", "t" ]
[ 21.54237, "o", "e" ]
[ 21.59461, "o", "d" ]
[ 21.64643, "o", " " ]
[ 21.69879, "o", "w" ]
[ 21.75070, "o", "i" ]
[ 21.80343, "o", "t" ]
[ 21.85538, "o", "h" ]
[ 21.90706, "o", " " ]
[ 21.95896, "o", "a" ]
[ 22.01078, "o", "e" ]
[ 22.06247, "o", "s" ]
[ 22.11443, "o", "2" ]
[ 22.16728, "o", "5" ]
[ 22.21995, "o", "6" ]
[ 22.27239, "o", " " ]
[ 22.32427, "o", "a" ]
[ 22.37674, "o", "n" ]
[ 22.42937, "o", "d" ]
[ 22.48176, "o", " " ]
[ 22.53562, "o", "u" ]
[ 22.58860, "o", "s" ]
[ 22.64035, "o", "e" ]
[ 22.69244, "o", " " ]
[ 22.74418, "o", "p" ]
[ 22.79655, "o", "a" ]
[ 22.84935, "o", "s" ]
[ 22.90256, "o", "s" ]
[ 22.95476, "o", "o" ]
[ 23.00655, "o", "u" ]
[ 23.05834, "o", "t \r" ]
[ 23.11046, "o", " " ]
[ 23.16282, "o", "i" ]
[ 23.21517, "o", "n" ]
[ 23.26775, "o", "s" ]
[ 23.31962, "o", "t" ]
[ 23.37143, "o", "e" ]
[ 23.42325, "o", "a" ]
[ 23.47493, "o", "d" ]
[ 23.52699, "o", " " ]
[ 23.57867, "o", "o" ]
[ 23.63086, "o", "f" ]
[ 23.68270, "o", " " ]
[ 23.73484, "o", "t" ]
[ 23.78645, "o", "h" ]
[ 23.83819, "o", "e" ]
[ 23.88988, "o", " " ]
[ 23.94161, "o", "s" ]
[ 23.99404, "o", "h" ]
[ 24.04561, "o", "e" ]
[ 24.09776, "o", "l" ]
[ 24.15225, "o", "l" ]
[ 24.21180, "o", " " ]
[ 24.26430, "o", "f" ]
[ 24.31638, "o", "o" ]
[ 24.36818, "o", "r" ]
[ 24.42043, "o", " " ]
[ 24.47267, "o", "p" ]
[ 24.52451, "o", "a" ]
[ 24.57703, "o", "s" ]
[ 24.62873, "o", "s" ]
[ 24.68100, "o", "w" ]
[ 24.73383, "o", "o" ]
[ 24.78581, "o", "r" ]
[ 24.83770, "o", "d" ]
[ 24.88987, "o", " " ]
[ 24.94191, "o", "e" ]
[ 24.99350, "o", "n" ]
[ 25.04548, "o", "t" ]
[ 25.09738, "o", "r" ]
[ 25.15127, "o", "y" ]
[ 25.20311, "o", "\r\n\u001b[?2004l\r\u001b[?2004h\r\n" ]
[ 25.20315, "o", "\u001b[19491001\u001b[1;35m> \u001b[20210325\u001b[0m" ]
[ 26.70686, "o", "x" ]
[ 26.75833, "o", " " ]
[ 26.81055, "o", "o" ]
[ 26.86215, "o", "p" ]
[ 26.91455, "o", "e" ]
[ 26.96634, "o", "n" ]
[ 27.01793, "o", "s" ]
[ 27.06963, "o", "s" ]
[ 27.12119, "o", "l" ]
[ 27.17292, "o", " " ]
[ 27.22446, "o", "g" ]
[ 27.27633, "o", "e" ]
[ 27.32811, "o", "n" ]
[ 27.38006, "o", "r" ]
[ 27.43206, "o", "s" ]
[ 27.48377, "o", "a" ]
[ 27.53560, "o", " " ]
[ 27.58729, "o", "-" ]
[ 27.63929, "o", "a" ]
[ 27.69101, "o", "e" ]
[ 27.74305, "o", "s" ]
[ 27.79490, "o", "2" ]
[ 27.84737, "o", "5" ]
[ 27.90106, "o", "6" ]
[ 27.95280, "o", " " ]
[ 28.00466, "o", "-" ]
[ 28.05634, "o", "p" ]
[ 28.10884, "o", "a" ]
[ 28.16047, "o", "s" ]
[ 28.21263, "o", "s" ]
[ 28.26479, "o", "o" ]
[ 28.31643, "o", "u" ]
[ 28.36821, "o", "t" ]
[ 28.42039, "o", " " ]
[ 28.47287, "o", "p" ]
[ 28.52464, "o", "a" ]
[ 28.57716, "o", "s" ]
[ 28.62924, "o", "s" ]
[ 28.68189, "o", ":" ]
[ 28.73376, "o", "1" ]
[ 28.78532, "o", "1" ]
[ 28.83755, "o", "1" ]
[ 28.88947, "o", "1" ]
[ 28.94159, "o", "1" ]
[ 28.99343, "o", "1" ]
[ 29.04503, "o", " " ]
[ 29.09715, "o", "-" ]
[ 29.14947, "o", "o" ]
[ 29.20131, "o", "u" ]
[ 29.25298, "o", "t" ]
[ 29.30490, "o", " " ]
[ 29.35740, "o", "r" ]
[ 29.40947, "o", "s" ]
[ 29.46173, "o", "a" ]
[ 29.51439, "o", "_" ]
[ 29.56618, "o", "p" ]
[ 29.61803, "o", "r" ]
[ 29.67001, "o", "i" ]
[ 29.72171, "o", "v" ]
[ 29.77366, "o", "a" ]
[ 29.82581, "o", "t" ]
[ 29.87747, "o", "e" ]
[ 29.92925, "o", "." ]
[ 29.98138, "o", "k" ]
[ 30.03375, "o", "e" ]
[ 30.08601, "o", "y" ]
[ 35.13944, "o", "\r\n\u001b[?2004l\r" ]
[ 36.13197, "o", "\u001b[?2004h\r\n\u001b[19491001\u001b[1;35m> \u001b[20210325\u001b[0m" ]
[ 37.14169, "o", "# G" ]
[ 37.19401, "o", "e" ]
[ 37.24588, "o", "n" ]
[ 37.29767, "o", "e" ]
[ 37.34934, "o", "r" ]
[ 37.40162, "o", "a" ]
[ 37.45395, "o", "t" ]
[ 37.50560, "o", "e" ]
[ 37.55805, "o", " " ]
[ 37.60981, "o", "a" ]
[ 37.66189, "o", " " ]
[ 37.71413, "o", "p" ]
[ 37.76583, "o", "u" ]
[ 37.81754, "o", "b" ]
[ 37.86942, "o", "l" ]
[ 37.92159, "o", "i" ]
[ 37.97326, "o", "c" ]
[ 38.02499, "o", " " ]
[ 38.07651, "o", "k" ]
[ 38.12861, "o", "e" ]
[ 38.18049, "o", "y" ]
[ 38.23207, "o", " " ]
[ 38.28398, "o", "f" ]
[ 38.33552, "o", "r" ]
[ 38.38791, "o", "o" ]
[ 38.44011, "o", "m" ]
[ 38.49248, "o", " " ]
[ 38.54425, "o", "t" ]
[ 38.59618, "o", "h" ]
[ 38.64825, "o", "e" ]
[ 38.69998, "o", " " ]
