{"version":2,"width":100,"height":26,"timestamp":1693293948,"env":{"SHELL":"","TERM":"xterm"}}
[ 0.00000, "o", "" ]
[ 0.02117, "o", "\u001b[19491001\u001b[1;35m> \u001b[20210325\u001b[0m\u001b[K\u001b[?2004h" ]
[ 0.38319, "o", "#\b# " ]
[ 0.38336, "o", "S" ]
[ 0.43513, "o", "t" ]
[ 0.48682, "o", "a" ]
[ 0.53912, "o", "r" ]
[ 0.59105, "o", "t" ]
[ 0.64370, "o", " " ]
[ 0.69670, "o", "o" ]
[ 0.74866, "o", "s" ]
[ 0.80057, "o", "q" ]
[ 0.85302, "o", "u" ]
[ 0.90485, "o", "e" ]
[ 0.95716, "o", "r" ]
[ 1.00911, "o", "y" ]
[ 1.06115, "o", "'" ]
[ 1.11356, "o", "s" ]
[ 1.16549, "o", " " ]
[ 1.21742, "o", "i" ]
[ 1.26948, "o", "n" ]
[ 1.32133, "o", "t" ]
[ 1.37323, "o", "e" ]
[ 1.42532, "o", "r" ]
[ 1.47748, "o", "a" ]
[ 1.53032, "o", "c" ]
[ 1.58261, "o", "t" ]
[ 1.63414, "o", "i" ]
[ 1.68631, "o", "v" ]
[ 1.73825, "o", "e" ]
[ 1.78995, "o", " " ]
[ 1.84217, "o", "U" ]
[ 1.89408, "o", "I" ]
[ 1.94617, "o", "\u001b[?2004l\r\r\n\u001b[1m\u001b[7m#\u001b[27m\u001b[1m\u001b[0m                                                                                                   \r \r\r\u001b[0m\u001b[27m\u001b[24m\u001b[J\r\n\u001b[19491001\u001b[1;35m> \u001b[20210325\u001b[0m\u001b[K\u001b[?2004h" ]
[ 3.44977, "o", "x" ]
[ 3.50187, "o", "\bx " ]
[ 3.55377, "o", "o" ]
[ 3.60581, "o", "s" ]
[ 3.65749, "o", "q" ]
[ 3.70948, "o", "u" ]
[ 3.76143, "o", "e" ]
[ 3.81384, "o", "r" ]
[ 3.86585, "o", "y" ]
[ 3.91766, "o", "i" ]
[ 6.97097, "o", "\u001b[?2004l\r\r\n" ]
[ 7.97297, "o", "." ]
[ 8.02534, "o", "t" ]
[ 8.07800, "o", "a" ]
[ 8.13036, "o", "b" ]
[ 8.18276, "o", "l" ]
[ 8.23655, "o", "e" ]
[ 8.28870, "o", "s" ]
[ 8.34078, "o", " " ]
[ 8.39526, "o", "u" ]
[ 8.44755, "o", "s" ]
[ 8.50189, "o", "e" ]
[ 8.55417, "o", "r" ]
[ 11.60832, "o", "\r\n" ]
[ 13.50856, "o", "- \u001b[32mI\u001b[0m\u001b[32m|pkg: \u001b[0mRunning /root/.x-cmd.root/local/data/pkg/raw/security/osquery/.x-cmd/populate.sh\u001b[0m\r\n" ]
[ 13.93204, "o", "Using a \u001b[1mvirtual database\u001b[0m. Need help, type '.help'\r\nosquery> " ]
[ 13.93219, "o", ".tables user\u001b[10G\u001b[J.tables user\u001b[22G" ]
[ 13.93238, "o", "\r\n  => user_events\r\n  => user_groups\r\n  => user_ssh_keys\r\n" ]
[ 13.93243, "o", "  => users\r\nosquery> " ]
[ 14.61308, "o", "." ]
[ 14.66498, "o", "s" ]
[ 14.71672, "o", "c" ]
[ 14.76895, "o", "h" ]
[ 14.82120, "o", "e" ]
[ 14.87310, "o", "m" ]
[ 14.92583, "o", "a" ]
[ 14.97760, "o", " " ]
[ 15.03015, "o", "u" ]
[ 15.08196, "o", "s" ]
[ 15.13390, "o", "e" ]
[ 15.18596, "o", "r" ]
[ 15.23766, "o", "s" ]
[ 18.29250, "o", "\u001b[10G\u001b[J.schema users\u001b[23G" ]
[ 18.29285, "o", "\r\n" ]
[ 18.29301, "o", "CREATE TABLE users(`uid` BIGINT, `gid` BIGINT, `uid_signed` BIGINT, `gid_signed` BIGINT, `username` TEXT, `description` TEXT, `directory` TEXT, `shell` TEXT, `uuid` TEXT, `type` TEXT HIDDEN, `is_hidden` INTEGER HIDDEN, `pid_with_namespace` INTEGER HIDDEN, PRIMARY KEY (`uid`, `username`, `uuid`, `pid_with_namespace`)) WITHOUT ROWID;\r\nosquery> " ]
[ 21.29792, "o", "P" ]
[ 21.35105, "o", "R" ]
[ 21.40332, "o", "A" ]
[ 21.45548, "o", "G" ]
[ 21.50795, "o", "M" ]
[ 21.56319, "o", "A" ]
[ 21.61563, "o", " " ]
[ 21.66790, "o", "t" ]
[ 21.71978, "o", "a" ]
[ 21.77218, "o", "b" ]
[ 21.82490, "o", "l" ]
[ 21.87706, "o", "e" ]
[ 21.92978, "o", "_" ]
[ 21.98228, "o", "i" ]
[ 22.03499, "o", "n" ]
[ 22.08691, "o", "f" ]
[ 22.13958, "o", "o" ]
[ 22.19199, "o", "(" ]
[ 22.24412, "o", "u" ]
[ 22.29661, "o", "s" ]
[ 22.34850, "o", "e" ]
[ 22.40045, "o", "r" ]
[ 22.45240, "o", "s" ]
[ 22.50437, "o", ")" ]
[ 22.55635, "o", ";" ]
[ 25.61107, "o", "\u001b[10G\u001b[JPRAGMA table_info(users);\u001b[35G\r\n" ]
[ 25.61152, "o", "+-----+-------------+--------+---------+------------+----+\r\n| cid | name        | type   | notnull | dflt_value | pk |\r\n+-----+-------------+--------+---------+------------+----+\r\n| 0   | uid         | BIGINT | 1       |            | 1  |\r\n| 1   | gid         | BIGINT | 0       |            | 0  |\r\n| 2   | uid_signed  | BIGINT | 0       |            | 0  |\r\n| 3   | gid_signed  | BIGINT | 0       |            | 0  |\r\n| 4   | username    | TEXT   | 1       |            | 2  |\r\n| 5   | description | TEXT   | 0       |            | 0  |\r\n| 6   | directory   | TEXT   | 0       |            | 0  |\r\n" ]
[ 25.61165, "o", "| 7   | shell       | TEXT   | 0       |            | 0  |\r\n| 8   | uuid        | TEXT   | 1       |            | 3  |\r\n+-----+-------------+--------+---------+------------+----+\r\nosquery> " ]
[ 28.61610, "o", "S" ]
[ 28.66809, "o", "E" ]
[ 28.72001, "o", "L" ]
[ 28.77236, "o", "E" ]
[ 28.82476, "o", "C" ]
[ 28.87710, "o", "T" ]
[ 28.92915, "o", " " ]
[ 28.98111, "o", "p" ]
[ 29.03349, "o", "i" ]
[ 29.08593, "o", "d" ]
[ 29.13821, "o", "," ]
[ 29.19036, "o", " " ]
[ 29.24281, "o", "n" ]
[ 29.29490, "o", "a" ]
[ 29.34759, "o", "m" ]
[ 29.40073, "o", "e" ]
[ 29.45324, "o", "," ]
[ 29.50597, "o", " " ]
[ 29.55889, "o", "p" ]
[ 29.61176, "o", "a" ]
[ 29.66370, "o", "t" ]
[ 29.71566, "o", "h" ]
[ 29.76779, "o", " " ]
[ 29.82020, "o", "F" ]
[ 29.87285, "o", "R" ]
[ 29.92576, "o", "O" ]
[ 29.97855, "o", "M" ]
[ 30.03076, "o", " " ]
[ 30.08318, "o", "p" ]
[ 30.13539, "o", "r" ]
[ 30.18774, "o", "o" ]
[ 30.24086, "o", "c" ]
[ 30.29401, "o", "e" ]
[ 30.34685, "o", "s" ]
[ 30.39926, "o", "s" ]
[ 30.45177, "o", "e" ]
[ 30.50461, "o", "s" ]
[ 30.55686, "o", " " ]
[ 30.60922, "o", "L" ]
[ 30.66178, "o", "I" ]
[ 30.71382, "o", "M" ]
[ 30.76657, "o", "I" ]
[ 30.81853, "o", "T" ]
[ 30.87123, "o", " " ]
[ 30.92452, "o", "1" ]
[ 30.97717, "o", ";" ]
[ 35.03133, "o", "\u001b[10G\u001b[JSELECT pid, name, path FROM processes LIMIT 1;\u001b[56G\r\n" ]
[ 35.03864, "o", "+-----+------+---------------+\r\n| pid | name | path          |\r\n+-----+------+---------------+\r\n| 1   | bash | /usr/bin/bash |\r\n+-----+------+---------------+\r\nosquery> " ]
[ 37.03349, "o", "." ]
[ 37.08548, "o", "m" ]
[ 37.13875, "o", "o" ]
[ 37.19264, "o", "d" ]
[ 37.24551, "o", "e" ]
[ 37.29834, "o", " " ]
[ 37.35064, "o", "l" ]
[ 37.40343, "o", "i" ]
[ 37.45651, "o", "n" ]
[ 37.50919, "o", "e" ]
[ 40.56533, "o", "\u001b[10G\u001b[J.mode line\u001b[20G\r\nosquery> " ]
[ 42.56771, "o", "S" ]
[ 42.61981, "o", "E" ]
[ 42.67221, "o", "L" ]
[ 42.72441, "o", "E" ]
[ 42.77607, "o", "C" ]
[ 42.82836, "o", "T" ]
[ 42.88018, "o", " " ]
[ 42.93283, "o", "p" ]
[ 42.98480, "o", "i" ]
[ 43.03837, "o", "d" ]
[ 43.09092, "o", "," ]
[ 43.14308, "o", " " ]
[ 43.19511, "o", "n" ]
[ 43.24727, "o", "a" ]
[ 43.29928, "o", "m" ]
[ 43.35124, "o", "e" ]
[ 43.40470, "o", "," ]
[ 43.45751, "o", " " ]
[ 43.50948, "o", "p" ]
[ 43.56161, "o", "a" ]
[ 43.61395, "o", "t" ]
[ 43.66597, "o", "h" ]
[ 43.71766, "o", " " ]
[ 43.77072, "o", "F" ]
[ 43.82251, "o", "R" ]
[ 43.87461, "o", "O" ]
[ 43.92706, "o", "M" ]
[ 43.98063, "o", " " ]
[ 44.03233, "o", "p" ]
[ 44.08445, "o", "r" ]
[ 44.13674, "o", "o" ]
[ 44.18855, "o", "c" ]
[ 44.24051, "o", "e" ]
[ 44.29242, "o", "s" ]
[ 44.34500, "o", "s" ]
[ 44.39698, "o", "e" ]
[ 44.44903, "o", "s" ]
[ 44.50087, "o", " " ]
[ 44.55394, "o", "L" ]
[ 44.60669, "o", "I" ]
[ 44.65872, "o", "M" ]
[ 44.71141, "o", "I" ]
[ 44.76335, "o", "T" ]
[ 44.81567, "o", " " ]
[ 44.86805, "o", "1" ]
[ 44.92206, "o", ";" ]
[ 48.97726, "o", "\u001b[10G\u001b[JSELECT pid, name, path FROM processes LIMIT 1;\u001b[56G\r\n" ]
[ 48.98186, "o", "  pid = 1\r\n name = bash\r\n path = /usr/bin/bash\r\nosquery> " ]
[ 50.97947, "o", "." ]
[ 51.03120, "o", "q" ]
[ 51.08358, "o", "u" ]
[ 51.13542, "o", "i" ]
[ 51.18774, "o", "t" ]
[ 53.24203, "o", "\u001b[10G\u001b[J.quit\u001b[15G\r\n" ]
[ 53.44466, "o", "\u001b[1m\u001b[7m#\u001b[27m\u001b[1m\u001b[0m                                                                                                   \r \r\r\u001b[0m\u001b[27m\u001b[24m\u001b[J\r\n\u001b[19491001\u001b[1;35m> \u001b[20210325\u001b[0m\u001b[K\u001b[?2004h" ]
[ 54.24405, "o", "#\b# " ]
[ 54.24420, "o", "Q" ]
[ 54.29598, "o", "u" ]
[ 54.34822, "o", "e" ]
[ 54.40063, "o", "r" ]
