{"version":2,"width":100,"height":26,"timestamp":1693291425,"env":{"SHELL":"","TERM":"xterm"}}
[ 0.00000, "o", "" ]
[ 0.02250, "o", "\u001b[19491001\u001b[1;35m> \u001b[20210325\u001b[0m\u001b[K" ]
[ 0.02267, "o", "\u001b[?2004h" ]
[ 0.37899, "o", "#\b# " ]
[ 0.37912, "o", "P" ]
[ 0.43101, "o", "r" ]
[ 0.48314, "o", "i" ]
[ 0.53497, "o", "n" ]
[ 0.58738, "o", "t" ]
[ 0.63909, "o", " " ]
[ 0.69103, "o", "f" ]
[ 0.74285, "o", "i" ]
[ 0.79486, "o", "l" ]
[ 0.84715, "o", "e" ]
[ 0.89956, "o", " " ]
[ 0.95187, "o", "c" ]
[ 1.00370, "o", "o" ]
[ 1.05589, "o", "n" ]
[ 1.10774, "o", "t" ]
[ 1.15959, "o", "e" ]
[ 1.21154, "o", "n" ]
[ 1.26349, "o", "t" ]
[ 1.31553, "o", "\u001b[?2004l\r\r\n" ]
[ 1.31569, "o", "\u001b[1m\u001b[7m#\u001b[27m\u001b[1m\u001b[0m                                                                                                   \r \r\r\u001b[0m\u001b[27m\u001b[24m\u001b[J\r\n\u001b[19491001\u001b[1;35m> \u001b[20210325\u001b[0m\u001b[K\u001b[?2004h" ]
[ 2.81929, "o", "x" ]
[ 2.87162, "o", "\bx " ]
[ 2.92380, "o", "p" ]
[ 2.97597, "o", "e" ]
[ 3.02768, "o", "r" ]
[ 3.07993, "o", "l" ]
[ 3.13180, "o", " " ]
[ 3.18418, "o", "-" ]
[ 3.23702, "o", "p" ]
[ 3.28938, "o", "e" ]
[ 3.34178, "o", " " ]
[ 3.39349, "o", "'" ]
[ 3.44572, "o", "p" ]
[ 3.49744, "o", "r" ]
[ 3.54995, "o", "i" ]
[ 3.60215, "o", "n" ]
[ 3.65428, "o", "t" ]
[ 3.70638, "o", " " ]
[ 3.75855, "o", "i" ]
[ 3.81059, "o", "f" ]
[ 3.86262, "o", " " ]
[ 3.91470, "o", "/" ]
[ 3.96688, "o", "p" ]
[ 4.01917, "o", "a" ]
[ 4.07112, "o", "t" ]
[ 4.12356, "o", "t" ]
[ 4.17558, "o", "e" ]
[ 4.22758, "o", "r" ]
[ 4.27960, "o", "n" ]
[ 4.33152, "o", "/" ]
[ 4.38356, "o", "'" ]
[ 4.43687, "o", " " ]
[ 4.48807, "o", "." ]
[ 4.54016, "o", "/" ]
[ 4.59224, "o", "p" ]
[ 4.64457, "o", "e" ]
[ 4.69642, "o", "r" ]
[ 4.74874, "o", "l" ]
[ 4.80084, "o", "." ]
[ 4.85333, "o", "m" ]
[ 4.90560, "o", "d" ]
[ 7.96142, "o", "\u001b[?2004l\r\r\n" ]
[ 8.06885, "o", "# Perl\r\n\r\n1. Perl is a general high-level programming language. It is an interpretive language, which can be used in many fields such as Web development, system management, network programming, data analysis and scientific computing.\r\n2. Perl's syntax is flexible and easy to read and write. It supports object-oriented, functional and procedural programming styles, and has powerful regular expression functions.\r\n\r\nprint \"Hello, x-cmd\";\r\nprint \"Hello, x-cmd\";\r\nprint \"Hello, x-cmd\";\r\n\r\n" ]
[ 8.06987, "o", "\u001b[1m\u001b[7m#\u001b[27m\u001b[1m\u001b[0m                                                                                                   \r \r\r\u001b[0m\u001b[27m\u001b[24m\u001b[J\r\n\u001b[19491001\u001b[1;35m> \u001b[20210325\u001b[0m\u001b[K\u001b[?2004h" ]
[ 9.96343, "o", "#\b# F" ]
[ 10.01516, "o", "i" ]
[ 10.06712, "o", "n" ]
[ 10.11879, "o", "d" ]
[ 10.17108, "o", " " ]
[ 10.22282, "o", "d" ]
[ 10.27538, "o", "u" ]
[ 10.32718, "o", "p" ]
[ 10.37894, "o", "l" ]
[ 10.43113, "o", "i" ]
[ 10.48301, "o", "c" ]
[ 10.53489, "o", "a" ]
[ 10.58656, "o", "t" ]
[ 10.63850, "o", "e" ]
[ 10.69023, "o", " " ]
[ 10.74218, "o", "l" ]
[ 10.79420, "o", "i" ]
[ 10.84627, "o", "n" ]
[ 10.89828, "o", "e" ]
[ 10.95015, "o", "s" ]
[ 11.00192, "o", " " ]
[ 11.05406, "o", "i" ]
[ 11.10592, "o", "n" ]
[ 11.15794, "o", " " ]
[ 11.20957, "o", "t" ]
[ 11.26161, "o", "h" ]
[ 11.31331, "o", "e" ]
[ 11.36513, "o", " " ]
[ 11.41685, "o", "f" ]
[ 11.46865, "o", "i" ]
[ 11.52075, "o", "l" ]
[ 11.57309, "o", "e" ]
[ 11.62496, "o", "\u001b[?2004l\r" ]
[ 11.62515, "o", "\r\n\u001b[1m\u001b[7m#\u001b[27m\u001b[1m\u001b[0m                                                                                                   \r \r\r\u001b[0m\u001b[27m\u001b[24m\u001b[J\r\n\u001b[19491001\u001b[1;35m> \u001b[20210325\u001b[0m\u001b[K" ]
[ 11.62529, "o", "\u001b[?2004h" ]
[ 13.12889, "o", "x" ]
[ 13.18121, "o", "\bx " ]
[ 13.23367, "o", "p" ]
[ 13.28543, "o", "e" ]
[ 13.33760, "o", "r" ]
[ 13.38983, "o", "l" ]
[ 13.44199, "o", " " ]
[ 13.49412, "o", "-" ]
[ 13.54601, "o", "n" ]
[ 13.59811, "o", "e" ]
[ 13.64988, "o", " " ]
[ 13.70163, "o", "'" ]
[ 13.75361, "o", "p" ]
[ 13.80606, "o", "r" ]
[ 13.85778, "o", "i" ]
[ 13.90952, "o", "n" ]
[ 13.96131, "o", "t" ]
[ 14.01304, "o", " " ]
[ 14.06543, "o", "i" ]
[ 14.11740, "o", "f" ]
[ 14.16980, "o", " " ]
[ 14.22166, "o", "$" ]
[ 14.27335, "o", "s" ]
[ 14.32521, "o", "e" ]
[ 14.37706, "o", "e" ]
[ 14.42920, "o", "n" ]
[ 14.48103, "o", "{" ]
[ 14.53302, "o", "$" ]
[ 14.58474, "o", "_" ]
[ 14.63705, "o", "}" ]
[ 14.68891, "o", "+" ]
[ 14.74118, "o", "+" ]
[ 14.79295, "o", "'" ]
[ 14.84474, "o", " " ]
[ 14.89691, "o", "." ]
[ 14.94883, "o", "/" ]
[ 15.00136, "o", "p" ]
[ 15.05409, "o", "e" ]
[ 15.10656, "o", "r" ]
[ 15.15863, "o", "l" ]
[ 15.21087, "o", "." ]
[ 15.26289, "o", "m" ]
[ 15.31535, "o", "d" ]
[ 18.37054, "o", "\u001b[?2004l\r\r\n" ]
[ 18.37326, "o", "\r\nprint \"Hello, x-cmd\";\r\nprint \"Hello, x-cmd\";\r\n" ]
[ 18.37333, "o", "\r\n" ]
[ 18.37408, "o", "\u001b[1m\u001b[7m#\u001b[27m\u001b[1m\u001b[0m                                                                                                   \r \r\r\u001b[0m\u001b[27m\u001b[24m\u001b[J\r\n\u001b[19491001\u001b[1;35m> \u001b[20210325\u001b[0m\u001b[K" ]
[ 18.37423, "o", "\u001b[?2004h" ]
[ 20.37291, "o", "#\b# " ]
[ 20.37308, "o", "C" ]
[ 20.42470, "o", "o" ]
[ 20.47669, "o", "u" ]
[ 20.52830, "o", "n" ]
[ 20.58048, "o", "t" ]
[ 20.63263, "o", " " ]
[ 20.68456, "o", "t" ]
[ 20.73626, "o", "h" ]
[ 20.78802, "o", "e" ]
[ 20.84007, "o", " " ]
[ 20.89185, "o", "n" ]
[ 20.94360, "o", "u" ]
[ 20.99567, "o", "m" ]
[ 21.04805, "o", "b" ]
[ 21.10022, "o", "e" ]
[ 21.15235, "o", "r" ]
[ 21.20422, "o", " " ]
[ 21.25656, "o", "o" ]
[ 21.30842, "o", "f" ]
[ 21.36023, "o", " " ]
[ 21.41203, "o", "w" ]
[ 21.46411, "o", "o" ]
[ 21.51632, "o", "r" ]
[ 21.56889, "o", "d" ]
[ 21.62129, "o", "s" ]
[ 21.67310, "o", " " ]
[ 21.72567, "o", "i" ]
[ 21.77785, "o", "n" ]
[ 21.83077, "o", " " ]
[ 21.88319, "o", "t" ]
[ 21.93499, "o", "h" ]
[ 21.98748, "o", "e" ]
[ 22.03913, "o", " " ]
[ 22.09147, "o", "f" ]
[ 22.14328, "o", "i" ]
[ 22.19572, "o", "l" ]
[ 22.24752, "o", "e" ]
[ 22.29947, "o", "\u001b[?2004l\r\r\n" ]
[ 22.30017, "o", "\u001b[1m\u001b[7m#\u001b[27m\u001b[1m\u001b[0m                                                                                                   \r \r\r\u001b[0m\u001b[27m\u001b[24m\u001b[J\r\n\u001b[19491001\u001b[1;35m> \u001b[20210325\u001b[0m\u001b[K\u001b[?2004h" ]
[ 23.80367, "o", "x" ]
[ 23.85585, "o", "\bx " ]
[ 23.90766, "o", "p" ]
[ 23.95990, "o", "e" ]
[ 24.01188, "o", "r" ]
[ 24.06454, "o", "l" ]
[ 24.11647, "o", " " ]
[ 24.16867, "o", "-" ]
[ 24.22079, "o", "l" ]
[ 24.27269, "o", "n" ]
[ 24.32477, "o", "e" ]
[ 24.37718, "o", " " ]
[ 24.42961, "o", "\\" ]
[ 24.48207, "o", "\u001b[?2004l\r\r\n\r\u001b[0m\u001b[27m\u001b[24m\u001b[J> \u001b[K\u001b[?2004h" ]
[ 24.53374, "o", "'" ]
[ 24.58613, "o", "\b'$" ]
[ 24.63783, "o", "c" ]
[ 24.69011, "o", "o" ]
[ 24.74216, "o", "u" ]
[ 24.79397, "o", "n" ]
[ 24.84578, "o", "t" ]
[ 24.89744, "o", "{" ]
[ 24.94987, "o", "$" ]
[ 25.00149, "o", "_" ]
[ 25.05337, "o", "}" ]
[ 25.10511, "o", "+" ]
[ 25.15727, "o", "+" ]
[ 25.20918, "o", " " ]
[ 25.26093, "o", "f" ]
[ 25.31286, "o", "o" ]
[ 25.36519, "o", "r" ]
[ 25.41711, "o", " " ]
[ 25.46887, "o", "/" ]
[ 25.52085, "o", "\\" ]
[ 25.57316, "o", "b" ]
[ 25.62532, "o", "(" ]
[ 25.67724, "o", "\\" ]
[ 25.72896, "o", "w" ]
[ 25.78074, "o", "+" ]
[ 25.83235, "o", ")" ]
[ 25.88456, "o", "\\" ]
[ 25.93641, "o", "b" ]
[ 25.98898, "o", "/" ]
[ 26.04082, "o", "g" ]
[ 26.09315, "o", ";" ]
[ 26.14494, "o", " " ]
[ 26.19663, "o", "E" ]
[ 26.24892, "o", "N" ]
[ 26.30064, "o", "D" ]
[ 26.35266, "o", " " ]
[ 26.40523, "o", "{" ]
[ 26.45716, "o", " " ]
[ 26.50912, "o", "p" ]
[ 26.56097, "o", "r" ]
[ 26.61358, "o", "i" ]
[ 26.66536, "o", "n" ]
[ 26.71718, "o", "t" ]
[ 26.76909, "o", " " ]
[ 26.82131, "o", "\"" ]
[ 26.87349, "o", "$" ]
[ 26.92593, "o", "_" ]
