{"version":2,"width":100,"height":26,"timestamp":1688109976,"env":{"SHELL":"/bin/bash","TERM":"xterm-256color"}}
[ 0.00000, "o", "" ]
[ 1.15549, "o", "\u001b[19491001\u001b[1;35m> \u001b[20210325\u001b[0m" ]
[ 1.49557, "o", "#" ]
[ 1.54670, "o", " " ]
[ 1.59869, "o", "E" ]
[ 1.65073, "o", "n" ]
[ 1.70228, "o", "t" ]
[ 1.75413, "o", "e" ]
[ 1.80558, "o", "r" ]
[ 1.85711, "o", " " ]
[ 1.90852, "o", "i" ]
[ 1.96037, "o", "n" ]
[ 2.01214, "o", "t" ]
[ 2.06409, "o", "e" ]
[ 2.11609, "o", "r" ]
[ 2.16735, "o", "a" ]
[ 2.21934, "o", "c" ]
[ 2.27090, "o", "t" ]
[ 2.32276, "o", "i" ]
[ 2.37432, "o", "v" ]
[ 2.42574, "o", "e" ]
[ 2.47776, "o", " " ]
[ 2.53001, "o", "c" ]
[ 2.58178, "o", "o" ]
[ 2.63343, "o", "m" ]
[ 2.68526, "o", "m" ]
[ 2.73673, "o", "a" ]
[ 2.78868, "o", "n" ]
[ 2.84026, "o", "d" ]
[ 2.89174, "o", " " ]
[ 2.94337, "o", "l" ]
[ 2.99499, "o", "i" ]
[ 3.04676, "o", "n" ]
[ 3.09810, "o", "e" ]
[ 3.15033, "o", " " ]
[ 3.40336, "o", "\r\n\u001b[?2004l\r" ]
[ 3.40338, "o", "\u001b]0;lxb@LAPTOP-983RA9LH:~/x-cmd/pkg_cmd/1min/content/lang/python/test\u0007\u001b[?2004h\r\n\u001b[19491001\u001b[1;35m> \u001b[20210325\u001b[0m" ]
[ 4.40535, "o", "x" ]
[ 4.45679, "o", " " ]
[ 4.50809, "o", "p" ]
[ 4.56028, "o", "y" ]
[ 4.61184, "o", "t" ]
[ 4.66369, "o", "h" ]
[ 4.71575, "o", "o" ]
[ 4.76744, "o", "n" ]
[ 5.02121, "o", "\r\n\u001b[?2004l\r" ]
[ 5.04710, "o", "Python 3.9.16 (feeb267ead3e6771d3f2f49b83e1894839f64fb7, Dec 29 2022, 14:23:21)\r\n[PyPy 7.3.11 with GCC 10.2.1 20210130 (Red Hat 10.2.1-11)] on linux\r\nType \"help\", \"copyright\", \"credits\" or \"license\" for more information.\r\n" ]
[ 5.08240, "o", "\u001b[?1h\u001b=\u001b[?25l\u001b[1A\n>>>> \u001b[?12l\u001b[?25h" ]
[ 7.02335, "o", "\u001b[1@#" ]
[ 7.07538, "o", "\u001b[1@ " ]
[ 7.12680, "o", "\u001b[1@e" ]
[ 7.17895, "o", "\u001b[1@c" ]
[ 7.23054, "o", "\u001b[1@h" ]
[ 7.28239, "o", "\u001b[1@o" ]
[ 7.33390, "o", "\u001b[1@ " ]
[ 7.38530, "o", "\u001b[1@h" ]
[ 7.43745, "o", "\u001b[1@e" ]
[ 7.48912, "o", "\u001b[1@l" ]
[ 7.54110, "o", "\u001b[1@l" ]
[ 7.59252, "o", "\u001b[1@o" ]
[ 7.64428, "o", "\u001b[1@ " ]
[ 7.69576, "o", "\u001b[1@w" ]
[ 7.74805, "o", "\u001b[1@o" ]
[ 7.80007, "o", "\u001b[1@r" ]
[ 7.85208, "o", "\u001b[1@l" ]
[ 7.90394, "o", "\u001b[1@d" ]
[ 7.95541, "o", "\u001b[1@ " ]
[ 8.20955, "o", "\u001b[24D\n\r\u001b[?1l\u001b>" ]
[ 8.20990, "o", "\u001b[?1h\u001b=\u001b[?25l\u001b[1A" ]
[ 8.20991, "o", "\n" ]
[ 8.20991, "o", ">>>> " ]
[ 8.20995, "o", "\u001b[?12l\u001b[?25h" ]
[ 9.21133, "o", "\u001b[1@p" ]
[ 9.26290, "o", "\u001b[1@r" ]
[ 9.31444, "o", "\u001b[1@i" ]
[ 9.36584, "o", "\u001b[1@n" ]
[ 9.41773, "o", "\u001b[1@t" ]
[ 9.46921, "o", "\u001b[1@ " ]
[ 9.52074, "o", "\u001b[1@(" ]
[ 9.57235, "o", "\u001b[1@\"" ]
[ 9.62401, "o", "\u001b[1@h" ]
[ 9.67573, "o", "\u001b[1@e" ]
[ 9.72727, "o", "\u001b[1@l" ]
[ 9.77917, "o", "\u001b[1@l" ]
[ 9.83053, "o", "\u001b[1@o" ]
[ 9.88258, "o", "\u001b[1@ " ]
[ 9.93403, "o", "\u001b[1@w" ]
[ 9.98541, "o", "\u001b[1@o" ]
[ 10.03752, "o", "\u001b[1@r" ]
[ 10.08907, "o", "\u001b[1@l" ]
[ 10.14093, "o", "\u001b[1@d" ]
[ 10.19318, "o", "\u001b[1@!" ]
[ 10.24488, "o", "\u001b[1@\"" ]
[ 10.29612, "o", "\u001b[1@)" ]
[ 10.54949, "o", "\u001b[27D\n\r\u001b[?1l\u001b>" ]
[ 10.54975, "o", "hello world!\r\n" ]
[ 10.55000, "o", "\u001b[?1h\u001b=\u001b[?25l\u001b[1A\n" ]
[ 10.55001, "o", ">>>> " ]
[ 10.55011, "o", "\u001b[?12l\u001b[?25h" ]
[ 12.55063, "o", "\u001b[1@#" ]
[ 12.60275, "o", "\u001b[1@ " ]
[ 12.65420, "o", "\u001b[1@" ]
[ 12.65421, "o", "C" ]
[ 12.70597, "o", "\u001b[1@a" ]
[ 12.75806, "o", "\u001b[1@l" ]
[ 12.81007, "o", "\u001b[1@c" ]
[ 12.86201, "o", "\u001b[1@u" ]
[ 12.91355, "o", "\u001b[1@l" ]
[ 12.96548, "o", "\u001b[1@a" ]
[ 13.01719, "o", "\u001b[1@t" ]
[ 13.06932, "o", "\u001b[1@i" ]
[ 13.12142, "o", "\u001b[1@o" ]
[ 13.17283, "o", "\u001b[1@n" ]
[ 13.22464, "o", "\u001b[1@s" ]
[ 13.27649, "o", "\u001b[1@ " ]
[ 13.32834, "o", "\u001b[1@a" ]
[ 13.38000, "o", "\u001b[1@r" ]
[ 13.43148, "o", "\u001b[1@e" ]
[ 13.48331, "o", "\u001b[1@ " ]
[ 13.53516, "o", "\u001b[1@s" ]
[ 13.58674, "o", "\u001b[1@i" ]
[ 13.63832, "o", "\u001b[1@m" ]
[ 13.69030, "o", "\u001b[1@p" ]
[ 13.74200, "o", "\u001b[1@l" ]
[ 13.79379, "o", "\u001b[1@e" ]
[ 13.84630, "o", "\u001b[1@ " ]
[ 13.89720, "o", "\u001b[1@w" ]
[ 13.94858, "o", "\u001b[1@i" ]
[ 14.00025, "o", "\u001b[1@t" ]
[ 14.05231, "o", "\u001b[1@h" ]
[ 14.10429, "o", "\u001b[1@ " ]
[ 14.15594, "o", "\u001b[1@P" ]
[ 14.20737, "o", "\u001b[1@y" ]
[ 14.26089, "o", "\u001b[1@t" ]
[ 14.31168, "o", "\u001b[1@h" ]
[ 14.36272, "o", "\u001b[1@o" ]
[ 14.41477, "o", "\u001b[1@n" ]
[ 14.46633, "o", "\u001b[1@ " ]
[ 14.71956, "o", "\u001b[43D\n\r" ]
[ 14.71961, "o", "\u001b[?1l\u001b>" ]
[ 14.72010, "o", "\u001b[?1h\u001b=\u001b[?25l" ]
[ 14.72011, "o", "\u001b[1A\n>>>> " ]
[ 14.72016, "o", "\u001b[?12l\u001b[?25h" ]
[ 15.72116, "o", "\u001b[1@1" ]
[ 15.77320, "o", "\u001b[1@ " ]
[ 15.82549, "o", "\u001b[1@/" ]
[ 15.87705, "o", "\u001b[1@ " ]
[ 15.92879, "o", "\u001b[1@2" ]
[ 15.98073, "o", "\u001b[10D\n\r\u001b[?1l\u001b>" ]
[ 15.98096, "o", "0.5\r\n" ]
[ 15.98117, "o", "\u001b[?1h\u001b=\u001b[?25l\u001b[1A" ]
[ 15.98118, "o", "\n" ]
[ 15.98123, "o", ">>>> \u001b[?12l\u001b[?25h" ]
[ 16.03221, "o", "\u001b[1@1" ]
[ 16.08379, "o", "\u001b[1@ " ]
[ 16.13539, "o", "\u001b[1@/" ]
[ 16.18690, "o", "\u001b[1@/" ]
[ 16.23854, "o", "\u001b[1@ " ]
[ 16.29026, "o", "\u001b[1@2" ]
[ 16.34181, "o", "\u001b[11D\n\r" ]
[ 16.34193, "o", "\u001b[?1l\u001b>" ]
[ 16.34209, "o", "0\r\n" ]
[ 16.34231, "o", "\u001b[?1h\u001b=\u001b[?25l\u001b[1A" ]
[ 16.34236, "o", "\n>>>> " ]
[ 16.34237, "o", "\u001b[?12l\u001b[?25h" ]
[ 16.39366, "o", "\u001b[1@2" ]
[ 16.44500, "o", "\u001b[1@ " ]
[ 16.49740, "o", "\u001b[1@*" ]
[ 16.54883, "o", "\u001b[1@*" ]
[ 16.60033, "o", "\u001b[1@ " ]
[ 16.65203, "o", "\u001b[1@3" ]
[ 16.70381, "o", "\u001b[11D\n\r\u001b[?1l\u001b>" ]
[ 16.70404, "o", "8\r\n" ]
[ 16.70426, "o", "\u001b[?1h\u001b=\u001b[?25l\u001b[1A" ]
[ 16.70427, "o", "\n" ]
[ 16.70433, "o", ">>>> \u001b[?12l\u001b[?25h" ]
[ 16.95701, "o", "\u001b[5D\n\r\u001b[?1l\u001b>" ]
[ 16.95753, "o", "\u001b[?1h\u001b=\u001b[?25l\u001b[1A\n>>>> \u001b[?12l\u001b[?25h" ]
[ 18.95914, "o", "\u001b[1@#" ]
[ 19.01095, "o", "\u001b[1@ " ]
[ 19.06237, "o", "\u001b[1@C" ]
[ 19.11429, "o", "\u001b[1@a" ]
[ 19.16577, "o", "\u001b[1@l" ]
[ 19.21777, "o", "\u001b[1@c" ]
[ 19.26921, "o", "\u001b[1@u" ]
[ 19.32175, "o", "\u001b[1@l" ]
[ 19.37373, "o", "\u001b[1@a" ]
[ 19.42549, "o", "\u001b[1@t" ]
[ 19.47706, "o", "\u001b[1@e" ]
[ 19.52861, "o", "\u001b[1@ " ]
[ 19.58051, "o", "\u001b[1@s" ]
[ 19.63182, "o", "\u001b[1@q" ]
[ 19.68394, "o", "\u001b[1@u" ]
[ 19.73624, "o", "\u001b[1@a" ]
[ 19.78832, "o", "\u001b[1@r" ]
[ 19.84037, "o", "\u001b[1@e" ]
[ 19.89198, "o", "\u001b[1@ " ]
[ 19.94411, "o", "\u001b[1@r" ]
[ 19.99540, "o", "\u001b[1@o" ]
[ 20.04748, "o", "\u001b[1@o" ]
[ 20.09887, "o", "\u001b[1@t" ]
[ 20.15074, "o", "\u001b[1@ " ]
[ 20.40435, "o", "\u001b[29D\n\r" ]
[ 20.40436, "o", "\u001b[?1l\u001b>" ]
[ 20.40482, "o", "\u001b[?1h\u001b=\u001b[?25l\u001b[1A\n>>>> \u001b[?12l\u001b[?25h" ]
[ 21.40567, "o", "\u001b[1@i" ]
[ 21.45732, "o", "\u001b[1@m" ]
[ 21.50911, "o", "\u001b[1@p" ]
[ 21.56112, "o", "\u001b[1@o" ]
[ 21.61349, "o", "\u001b[1@r" ]
[ 21.66569, "o", "\u001b[1@t" ]
[ 21.71787, "o", "\u001b[1@ " ]
[ 21.76945, "o", "\u001b[1@m" ]
[ 21.82107, "o", "\u001b[1@a" ]
[ 21.87251, "o", "\u001b[1@t" ]
[ 21.92462, "o", "\u001b[1@h" ]
[ 21.97628, "o", "\u001b[16D\n\r" ]
[ 21.97636, "o", "\u001b[?1l\u001b>" ]
[ 21.97726, "o", "\u001b[?1h\u001b=\u001b[?25l" ]
[ 21.97727, "o", "\u001b[1A" ]
[ 21.97733, "o", "\n>>>> \u001b[?12l\u001b[?25h" ]
[ 22.02729, "o", "\u001b[1@m" ]
[ 22.07920, "o", "\u001b[1@a" ]
[ 22.13063, "o", "\u001b[1@t" ]
[ 22.18380, "o", "\u001b[1@h" ]
[ 22.23555, "o", "\u001b[1@." ]
[ 22.28759, "o", "\u001b[1@s" ]
[ 22.33918, "o", "\u001b[1@q" ]
[ 22.39119, "o", "\u001b[1@r" ]
[ 22.44315, "o", "\u001b[1@t" ]
