{"version":2,"width":100,"height":26,"timestamp":1693291601,"env":{"SHELL":"","TERM":"xterm"}}
[ 0.00000, "o", "" ]
[ 0.02222, "o", "\u001b[19491001\u001b[1;35m> \u001b[20210325\u001b[0m\u001b[K" ]
[ 0.02245, "o", "\u001b[?2004h" ]
[ 0.40125, "o", "#\b# " ]
[ 0.40141, "o", "E" ]
[ 0.45322, "o", "x" ]
[ 0.50541, "o", "e" ]
[ 0.55715, "o", "c" ]
[ 0.60936, "o", "u" ]
[ 0.66139, "o", "t" ]
[ 0.71349, "o", "i" ]
[ 0.76582, "o", "n" ]
[ 0.81805, "o", "g" ]
[ 0.87021, "o", " " ]
[ 0.92211, "o", "r" ]
[ 0.97416, "o", "a" ]
[ 1.02604, "o", "k" ]
[ 1.07762, "o", "u" ]
[ 1.12994, "o", " " ]
[ 1.18181, "o", "c" ]
[ 1.23417, "o", "o" ]
[ 1.28643, "o", "d" ]
[ 1.33817, "o", "e" ]
[ 1.38999, "o", " " ]
[ 1.44170, "o", "f" ]
[ 1.49427, "o", "i" ]
[ 1.54667, "o", "l" ]
[ 1.59883, "o", "e" ]
[ 1.65124, "o", "s" ]
[ 1.70308, "o", "\u001b[?2004l\r\r\n" ]
[ 1.70326, "o", "\u001b[1m\u001b[7m#\u001b[27m\u001b[1m\u001b[0m                                                                                                   \r \r\r\u001b[0m\u001b[27m\u001b[24m\u001b[J\r\n\u001b[19491001\u001b[1;35m> \u001b[20210325\u001b[0m\u001b[K\u001b[?2004h" ]
[ 3.20677, "o", "x" ]
[ 3.25850, "o", "\bx " ]
[ 3.31032, "o", "c" ]
[ 3.36288, "o", "a" ]
[ 3.41545, "o", "t" ]
[ 3.46757, "o", " " ]
[ 3.51927, "o", "h" ]
[ 3.57109, "o", "e" ]
[ 3.62306, "o", "l" ]
[ 3.67500, "o", "l" ]
[ 3.72751, "o", "o" ]
[ 3.77949, "o", "." ]
[ 3.83129, "o", "r" ]
[ 3.88308, "o", "a" ]
[ 3.93537, "o", "k" ]
[ 3.98786, "o", "u" ]
[ 7.04169, "o", "\u001b[?2004l\r\r\n" ]
[ 7.40062, "o", "\r\u001b[38;5;238m───────┬────────────────────────────────────────────────────────────────────────────────────────────\u001b[0m\u001b[m\r\n       \u001b[38;5;238m│ \u001b[0mFile: \u001b[1mhello.raku\u001b[0m\u001b[m\r\n\u001b[38;5;238m───────┼────────────────────────────────────────────────────────────────────────────────────────────\u001b[0m\u001b[m\r\n\u001b[38;5;238m   1\u001b[0m   \u001b[38;5;238m│\u001b[0m \u001b[38;5;231msay 'hello world';\u001b[0m\u001b[m\r\n\u001b[38;5;238m───────┴───────────────────────────────────────────────────────────────────────" ]
[ 7.40082, "o", "─" ]
[ 7.40089, "o", "────────────────────\u001b[0m\u001b[m\r\n\r\u001b[K" ]
[ 7.40779, "o", "\u001b[1m\u001b[7m#\u001b[27m\u001b[1m\u001b[0m                                                                                                   \r \r\r\u001b[0m\u001b[27m\u001b[24m\u001b[J\r\n\u001b[19491001\u001b[1;35m> \u001b[20210325\u001b[0m\u001b[K" ]
[ 7.40799, "o", "\u001b[?2004h" ]
[ 8.04391, "o", "x" ]
[ 8.09650, "o", "\bx " ]
[ 8.14816, "o", "r" ]
[ 8.20067, "o", "a" ]
[ 8.25259, "o", "k" ]
[ 8.30466, "o", "u" ]
[ 8.35661, "o", " " ]
[ 8.40829, "o", "h" ]
[ 8.46064, "o", "e" ]
[ 8.51243, "o", "l" ]
[ 8.56420, "o", "l" ]
[ 8.61591, "o", "o" ]
[ 8.66792, "o", "." ]
[ 8.72029, "o", "r" ]
[ 8.77187, "o", "a" ]
[ 8.82386, "o", "k" ]
[ 8.87555, "o", "u" ]
[ 11.92946, "o", "\u001b[?2004l\r\r\n" ]
[ 12.12512, "o", "hello world\r\n" ]
[ 12.12999, "o", "\u001b[1m\u001b[7m#\u001b[27m\u001b[1m\u001b[0m                                                                                                   \r \r\r\u001b[0m\u001b[27m\u001b[24m\u001b[J\r\n\u001b[19491001\u001b[1;35m> \u001b[20210325\u001b[0m\u001b[K\u001b[?2004h" ]
[ 13.93157, "o", "#\b# E" ]
[ 13.98366, "o", "x" ]
[ 14.03553, "o", "e" ]
[ 14.08718, "o", "c" ]
[ 14.13898, "o", "u" ]
[ 14.19071, "o", "t" ]
[ 14.24303, "o", "e" ]
[ 14.29490, "o", " " ]
[ 14.34717, "o", "s" ]
[ 14.39933, "o", "i" ]
[ 14.45173, "o", "m" ]
[ 14.50371, "o", "p" ]
[ 14.55562, "o", "l" ]
[ 14.60814, "o", "e" ]
[ 14.66026, "o", " " ]
[ 14.71270, "o", "r" ]
[ 14.76457, "o", "a" ]
[ 14.81659, "o", "k" ]
[ 14.86895, "o", "u" ]
[ 14.92087, "o", " " ]
[ 14.97307, "o", "c" ]
[ 15.02491, "o", "o" ]
[ 15.07731, "o", "d" ]
[ 15.12904, "o", "e" ]
[ 15.18135, "o", "\u001b[?2004l\r\r\n" ]
[ 15.18153, "o", "\u001b[1m\u001b[7m#\u001b[27m\u001b[1m\u001b[0m                                                                                                   \r \r\r\u001b[0m\u001b[27m\u001b[24m\u001b[J\r\n\u001b[19491001\u001b[1;35m> \u001b[20210325\u001b[0m\u001b[K\u001b[?2004h" ]
[ 16.68505, "o", "x" ]
[ 16.73685, "o", "\bx " ]
[ 16.78847, "o", "r" ]
[ 16.84047, "o", "a" ]
[ 16.89252, "o", "k" ]
[ 16.94443, "o", "u" ]
[ 16.99631, "o", " " ]
[ 17.04838, "o", "-" ]
[ 17.10021, "o", "e" ]
[ 17.15199, "o", " " ]
[ 17.20431, "o", "'" ]
[ 17.25593, "o", "m" ]
[ 17.30804, "o", "y" ]
[ 17.35989, "o", " " ]
[ 17.41177, "o", "@" ]
[ 17.46352, "o", "a" ]
[ 17.51554, "o", " " ]
[ 17.56733, "o", "=" ]
[ 17.61923, "o", " " ]
[ 17.67123, "o", "(" ]
[ 17.72294, "o", "1" ]
[ 17.77501, "o", "," ]
[ 17.82747, "o", " " ]
[ 17.87940, "o", "2" ]
[ 17.93145, "o", "," ]
[ 17.98331, "o", " " ]
[ 18.03550, "o", "3" ]
[ 18.08713, "o", ")" ]
[ 18.13922, "o", ";" ]
[ 18.19114, "o", " " ]
[ 18.24341, "o", "f" ]
[ 18.29537, "o", "o" ]
[ 18.34777, "o", "r" ]
[ 18.40045, "o", " " ]
[ 18.45258, "o", "@" ]
[ 18.50461, "o", "a" ]
[ 18.55664, "o", " " ]
[ 18.60910, "o", "-" ]
[ 18.66095, "o", ">" ]
[ 18.71285, "o", " " ]
[ 18.76524, "o", "$" ]
[ 18.81759, "o", "i" ]
[ 18.87011, "o", " " ]
[ 18.92217, "o", "{" ]
[ 18.97402, "o", " " ]
[ 19.02606, "o", "s" ]
[ 19.07846, "o", "a" ]
[ 19.13034, "o", "y" ]
[ 19.18217, "o", " " ]
[ 19.23449, "o", "$" ]
[ 19.28646, "o", "i" ]
[ 19.33886, "o", " " ]
[ 19.39060, "o", "}" ]
[ 19.44231, "o", "'" ]
[ 23.49616, "o", "\u001b[?2004l\r\r\n" ]
[ 23.71644, "o", "1\r\n2\r\n" ]
[ 23.71650, "o", "3\r\n" ]
[ 23.72087, "o", "\u001b[1m\u001b[7m#\u001b[27m\u001b[1m\u001b[0m                                                                                                   \r \r\r\u001b[0m\u001b[27m\u001b[24m\u001b[J\r\n\u001b[19491001\u001b[1;35m> \u001b[20210325\u001b[0m\u001b[K\u001b[?2004h" ]
[ 25.49827, "o", "#\b# G" ]
[ 25.54999, "o", "e" ]
[ 25.60238, "o", "t" ]
[ 25.65391, "o", " " ]
[ 25.70617, "o", "c" ]
[ 25.75778, "o", "o" ]
[ 25.81003, "o", "m" ]
[ 25.86189, "o", "m" ]
[ 25.91397, "o", "a" ]
[ 25.96594, "o", "n" ]
[ 26.01754, "o", "d" ]
[ 26.06950, "o", " " ]
[ 26.12125, "o", "l" ]
[ 26.17342, "o", "i" ]
[ 26.22570, "o", "n" ]
[ 26.27812, "o", "e" ]
[ 26.33003, "o", " " ]
[ 26.38193, "o", "p" ]
[ 26.43373, "o", "a" ]
[ 26.48542, "o", "r" ]
[ 26.53760, "o", "a" ]
[ 26.58940, "o", "m" ]
[ 26.64151, "o", "e" ]
[ 26.69350, "o", "t" ]
[ 26.74518, "o", "e" ]
[ 26.79834, "o", "r" ]
[ 26.84999, "o", "s" ]
[ 26.90189, "o", "\u001b[?2004l\r\r\n" ]
[ 26.90210, "o", "\u001b[1m\u001b[7m#\u001b[27m\u001b[1m\u001b[0m                                                                                                   \r \r\r\u001b[0m\u001b[27m\u001b[24m\u001b[J\r\n\u001b[19491001\u001b[1;35m> \u001b[20210325\u001b[0m\u001b[K\u001b[?2004h" ]
[ 28.40626, "o", "x" ]
[ 28.45801, "o", "\bx " ]
[ 28.50965, "o", "c" ]
[ 28.56149, "o", "a" ]
[ 28.61327, "o", "t" ]
[ 28.66530, "o", " " ]
[ 28.71755, "o", "a" ]
[ 28.76990, "o", "r" ]
[ 28.82182, "o", "g" ]
[ 28.87403, "o", "s" ]
[ 28.92589, "o", "." ]
[ 28.97753, "o", "r" ]
[ 29.02972, "o", "a" ]
[ 29.08140, "o", "k" ]
[ 29.13356, "o", "u" ]
[ 32.18687, "o", "\u001b[?2004l\r\r\n" ]
[ 32.25316, "o", "\r\u001b[38;5;238m───────┬────────────────────────────────────────────────────────────────────────────────────────────\u001b[0m\u001b[m\r\n       \u001b[38;5;238m│ \u001b[0mFile: \u001b[1margs.raku\u001b[0m\u001b[m\r\n\u001b[38;5;238m───────┼────────────────────────────────────────────────────────────────────────────────────────────\u001b[0m\u001b[m\r\n\u001b[38;5;238m   1\u001b[0m   \u001b[38;5;238m│\u001b[0m \u001b[38;5;231msub MAIN($name = 'raku') {\u001b[0m\u001b[m\r\n\u001b[38;5;238m   2\u001b[0m   \u001b[38;5;238m│\u001b[0m \u001b[38;5;231m    say \"Hello $name, how are you?\"\u001b[0m\u001b[m\r\n\u001b[38;5;238m   3\u001b[0m   \u001b[38;5;238m│\u001b[0m \u001b[38;5;231m}\u001b[0m\u001b[m\r\n\u001b[38;5;238m───────┴────────────────" ]
[ 32.25330, "o", "──" ]
