{"version":2,"width":100,"height":26,"timestamp":1693272150,"env":{"SHELL":"","TERM":"xterm"}}
[ 0.00000, "o", "" ]
[ 0.01898, "o", "\u001b[19491001\u001b[1;35m> \u001b[20210325\u001b[0m" ]
[ 0.01911, "o", "\u001b[K\u001b[?2004h" ]
[ 0.40908, "o", "#" ]
[ 0.40921, "o", "\b# F" ]
[ 0.46149, "o", "i" ]
[ 0.51307, "o", "n" ]
[ 0.56503, "o", "d" ]
[ 0.61675, "o", " " ]
[ 0.66877, "o", "a" ]
[ 0.72095, "o", "l" ]
[ 0.77327, "o", "l" ]
[ 0.82507, "o", " " ]
[ 0.87697, "o", "e" ]
[ 0.92935, "o", "n" ]
[ 0.98128, "o", "t" ]
[ 1.03354, "o", "r" ]
[ 1.08539, "o", "i" ]
[ 1.13720, "o", "e" ]
[ 1.18888, "o", "s" ]
[ 1.24102, "o", " " ]
[ 1.29287, "o", "c" ]
[ 1.34457, "o", "o" ]
[ 1.39636, "o", "n" ]
[ 1.44804, "o", "t" ]
[ 1.50082, "o", "a" ]
[ 1.55268, "o", "i" ]
[ 1.60491, "o", "n" ]
[ 1.65693, "o", "i" ]
[ 1.70864, "o", "n" ]
[ 1.76099, "o", "g" ]
[ 1.81292, "o", " " ]
[ 1.86454, "o", "i" ]
[ 1.91613, "o", "m" ]
[ 1.96841, "o", "a" ]
[ 2.02012, "o", "g" ]
[ 2.07226, "o", "e" ]
[ 2.12406, "o", "t" ]
[ 2.17587, "o", "e" ]
[ 2.22814, "o", "x" ]
[ 2.28027, "o", "t" ]
[ 2.33198, "o", " " ]
[ 2.38361, "o", "i" ]
[ 2.43564, "o", "n" ]
[ 2.48760, "o", " " ]
[ 2.53953, "o", "t" ]
[ 2.59149, "o", "h" ]
[ 2.64361, "o", "e" ]
[ 2.69592, "o", " " ]
[ 2.74739, "o", "c" ]
[ 2.79932, "o", "u" ]
[ 2.85144, "o", "r" ]
[ 2.90354, "o", "r" ]
[ 2.95576, "o", "e" ]
[ 3.00805, "o", "n" ]
[ 3.05999, "o", "t" ]
[ 3.11179, "o", " " ]
[ 3.16366, "o", "d" ]
[ 3.21530, "o", "i" ]
[ 3.26766, "o", "r" ]
[ 3.31977, "o", "e" ]
[ 3.37206, "o", "c" ]
[ 3.42405, "o", "t" ]
[ 3.47570, "o", "o" ]
[ 3.52783, "o", "r" ]
[ 3.57997, "o", "y" ]
[ 3.63194, "o", "\u001b[?2004l\r\r\n\u001b[1m\u001b[7m#\u001b[27m\u001b[1m\u001b[0m                                                                                                   \r \r\r\u001b[0m\u001b[27m\u001b[24m\u001b[J\r\n\u001b[19491001\u001b[1;35m> \u001b[20210325\u001b[0m\u001b[K\u001b[?2004h" ]
[ 5.13575, "o", "x" ]
[ 5.18752, "o", "\bx " ]
[ 5.23903, "o", "r" ]
[ 5.29115, "o", "g" ]
[ 5.34305, "o", " " ]
[ 5.39490, "o", "i" ]
[ 5.44650, "o", "m" ]
[ 5.49870, "o", "a" ]
[ 5.55052, "o", "g" ]
[ 5.60237, "o", "e" ]
[ 5.65429, "o", "t" ]
[ 5.70582, "o", "e" ]
[ 5.75833, "o", "x" ]
[ 5.81036, "o", "t" ]
[ 8.86417, "o", "\u001b[?2004l\r\r\n" ]
[ 9.06582, "o", "\u001b[0m\u001b[35mmod/slack/lib/bot\u001b[0m\r\n\u001b[0m\u001b[32m38\u001b[0m:        \u001b[0m\u001b[1m\u001b[31mimagetext\u001b[0m        \"send \u001b[0m\u001b[1m\u001b[31mimagetext\u001b[0m\"      \r\n\u001b[0m\u001b[32m137\u001b[0m:___x_cmd_slack_bot_send_\u001b[0m\u001b[1m\u001b[31mimagetext\u001b[0m() {\r\n" ]
[ 9.07327, "o", "\r\n\u001b[0m\u001b[35madv/slack/advise.jso\u001b[0m\r\n\u001b[0m\u001b[32m873\u001b[0m:\"\u001b[0m\u001b[1m\u001b[31mimagetext\u001b[0m\"\r\n\u001b[0m\u001b[32m886\u001b[0m:\"send \u001b[0m\u001b[1m\u001b[31mimagetext\u001b[0m\"\r\n\u001b[0m\u001b[32m1918\u001b[0m:\"\u001b[0m\u001b[1m\u001b[31mimagetext\u001b[0m\"\r\n\u001b[0m\u001b[32m1931\u001b[0m:\"send \u001b[0m\u001b[1m\u001b[31mimagetext\u001b[0m\"\r\n" ]
[ 9.07723, "o", "\u001b[1m\u001b[7m#\u001b[27m\u001b[1m\u001b[0m                                                                                                   \r \r\r\u001b[0m\u001b[27m\u001b[24m\u001b[J\r\n\u001b[19491001\u001b[1;35m> \u001b[20210325\u001b[0m\u001b[K\u001b[?2004h" ]
[ 10.86650, "o", "#\b# S" ]
[ 10.91831, "o", "e" ]
[ 10.97017, "o", "a" ]
[ 11.02182, "o", "r" ]
[ 11.07410, "o", "c" ]
[ 11.12608, "o", "h" ]
[ 11.17770, "o", " " ]
[ 11.22975, "o", "f" ]
[ 11.28172, "o", "o" ]
[ 11.33409, "o", "r" ]
[ 11.38591, "o", " " ]
[ 11.43774, "o", "a" ]
[ 11.48983, "o", "w" ]
[ 11.54178, "o", "k" ]
[ 11.59430, "o", " " ]
[ 11.64659, "o", "t" ]
[ 11.69850, "o", "y" ]
[ 11.75059, "o", "p" ]
[ 11.80270, "o", "e" ]
[ 11.85429, "o", " " ]
[ 11.90675, "o", "f" ]
[ 11.95877, "o", "i" ]
[ 12.01103, "o", "l" ]
[ 12.06280, "o", "e" ]
[ 12.11474, "o", "s" ]
[ 12.16672, "o", " " ]
[ 12.21874, "o", "c" ]
[ 12.27037, "o", "o" ]
[ 12.32197, "o", "n" ]
[ 12.37394, "o", "t" ]
[ 12.42616, "o", "a" ]
[ 12.47976, "o", "i" ]
[ 12.53149, "o", "n" ]
[ 12.58325, "o", "i" ]
[ 12.63554, "o", "n" ]
[ 12.68776, "o", "g" ]
[ 12.74003, "o", " " ]
[ 12.79167, "o", "x" ]
[ 12.84422, "o", "_" ]
[ 12.89630, "o", " " ]
[ 12.94780, "o", "A" ]
[ 13.00010, "o", "l" ]
[ 13.05291, "o", "l" ]
[ 13.10459, "o", " " ]
[ 13.15619, "o", "e" ]
[ 13.20848, "o", "n" ]
[ 13.26024, "o", "t" ]
[ 13.31196, "o", "r" ]
[ 13.36359, "o", "i" ]
[ 13.41563, "o", "e" ]
[ 13.46744, "o", "s" ]
[ 13.51911, "o", " " ]
[ 13.57073, "o", "f" ]
[ 13.62221, "o", "o" ]
[ 13.67468, "o", "r" ]
[ 13.72649, "o", " " ]
[ 13.77820, "o", "c" ]
[ 13.82981, "o", "m" ]
[ 13.88180, "o", "d" ]
[ 13.93372, "o", "\u001b[?2004l\r\r\n\u001b[1m\u001b[7m#\u001b[27m\u001b[1m\u001b[0m                                                                                                   \r \r\r\u001b[0m\u001b[27m\u001b[24m\u001b[J\r\n\u001b[19491001\u001b[1;35m> \u001b[20210325\u001b[0m\u001b[K\u001b[?2004h" ]
[ 15.43723, "o", "x" ]
[ 15.48894, "o", "\bx " ]
[ 15.54095, "o", "r" ]
[ 15.59277, "o", "g" ]
[ 15.64518, "o", " " ]
[ 15.69716, "o", "x" ]
[ 15.74898, "o", "_" ]
[ 15.80105, "o", "c" ]
[ 15.85259, "o", "m" ]
[ 15.90513, "o", "d" ]
[ 15.95704, "o", " " ]
[ 16.00914, "o", "-" ]
[ 16.06114, "o", "t" ]
[ 16.11270, "o", " " ]
[ 16.16474, "o", "a" ]
[ 16.21661, "o", "w" ]
[ 16.26891, "o", "k" ]
[ 19.32270, "o", "\u001b[?2004l\r\r\n" ]
[ 19.33003, "o", "\u001b[0m\u001b[35mmod/tldr/lib/awk/app.awk\u001b[0m\r\n\u001b[0m\u001b[32m67\u001b[0m:            tapp_send_finalcmd( \"___\u001b[0m\u001b[1m\u001b[31mx_cmd\u001b[0m_tldr_cat \" comp_navi_get_cur_rootkp(o, TLDR_KP) )\r\n" ]
[ 19.33036, "o", "\r\n\u001b[0m\u001b[35mmod/awk/lib/cmd.awk\u001b[0m\r\n\u001b[0m\u001b[32m22\u001b[0m:    return cmd(\"___\u001b[0m\u001b[1m\u001b[31mx_cmd\u001b[0m_awk_cmd_wrapouterr(){\" c \" }; x outerr ___\u001b[0m\u001b[1m\u001b[31mx_cmd\u001b[0m_awk_cmd_wrapouterr\")\r\n" ]
[ 19.33503, "o", "\r\n\u001b[0m\u001b[35mmod/param/lib/awk/advise.awk\u001b[0m\r\n\u001b[0m\u001b[32m51\u001b[0m:        subcmd_invocation = sprintf(\"\\\\$( B=\\\"\\\\$( PARAM_SUBCMD_DEF=''; %s X_CMD_ADVISE_FUNC_NAME=%s %s _\u001b[0m\u001b[1m\u001b[31mx_cmd\u001b[0m_advise_json %s)\\\"; if [ -n \\\"\\\\$B\\\" ]; then printf \\\"%%s\\\" \\\"\\\\$B\\\"; else return 1; fi; )\", subcmd_true, subcmd_funcname, subcmd_funcname, qu1( subcmd_desc(i) ) )\r\n" ]
[ 19.33524, "o", "\r\n" ]
[ 19.33549, "o", "\u001b[0m\u001b[35mmod/param/lib/awk/main.awk\u001b[0m\r\n\u001b[0m\u001b[32m4\u001b[0m:    print \"___\u001b[0m\u001b[1m\u001b[31mx_cmd\u001b[0m_param_int _\u001b[0m\u001b[1m\u001b[31mx_cmd\u001b[0m_help \" _str \";\"\r\n" ]
[ 19.34073, "o", "\u001b[1m\u001b[7m#\u001b[27m\u001b[1m\u001b[0m                                                                                                   \r \r\r\u001b[0m\u001b[27m\u001b[24m\u001b[J\r\n\u001b[19491001\u001b[1;35m> \u001b[20210325\u001b[0m\u001b[K\u001b[?2004h" ]
[ 21.32476, "o", "#\b# S" ]
[ 21.37673, "o", "e" ]
[ 21.42892, "o", "a" ]
[ 21.48065, "o", "r" ]
[ 21.53229, "o", "c" ]
[ 21.58422, "o", "h" ]
[ 21.63597, "o", " " ]
[ 21.68881, "o", "f" ]
[ 21.74096, "o", "o" ]
[ 21.79299, "o", "r" ]
[ 21.84459, "o", " " ]
[ 21.89629, "o", "a" ]
[ 21.94836, "o", "l" ]
[ 22.00036, "o", "l" ]
[ 22.05250, "o", " " ]
[ 22.10403, "o", "e" ]
[ 22.15589, "o", "n" ]
[ 22.20806, "o", "t" ]
[ 22.25964, "o", "r" ]
[ 22.31138, "o", "i" ]
[ 22.36310, "o", "e" ]
[ 22.41544, "o", "s" ]
[ 22.46721, "o", " " ]
[ 22.51912, "o", "f" ]
[ 22.57134, "o", "o" ]
[ 22.62408, "o", "r" ]
[ 22.67628, "o", " " ]
[ 22.72801, "o", "a" ]
[ 22.78052, "o", "w" ]
[ 22.83224, "o", "k" ]
[ 22.88432, "o", " " ]
[ 22.93586, "o", "t" ]
[ 22.98804, "o", "y" ]
[ 23.04009, "o", "p" ]
[ 23.09171, "o", "e" ]
[ 23.14338, "o", " " ]
[ 23.19517, "o", "f" ]
[ 23.24715, "o", "i" ]
[ 23.29890, "o", "l" ]
[ 23.35097, "o", "e" ]
[ 23.40256, "o", "s" ]
[ 23.45489, "o", " " ]
[ 23.50687, "o", "t" ]
