{"version":2,"width":100,"height":26,"timestamp":1693294031,"env":{"SHELL":"","TERM":"xterm"}}
[ 0.00000, "o", "" ]
[ 0.00585, "o", "\u001b[19491001\u001b[1;35m> \u001b[20210325\u001b[0m" ]
[ 0.38791, "o", "# S" ]
[ 0.44016, "o", "e" ]
[ 0.49243, "o", "t" ]
[ 0.54647, "o", " " ]
[ 0.60050, "o", "k" ]
[ 0.65287, "o", "e" ]
[ 0.70522, "o", "y" ]
[ 0.75739, "o", "-" ]
[ 0.80973, "o", "v" ]
[ 0.86423, "o", "a" ]
[ 0.91649, "o", "l" ]
[ 0.96932, "o", "u" ]
[ 1.02149, "o", "e" ]
[ 1.07393, "o", " " ]
[ 1.12686, "o", "p" ]
[ 1.18090, "o", "a" ]
[ 1.23348, "o", "i" ]
[ 1.28576, "o", "r" ]
[ 1.33789, "o", "s" ]
[ 1.39030, "o", "\r\n\u001b[?2004l\r" ]
[ 1.39053, "o", "\u001b[?2004h\r\n\u001b[19491001\u001b[1;35m> \u001b[20210325\u001b[0m" ]
[ 2.89682, "o", "x" ]
[ 2.94898, "o", " " ]
[ 3.00084, "o", "s" ]
[ 3.05254, "o", "k" ]
[ 3.10476, "o", "a" ]
[ 3.15732, "o", "t" ]
[ 3.21007, "o", "e" ]
[ 3.26446, "o", " " ]
[ 3.31645, "o", "s" ]
[ 3.36866, "o", "e" ]
[ 3.42044, "o", "t" ]
[ 3.47266, "o", " " ]
[ 3.52435, "o", "p" ]
[ 3.57716, "o", "a" ]
[ 3.63038, "o", "s" ]
[ 3.68254, "o", "s" ]
[ 3.73443, "o", "w" ]
[ 3.78657, "o", "o" ]
[ 3.83835, "o", "r" ]
[ 3.89095, "o", "d" ]
[ 3.94455, "o", " " ]
[ 3.99743, "o", "1" ]
[ 4.04950, "o", "2" ]
[ 4.10141, "o", "3" ]
[ 4.15359, "o", "4" ]
[ 4.20554, "o", "5" ]
[ 4.25816, "o", "6" ]
[ 8.31427, "o", "\r\n\u001b[?2004l\r" ]
[ 8.85033, "o", "\u001b]11;?\u001b\\\u001b[6n" ]
[ 16.16672, "o", "\u001b[?2004h\r\n\u001b[19491001\u001b[1;35m> \u001b[20210325\u001b[0m" ]
[ 23.31641, "o", "# g" ]
[ 23.36814, "o", "e" ]
[ 23.42031, "o", "t" ]
[ 23.47293, "o", " " ]
[ 23.52597, "o", "k" ]
[ 23.57783, "o", "e" ]
[ 23.63020, "o", "y" ]
[ 23.68184, "o", "-" ]
[ 23.73433, "o", "v" ]
[ 23.78696, "o", "a" ]
[ 23.84023, "o", "l" ]
[ 23.89263, "o", "u" ]
[ 23.94497, "o", "e" ]
[ 23.99782, "o", " " ]
[ 24.04969, "o", "p" ]
[ 24.10195, "o", "a" ]
[ 24.15433, "o", "i" ]
[ 24.20802, "o", "r" ]
[ 24.26005, "o", "s" ]
[ 24.31217, "o", "\r\n\u001b[?2004l\r" ]
[ 24.31237, "o", "\u001b[?2004h\r\n\u001b[19491001\u001b[1;35m> \u001b[20210325\u001b[0m" ]
[ 25.81616, "o", "x" ]
[ 25.86820, "o", " " ]
[ 25.92063, "o", "s" ]
[ 25.97414, "o", "k" ]
[ 26.02615, "o", "a" ]
[ 26.07832, "o", "t" ]
[ 26.13094, "o", "e" ]
[ 26.18299, "o", " " ]
[ 26.23515, "o", "g" ]
[ 26.28726, "o", "e" ]
[ 26.34045, "o", "t" ]
[ 26.39269, "o", " " ]
[ 26.44439, "o", "p" ]
[ 26.49645, "o", "a" ]
[ 26.54824, "o", "s" ]
[ 26.60091, "o", "s" ]
[ 26.65277, "o", "w" ]
[ 26.70626, "o", "o" ]
[ 26.75997, "o", "r" ]
[ 26.81238, "o", "d" ]
[ 29.86638, "o", "\r\n\u001b[?2004l\r" ]
[ 29.87007, "o", "\u001b]11;?\u001b\\\u001b[6n" ]
[ 34.47967, "o", "123456\r\n" ]
[ 34.48164, "o", "\u001b[?2004h\r\n\u001b[19491001\u001b[1;35m> \u001b[20210325\u001b[0m" ]
[ 36.86894, "o", "# d" ]
[ 36.92288, "o", "e" ]
[ 36.97577, "o", "l" ]
[ 37.02772, "o", "e" ]
[ 37.07985, "o", "t" ]
[ 37.13219, "o", "e" ]
[ 37.18434, "o", " " ]
[ 37.23748, "o", "k" ]
[ 37.29092, "o", "e" ]
[ 37.34295, "o", "y" ]
[ 37.39509, "o", "-" ]
[ 37.44750, "o", "v" ]
[ 37.49968, "o", "a" ]
[ 37.55185, "o", "l" ]
[ 37.60521, "o", "u" ]
[ 37.65752, "o", "e" ]
[ 37.70984, "o", " " ]
[ 37.76197, "o", "p" ]
[ 37.81484, "o", "a" ]
[ 37.86702, "o", "i" ]
[ 37.92017, "o", "r" ]
[ 37.97330, "o", "s" ]
[ 38.02515, "o", "\r\n\u001b[?2004l\r" ]
[ 38.02533, "o", "\u001b[?2004h\r\n\u001b[19491001\u001b[1;35m> \u001b[20210325\u001b[0m" ]
[ 39.52949, "o", "x" ]
[ 39.58148, "o", " " ]
[ 39.63412, "o", "s" ]
[ 39.68660, "o", "k" ]
[ 39.74053, "o", "a" ]
[ 39.79242, "o", "t" ]
[ 39.84467, "o", "e" ]
[ 39.89639, "o", " " ]
[ 39.94843, "o", "d" ]
[ 40.00025, "o", "e" ]
[ 40.05328, "o", "l" ]
[ 40.10695, "o", "e" ]
[ 40.15892, "o", "t" ]
[ 40.21118, "o", "e" ]
[ 40.26299, "o", " " ]
[ 40.31526, "o", "p" ]
[ 40.36728, "o", "a" ]
[ 40.42028, "o", "s" ]
[ 40.47357, "o", "s" ]
[ 40.52586, "o", "w" ]
[ 40.57800, "o", "o" ]
[ 40.63051, "o", "r" ]
[ 40.68253, "o", "d" ]
[ 43.73825, "o", "\r\n\u001b[?2004l\r" ]
[ 43.74190, "o", "\u001b]11;?\u001b\\\u001b[6n" ]
[ 50.68994, "o", "\u001b[?2004h\r\n\u001b[19491001\u001b[1;35m> \u001b[20210325\u001b[0m" ]
[ 58.74055, "o", "# L" ]
[ 58.79240, "o", "i" ]
[ 58.84482, "o", "s" ]
[ 58.89663, "o", "t" ]
[ 58.94987, "o", " " ]
[ 59.00298, "o", "k" ]
[ 59.05480, "o", "e" ]
[ 59.10679, "o", "y" ]
[ 59.15850, "o", " " ]
[ 59.21058, "o", "v" ]
[ 59.26232, "o", "a" ]
[ 59.31447, "o", "l" ]
[ 59.36812, "o", "u" ]
[ 59.42133, "o", "e" ]
[ 59.47374, "o", " " ]
[ 59.52582, "o", "p" ]
[ 59.57778, "o", "a" ]
[ 59.62951, "o", "i" ]
[ 59.68220, "o", "r" ]
[ 59.73582, "o", "s" ]
[ 59.78876, "o", "\r\n\u001b[?2004l\r" ]
[ 59.79140, "o", "\u001b[?2004h\r\n\u001b[19491001\u001b[1;35m> \u001b[20210325\u001b[0m" ]
[ 61.29263, "o", "x" ]
[ 61.34472, "o", " " ]
[ 61.39650, "o", "s" ]
[ 61.44999, "o", "k" ]
[ 61.50262, "o", "a" ]
[ 61.55477, "o", "t" ]
[ 61.60669, "o", "e" ]
[ 61.65834, "o", " " ]
[ 61.71023, "o", "l" ]
[ 61.76217, "o", "i" ]
[ 61.81423, "o", "s" ]
[ 61.86882, "o", "t" ]
[ 64.92401, "o", "\r\n\u001b[?2004l\r" ]
[ 64.92777, "o", "\u001b]11;?\u001b\\\u001b[6n" ]
[ 70.65259, "o", "\u001b[?2004h\r\n\u001b[19491001\u001b[1;35m> \u001b[20210325\u001b[0m" ]
[ 71.92634, "o", "# S" ]
[ 71.97872, "o", "t" ]
[ 72.03283, "o", "o" ]
[ 72.08496, "o", "r" ]
[ 72.13683, "o", "e" ]
[ 72.18926, "o", " " ]
[ 72.24123, "o", "d" ]
[ 72.29325, "o", "a" ]
[ 72.34596, "o", "t" ]
[ 72.39900, "o", "a" ]
[ 72.45109, "o", " " ]
[ 72.50309, "o", "i" ]
[ 72.55573, "o", "n" ]
[ 72.60803, "o", "t" ]
[ 72.66067, "o", "o" ]
[ 72.71357, "o", " " ]
[ 72.76647, "o", "a" ]
[ 72.81843, "o", " " ]
[ 72.87079, "o", "d" ]
[ 72.92269, "o", "a" ]
[ 72.97464, "o", "t" ]
[ 73.02663, "o", "a" ]
[ 73.07903, "o", "b" ]
[ 73.13265, "o", "a" ]
[ 73.18456, "o", "s" ]
[ 73.23661, "o", "e" ]
[ 73.28857, "o", "\r\n\u001b[?2004l\r" ]
[ 73.28863, "o", "\u001b[?2004h\r\n\u001b[19491001\u001b[1;35m> \u001b[20210325\u001b[0m" ]
[ 74.79315, "o", "x" ]
[ 74.84630, "o", " " ]
[ 74.89922, "o", "s" ]
[ 74.95139, "o", "k" ]
[ 75.00344, "o", "a" ]
[ 75.05591, "o", "t" ]
[ 75.10759, "o", "e" ]
[ 75.15974, "o", " " ]
[ 75.21233, "o", "s" ]
[ 75.26476, "o", "e" ]
[ 75.31686, "o", "t" ]
[ 75.36899, "o", " " ]
[ 75.42103, "o", "g" ]
[ 75.47294, "o", "i" ]
[ 75.52534, "o", "t" ]
[ 75.57807, "o", "h" ]
[ 75.63181, "o", "u" ]
[ 75.68421, "o", "b" ]
[ 75.73688, "o", "@" ]
[ 75.78929, "o", "p" ]
[ 75.84138, "o", "a" ]
[ 75.89426, "o", "s" ]
[ 75.94649, "o", "s" ]
[ 75.99844, "o", "w" ]
[ 76.05054, "o", "o" ]
[ 76.10238, "o", "r" ]
[ 76.15427, "o", "d" ]
[ 76.20664, "o", "." ]
[ 76.25920, "o", "d" ]
[ 76.31188, "o", "b" ]
[ 76.36427, "o", " " ]
[ 76.41634, "o", "P" ]
[ 76.46833, "o", "A" ]
[ 76.52036, "o", "S" ]
[ 76.57254, "o", "S" ]
[ 76.62450, "o", "W" ]
[ 76.67672, "o", "O" ]
[ 76.72949, "o", "R" ]
[ 76.78163, "o", "D" ]
[ 80.83543, "o", "\r\n\u001b[?2004l\r" ]
[ 80.83918, "o", "\u001b]11;?\u001b\\\u001b[6n" ]
[ 87.35788, "o", "\u001b[?2004h\r\n\u001b[19491001\u001b[1;35m> \u001b[20210325\u001b[0m" ]
[ 90.83754, "o", "# L" ]
[ 90.88934, "o", "i" ]
[ 90.94092, "o", "s" ]
[ 90.99329, "o", "t" ]
[ 91.04531, "o", " " ]
[ 91.09775, "o", "d" ]
[ 91.14945, "o", "a" ]
[ 91.20194, "o", "t" ]
[ 91.25490, "o", "a" ]
[ 91.31650, "o", "b" ]
[ 91.37028, "o", "a" ]
[ 91.42293, "o", "s" ]
[ 91.47676, "o", "e" ]
[ 91.52948, "o", "s" ]
[ 91.58246, "o", "\r\n\u001b[?2004l\r\u001b[?2004h\r\n\u001b[19491001\u001b[1;35m> \u001b[20210325\u001b[0m" ]
[ 93.08657, "o", "x" ]
[ 93.13880, "o", " " ]
[ 93.19083, "o", "s" ]
[ 93.24368, "o", "k" ]
[ 93.29631, "o", "a" ]
[ 93.34824, "o", "t" ]
[ 93.40094, "o", "e" ]
[ 93.45413, "o", " " ]
[ 93.50763, "o", "l" ]
[ 93.56164, "o", "i" ]
[ 93.61458, "o", "s" ]
[ 93.66672, "o", "t" ]
[ 93.71959, "o", "-" ]
[ 93.77217, "o", "d" ]
[ 93.82511, "o", "b" ]
[ 93.87737, "o", "s" ]
[ 96.93184, "o", "\r\n\u001b[?2004l\r" ]
[ 96.93638, "o", "\u001b]11;?\u001b\\\u001b[6n" ]
[ 96.95372, "o", "@charm.sh.skate.default\r\n@password.db\r\n" ]
