{"version":2,"width":100,"height":26,"timestamp":1689584143,"env":{"SHELL":"","TERM":"xterm"}}
[ 0.00000, "o", "" ]
[ 0.13859, "o", "\u001b[19491001\u001b[1;35m> \u001b[20210325\u001b[0m\u001b[K" ]
[ 0.13876, "o", "\u001b[?2004h" ]
[ 0.38860, "o", "#\b# L" ]
[ 0.44041, "o", "a" ]
[ 0.49227, "o", "u" ]
[ 0.54448, "o", "n" ]
[ 0.59651, "o", "c" ]
[ 0.64986, "o", "h" ]
[ 0.70255, "o", "e" ]
[ 0.75471, "o", "s" ]
[ 0.80692, "o", " " ]
[ 0.85865, "o", "a" ]
[ 0.91081, "o", " " ]
[ 0.96257, "o", "t" ]
[ 1.01456, "o", "m" ]
[ 1.06677, "o", "u" ]
[ 1.11964, "o", "x" ]
[ 1.17193, "o", " " ]
[ 1.22395, "o", "w" ]
[ 1.27724, "o", "i" ]
[ 1.32893, "o", "n" ]
[ 1.38124, "o", "d" ]
[ 1.43379, "o", "o" ]
[ 1.48590, "o", "w" ]
[ 1.53785, "o", " " ]
[ 1.58988, "o", "n" ]
[ 1.64182, "o", "a" ]
[ 1.69349, "o", "m" ]
[ 1.74567, "o", "e" ]
[ 1.79813, "o", "d" ]
[ 1.85014, "o", " " ]
[ 1.90360, "o", "n" ]
[ 1.95643, "o", "e" ]
[ 2.00836, "o", "w" ]
[ 2.06016, "o", "_" ]
[ 2.11243, "o", "s" ]
[ 2.16482, "o", "e" ]
[ 2.21738, "o", "s" ]
[ 2.26952, "o", "s" ]
[ 2.32172, "o", "i" ]
[ 2.37435, "o", "o" ]
[ 2.42653, "o", "n" ]
[ 2.47942, "o", "s" ]
[ 2.53186, "o", "\u001b[?2004l\r\r\n" ]
[ 2.53204, "o", "\u001b[1m\u001b[7m#\u001b[27m\u001b[1m\u001b[0m                                                                                                   \r \r\r\u001b[0m\u001b[27m\u001b[24m\u001b[J\r\n\u001b[19491001\u001b[1;35m> \u001b[20210325\u001b[0m\u001b[K\u001b[?2004h" ]
[ 4.03704, "o", "x" ]
[ 4.08947, "o", "\bx " ]
[ 4.14297, "o", "t" ]
[ 4.19471, "o", "m" ]
[ 4.24776, "o", "u" ]
[ 4.30042, "o", "x" ]
[ 4.35317, "o", " " ]
[ 4.40518, "o", "n" ]
[ 4.45779, "o", "e" ]
[ 4.50940, "o", "w" ]
[ 4.56126, "o", " " ]
[ 4.61319, "o", "-" ]
[ 4.66492, "o", "s" ]
[ 4.71697, "o", " " ]
[ 4.76893, "o", "n" ]
[ 4.82101, "o", "e" ]
[ 4.87279, "o", "w" ]
[ 4.92524, "o", "_" ]
[ 4.97742, "o", "s" ]
[ 5.02913, "o", "e" ]
[ 5.08167, "o", "s" ]
[ 5.13331, "o", "s" ]
[ 5.18531, "o", "i" ]
[ 5.23719, "o", "o" ]
[ 5.28941, "o", "n" ]
[ 5.34142, "o", "s" ]
[ 5.39331, "o", "\u001b[?2004l\r\r\n" ]
[ 5.51181, "o", "\u001b[?1049h\u001b[22;0;0t\u001b[?1h\u001b=\u001b[H\u001b[2J\u001b[?12l\u001b[?25h\u001b[?1000l\u001b[?1002l\u001b[?1003l\u001b[?1006l\u001b[?1005l\u001b(B\u001b[m\u001b[?12l\u001b[?25h\u001b[?1006l\u001b[?1000l\u001b[?1002l\u001b[?1003l\u001b[?2004l\u001b[1;1H\u001b[1;26r\u001b[>c\u001b[>q\u001b[1;1H" ]
[ 5.51203, "o", "\u001b[?25l\u001b[K\r\n\u001b[K\r\n\u001b[K\r\n\u001b[K\r\n\u001b[K\r\n\u001b[K\r\n\u001b[K\r\n\u001b[K\r\n\u001b[K\r\n\u001b[K\r\n\u001b[K\r\n\u001b[K\r\n\u001b[K\r\n\u001b[K\r\n\u001b[K\r\n\u001b[K\r\n\u001b[K\r\n\u001b[K\r\n\u001b[K\r\n\u001b[K\r\n\u001b[K\r\n\u001b[K\r\n\u001b[K\r\n\u001b[K\r\n\u001b[K\u001b[30m\u001b[42m\r\n[new_sessi0:bash*                                                     \"17a287aabe9f\" 08:55 17-Jul-23\u001b(B\u001b[m\u001b[?12l\u001b[?25h\u001b[1;1H" ]
[ 5.51207, "o", "\u001b(B\u001b[m\u001b[?12l\u001b[?25h\u001b[?1006l\u001b[?1000l\u001b[?1002l\u001b[?1003l\u001b[?2004l\u001b[1;1H\u001b[1;26r\u001b[1;1H" ]
[ 5.51228, "o", "\u001b[?25l\u001b[K\r\n\u001b[K\r\n\u001b[K\r\n\u001b[K\r\n\u001b[K\r\n\u001b[K\r\n\u001b[K\r\n\u001b[K\r\n\u001b[K\r\n\u001b[K\r\n\u001b[K\r\n\u001b[K\r\n\u001b[K\r\n\u001b[K\r\n\u001b[K\r\n\u001b[K\r\n\u001b[K\r\n\u001b[K\r\n\u001b[K\r\n\u001b[K\r\n\u001b[K\r\n\u001b[K\r\n\u001b[K\r\n\u001b[K\r\n\u001b[K\u001b[30m\u001b[42m\r\n[new_sessi0:bash*                                                     \"17a287aabe9f\" 08:55 17-Jul-23\u001b(B\u001b[m\u001b[?12l\u001b[?25h\u001b[1;1H" ]
[ 5.51433, "o", "\u001b[?7727h" ]
[ 5.86170, "o", "[root@17a287aabe9f test]# \u001b[?2004h" ]
[ 8.39619, "o", "# A" ]
[ 8.44870, "o", "l" ]
[ 8.50120, "o", "l" ]
[ 8.55339, "o", " " ]
[ 8.60591, "o", "s" ]
[ 8.65821, "o", "h" ]
[ 8.70978, "o", "o" ]
[ 8.76206, "o", "r" ]
[ 8.81414, "o", "t" ]
[ 8.86677, "o", "c" ]
[ 8.91840, "o", "u" ]
[ 8.97079, "o", "t" ]
[ 9.02248, "o", " " ]
[ 9.07462, "o", "k" ]
[ 9.12623, "o", "e" ]
[ 9.17858, "o", "y" ]
[ 9.23164, "o", "s" ]
[ 9.28400, "o", " " ]
[ 9.33655, "o", "m" ]
[ 9.38887, "o", "u" ]
[ 9.44137, "o", "s" ]
[ 9.49296, "o", "t" ]
[ 9.54532, "o", " " ]
[ 9.59734, "o", "b" ]
[ 9.64915, "o", "e" ]
[ 9.70149, "o", " " ]
[ 9.75326, "o", "c" ]
[ 9.80551, "o", "a" ]
[ 9.85732, "o", "l" ]
[ 9.90921, "o", "l" ]
[ 9.96118, "o", "e" ]
[ 10.01396, "o", "d" ]
[ 10.06563, "o", " " ]
[ 10.11861, "o", "u" ]
[ 10.17100, "o", "p" ]
[ 10.22278, "o", " " ]
[ 10.27517, "o", "t" ]
[ 10.32700, "o", "h" ]
[ 10.37935, "o", "r" ]
[ 10.43124, "o", "o" ]
[ 10.48423, "o", "u" ]
[ 10.53668, "o", "g" ]
[ 10.58889, "o", "h" ]
[ 10.64139, "o", " " ]
[ 10.69302, "o", "p" ]
[ 10.74518, "o", "r" ]
[ 10.79723, "o", "e" ]
[ 10.85029, "o", "f" ]
[ 10.90218, "o", "i" ]
[ 10.95483, "o", "x" ]
[ 11.00748, "o", " " ]
[ 11.05922, "o", "k" ]
[ 11.11124, "o", "e" ]
[ 11.16370, "o", "y" ]
[ 11.21563, "o", "s" ]
[ 11.26737, "o", "." ]
[ 11.32040, "o", "\r\n\u001b[?2004l[root@17a287aabe9f test]# \u001b[?2004h" ]
[ 12.82472, "o", "# P" ]
[ 12.87694, "o", "r" ]
[ 12.92883, "o", "e" ]
[ 12.98116, "o", "s" ]
[ 13.03269, "o", "s" ]
[ 13.08507, "o", " " ]
[ 13.13777, "o", "`" ]
[ 13.18935, "o", "?" ]
[ 13.24158, "o", "`" ]
[ 13.29414, "o", " " ]
[ 13.34644, "o", "K" ]
[ 13.39806, "o", "e" ]
[ 13.45034, "o", "y" ]
[ 13.50204, "o", " " ]
[ 13.55444, "o", "t" ]
[ 13.60670, "o", "o" ]
[ 13.65843, "o", " " ]
[ 13.71039, "o", "v" ]
[ 13.76239, "o", "i" ]
[ 13.81552, "o", "e" ]
[ 13.86826, "o", "w" ]
[ 13.92121, "o", " " ]
[ 13.97294, "o", "s" ]
[ 14.02517, "o", "h" ]
[ 14.07736, "o", "o" ]
[ 14.12955, "o", "r" ]
[ 14.18209, "o", "t" ]
[ 14.23385, "o", "c" ]
[ 14.28637, "o", "u" ]
[ 14.33794, "o", "t" ]
[ 14.38996, "o", " " ]
[ 14.44169, "o", "k" ]
[ 14.49410, "o", "e" ]
[ 14.54660, "o", "y" ]
[ 14.59827, "o", " " ]
[ 14.65064, "o", "h" ]
[ 14.70220, "o", "e" ]
[ 14.75423, "o", "l" ]
[ 14.80599, "o", "p" ]
[ 14.85798, "o", "," ]
[ 14.90962, "o", " " ]
[ 14.96204, "o", "p" ]
[ 15.01423, "o", "r" ]
[ 15.06644, "o", "e" ]
[ 15.11871, "o", "s" ]
[ 15.17022, "o", "s" ]
[ 15.22292, "o", " " ]
[ 15.27466, "o", "`" ]
[ 15.32737, "o", "E" ]
[ 15.37958, "o", "S" ]
[ 15.43142, "o", "C" ]
[ 15.48374, "o", "`" ]
[ 15.53525, "o", " " ]
[ 15.58822, "o", "o" ]
[ 15.63986, "o", "r" ]
[ 15.69294, "o", " " ]
[ 15.74466, "o", "`" ]
[ 15.79687, "o", "q" ]
[ 15.84921, "o", "`" ]
[ 15.90145, "o", " " ]
[ 15.95385, "o", "k" ]
[ 16.00559, "o", "e" ]
[ 16.05735, "o", "y" ]
[ 16.10888, "o", " " ]
[ 16.16474, "o", "t" ]
[ 16.21343, "o", "o" ]
[ 16.26591, "o", " " ]
[ 16.31786, "o", "e" ]
[ 16.36983, "o", "x" ]
[ 16.42244, "o", "i" ]
[ 16.47407, "o", "t" ]
[ 16.52644, "o", "  \r" ]
[ 16.57849, "o", "h" ]
[ 16.63153, "o", "e" ]
[ 16.68362, "o", "l" ]
[ 16.73598, "o", "p" ]
[ 16.78822, "o", "\r\n\u001b[?2004l[root@17a287aabe9f test]# \u001b[?2004h" ]
[ 18.29261, "o", "\u001b[?25l\u001b[30m\u001b[42m\u001b[26;1H[new_sessi0:bash*                                                     \"17a287aabe9f\" 08:56 17-Jul-23\u001b(B\u001b[m\u001b[?12l\u001b[?25h\u001b[4;27H" ]
