{"version":2,"width":100,"height":26,"timestamp":1693280716,"env":{"SHELL":"","TERM":"xterm"}}
[ 0.00000, "o", "" ]
[ 0.01775, "o", "\u001b[19491001\u001b[1;35m> \u001b[20210325\u001b[0m\u001b[K\u001b[?2004h" ]
[ 0.41975, "o", "x" ]
[ 0.47203, "o", "\bx " ]
[ 0.52375, "o", "e" ]
[ 0.57600, "o", "x" ]
[ 0.62798, "o", "a" ]
[ 0.68007, "o", " " ]
[ 0.73201, "o", "-" ]
[ 0.78398, "o", "l" ]
[ 0.83615, "o", "h" ]
[ 0.88831, "o", "T" ]
[ 3.94243, "o", "\u001b[?2004l\r\r\n" ]
[ 4.15113, "o", "\u001b[4mPermissions\u001b[0m \u001b[4mSize\u001b[0m \u001b[4mUser\u001b[0m \u001b[4mDate Modified\u001b[0m \u001b[4mName\u001b[0m\r\n\u001b[1;34md\u001b[33mr\u001b[31mw\u001b[32mx\u001b[0m\u001b[33mr\u001b[38;5;244m-\u001b[32mx\u001b[33mr\u001b[38;5;244m-\u001b[32mx\u001b[0m     \u001b[38;5;244m-\u001b[0m \u001b[1;33mroot\u001b[0m \u001b[34m29 Aug 03:45\u001b[0m  \u001b[1;34m.\u001b[0m\r\n.\u001b[1;33mr\u001b[31mw\u001b[0m\u001b[38;5;244m-\u001b[33mr\u001b[38;5;244m--\u001b[33mr\u001b[38;5;244m--\u001b[0m   \u001b[1;32m331\u001b[0m \u001b[1;33mroot\u001b[0m \u001b[34m29 Aug 03:45\u001b[0m  \u001b[38;5;244m├──\u001b[0m data.yml\r\n.\u001b[1;33mr\u001b[31mw\u001b[0m\u001b[38;5;244m-\u001b[33mr\u001b[38;5;244m--\u001b[33mr\u001b[38;5;244m--\u001b[0m   \u001b[1;32m108\u001b[0m \u001b[1;33mroot\u001b[0m \u001b[34m29 Aug 03:45\u001b[0m  \u001b[38;5;244m├──\u001b[0m hello.go\r\n.\u001b[1;33mr\u001b[31mw\u001b[0m\u001b[38;5;244m-\u001b[33mr\u001b[38;5;244m--\u001b[33mr\u001b[38;5;244m--\u001b[0m    \u001b[1;32m57\u001b[0m \u001b[1;33mroot\u001b[0m \u001b[34m29 Aug 03:45\u001b[0m  \u001b[38;5;244m├──\u001b[0m hello.py\r\n.\u001b[1;33mr\u001b[31mw\u001b[0m\u001b[38;5;244m-\u001b[33mr\u001b[38;5;244m--\u001b[33mr\u001b[38;5;244m--\u001b[0m    \u001b[1;32m43\u001b[0m \u001b[1;33mroot\u001b[0m \u001b[34m29 Aug 03:45\u001b[0m  \u001b[38;5;244m├──\u001b[0m hello.rs\r\n\u001b[1;34md\u001b[33mr\u001b[31mw\u001b[32mx\u001b[0m\u001b[33mr\u001b[38;5;244m-\u001b[32mx\u001b[33mr\u001b[38;5;244m-\u001b[32mx\u001b[0m     \u001b[38;5;244m-\u001b[0m \u001b[1;33mroot\u001b[0m \u001b[34m" ]
[ 4.15118, "o", "29 Aug 03:45\u001b[0m  \u001b[38;5;244m└──\u001b[0m \u001b[1;34mjson\u001b[0m\r\n.\u001b[1;33mr\u001b[31mw\u001b[0m\u001b[38;5;244m-\u001b[33mr\u001b[38;5;244m--\u001b[33mr\u001b[38;5;244m--\u001b[0m   \u001b[1;32m136\u001b[0m \u001b[1;33mroot\u001b[0m \u001b[34m29 Aug 03:45\u001b[0m  \u001b[38;5;244m   ├──\u001b[0m data.json\r\n.\u001b[1;33mr\u001b[31mw\u001b[0m\u001b[38;5;244m-\u001b[33mr\u001b[38;5;244m--\u001b[33mr\u001b[38;5;244m--\u001b[0m   \u001b[1;32m287\u001b[0m \u001b[1;33mroot\u001b[0m \u001b[34m29 Aug 03:45\u001b[0m  \u001b[38;5;244m   └──\u001b[0m test.json\r\n" ]
[ 4.15156, "o", "\u001b[1m\u001b[7m#\u001b[27m\u001b[1m\u001b[0m                                                                                                   \r \r\r\u001b[0m\u001b[27m\u001b[24m\u001b[J\r\n\u001b[19491001\u001b[1;35m> \u001b[20210325\u001b[0m" ]
[ 4.15167, "o", "\u001b[K\u001b[?2004h" ]
[ 4.94463, "o", "#\b# " ]
[ 4.94480, "o", "C" ]
[ 4.99694, "o", "o" ]
[ 5.04907, "o", "u" ]
[ 5.10121, "o", "n" ]
[ 5.15312, "o", "t" ]
[ 5.20500, "o", " " ]
[ 5.25724, "o", "t" ]
[ 5.30913, "o", "h" ]
[ 5.36114, "o", "e" ]
[ 5.41266, "o", " " ]
[ 5.46510, "o", "c" ]
[ 5.51763, "o", "o" ]
[ 5.56984, "o", "d" ]
[ 5.62178, "o", "e" ]
[ 5.67388, "o", " " ]
[ 5.72601, "o", "o" ]
[ 5.77840, "o", "f" ]
[ 5.83084, "o", " " ]
[ 5.88291, "o", "t" ]
[ 5.93545, "o", "h" ]
[ 5.98710, "o", "e" ]
[ 6.03906, "o", " " ]
[ 6.09117, "o", "p" ]
[ 6.14320, "o", "r" ]
[ 6.19530, "o", "o" ]
[ 6.24740, "o", "j" ]
[ 6.29955, "o", "e" ]
[ 6.35160, "o", "c" ]
[ 6.40359, "o", "t" ]
[ 6.45610, "o", "\u001b[?2004l\r\r\n" ]
[ 6.45638, "o", "\u001b[1m\u001b[7m#\u001b[27m\u001b[1m\u001b[0m                                                                                                   \r \r\r\u001b[0m\u001b[27m\u001b[24m\u001b[J\r\n\u001b[19491001\u001b[1;35m> \u001b[20210325\u001b[0m\u001b[K\u001b[?2004h" ]
[ 7.96016, "o", "x" ]
[ 8.01235, "o", "\bx " ]
[ 8.06445, "o", "t" ]
[ 8.11708, "o", "o" ]
[ 8.16933, "o", "k" ]
[ 8.22142, "o", "e" ]
[ 8.27350, "o", "i" ]
[ 8.32571, "o", " " ]
[ 8.37757, "o", "d" ]
[ 8.42996, "o", "a" ]
[ 8.48206, "o", "t" ]
[ 8.53416, "o", "a" ]
[ 8.58626, "o", "." ]
[ 8.63842, "o", "y" ]
[ 8.69035, "o", "m" ]
[ 8.74231, "o", "l" ]
[ 11.79640, "o", "\u001b[?2004l\r\r\n" ]
[ 11.86089, "o", "===============================================================================\r\n Language            Files        Lines         Code     Comments       Blanks\r\n===============================================================================\r\n YAML                    1           19           16            1            2\r\n===============================================================================\r\n Total                   1           19           16            1            2\r\n===============================================================================\r\n" ]
[ 11.86153, "o", "\u001b[1m\u001b[7m#\u001b[27m\u001b[1m\u001b[0m                                                                                                   \r \r\r\u001b[0m\u001b[27m\u001b[24m\u001b[J\r\n\u001b[19491001\u001b[1;35m> \u001b[20210325\u001b[0m\u001b[K\u001b[?2004h" ]
[ 13.79882, "o", "#" ]
[ 13.79897, "o", "\b# " ]
[ 13.79899, "o", "C" ]
[ 13.85158, "o", "o" ]
[ 13.90381, "o", "u" ]
[ 13.95595, "o", "n" ]
[ 14.00800, "o", "t" ]
[ 14.06028, "o", " " ]
[ 14.11240, "o", "t" ]
[ 14.16443, "o", "h" ]
[ 14.21655, "o", "e" ]
[ 14.26860, "o", " " ]
[ 14.32100, "o", "c" ]
[ 14.37326, "o", "o" ]
[ 14.42543, "o", "d" ]
[ 14.47749, "o", "e" ]
[ 14.52965, "o", " " ]
[ 14.58172, "o", "o" ]
[ 14.63396, "o", "f" ]
[ 14.68594, "o", " " ]
[ 14.73793, "o", "t" ]
[ 14.79039, "o", "h" ]
[ 14.84258, "o", "e" ]
[ 14.89467, "o", " " ]
[ 14.94680, "o", "p" ]
[ 14.99860, "o", "r" ]
[ 15.05069, "o", "o" ]
[ 15.10265, "o", "j" ]
[ 15.15460, "o", "e" ]
[ 15.20702, "o", "c" ]
[ 15.25954, "o", "t" ]
[ 15.31159, "o", "\u001b[?2004l\r\r\n\u001b[1m\u001b[7m#\u001b[27m\u001b[1m\u001b[0m                                                                                                   \r \r\r\u001b[0m\u001b[27m\u001b[24m\u001b[J\r\n\u001b[19491001\u001b[1;35m> \u001b[20210325\u001b[0m\u001b[K\u001b[?2004h" ]
[ 16.81541, "o", "x" ]
[ 16.86771, "o", "\bx " ]
[ 16.91989, "o", "t" ]
[ 16.97181, "o", "o" ]
[ 17.02367, "o", "k" ]
[ 17.07567, "o", "e" ]
[ 17.12813, "o", "i" ]
[ 17.18014, "o", " " ]
[ 17.23218, "o", "." ]
[ 17.28440, "o", "/" ]
[ 20.33823, "o", "\u001b[?2004l\r\r\n" ]
[ 20.34477, "o", "===============================================================================\r\n Language            Files        Lines         Code     Comments       Blanks\r\n===============================================================================\r\n Go                      1            7            6            0            1\r\n JSON                    2           27           25            0            2\r\n Python                  1            4            2            1            1\r\n Rust                    1            3            3            0            0\r\n YAML                    1           19           16            1            2\r\n===============================================================================\r\n Total                   6           60           52            2            6\r\n===============================================================================\r\n" ]
[ 20.34552, "o", "\u001b[1m\u001b[7m#\u001b[27m\u001b[1m\u001b[0m                                                                                                   \r \r\r\u001b[0m\u001b[27m\u001b[24m\u001b[J\r\n\u001b[19491001\u001b[1;35m> \u001b[20210325\u001b[0m\u001b[K\u001b[?2004h" ]
[ 22.34070, "o", "#\b# " ]
[ 22.34090, "o", "S" ]
[ 22.39367, "o", "o" ]
[ 22.44617, "o", "r" ]
[ 22.49834, "o", "t" ]
[ 22.55063, "o", " " ]
[ 22.60288, "o", "l" ]
[ 22.65495, "o", "a" ]
