{"version":2,"width":100,"height":26,"timestamp":1690274032,"env":{"SHELL":"","TERM":"xterm"}}
[ 0.00000, "o", "" ]
[ 0.16734, "o", "\u001b[19491001\u001b[1;35m> \u001b[20210325\u001b[0m\u001b[K" ]
[ 0.16750, "o", "\u001b[?2004h" ]
[ 2.40323, "o", "#\b# " ]
[ 2.40339, "o", "T" ]
[ 2.45502, "o", "r" ]
[ 2.50704, "o", "a" ]
[ 2.55951, "o", "c" ]
[ 2.61118, "o", "k" ]
[ 2.66273, "o", " " ]
[ 2.71447, "o", "t" ]
[ 2.76605, "o", "h" ]
[ 2.81881, "o", "e" ]
[ 2.87068, "o", " " ]
[ 2.92271, "o", "t" ]
[ 2.97496, "o", "r" ]
[ 3.02744, "o", "a" ]
[ 3.07945, "o", "n" ]
[ 3.13095, "o", "s" ]
[ 3.18257, "o", "m" ]
[ 3.23413, "o", "i" ]
[ 3.28612, "o", "s" ]
[ 3.33772, "o", "s" ]
[ 3.39017, "o", "i" ]
[ 3.44289, "o", "o" ]
[ 3.49535, "o", "n" ]
[ 3.54720, "o", " " ]
[ 3.59918, "o", "p" ]
[ 3.65210, "o", "a" ]
[ 3.70379, "o", "t" ]
[ 3.75550, "o", "h" ]
[ 3.80759, "o", " " ]
[ 3.85905, "o", "o" ]
[ 3.91078, "o", "f" ]
[ 3.96223, "o", " " ]
[ 4.01433, "o", "d" ]
[ 4.06597, "o", "a" ]
[ 4.11792, "o", "t" ]
[ 4.16968, "o", "a" ]
[ 4.22190, "o", "g" ]
[ 4.27396, "o", "r" ]
[ 4.32566, "o", "a" ]
[ 4.37734, "o", "m" ]
[ 4.42927, "o", "s" ]
[ 4.48122, "o", "\u001b[?2004l\r\r\n\u001b[1m\u001b[7m#\u001b[27m\u001b[1m\u001b[0m                                                                                                   \r \r" ]
[ 4.48128, "o", "\r\u001b[0m\u001b[27m\u001b[24m\u001b[J\r\n\u001b[19491001\u001b[1;35m> \u001b[20210325\u001b[0m\u001b[K\u001b[?2004h" ]
[ 5.40723, "o", "x" ]
[ 5.45892, "o", "\bx " ]
[ 5.51111, "o", "t" ]
[ 5.56331, "o", "r" ]
[ 5.61471, "o", "a" ]
[ 5.66654, "o", "c" ]
[ 5.71806, "o", "e" ]
[ 5.77007, "o", "r" ]
[ 5.82197, "o", "o" ]
[ 5.87400, "o", "u" ]
[ 5.92665, "o", "t" ]
[ 5.97906, "o", "e" ]
[ 6.03162, "o", " " ]
[ 6.08434, "o", "w" ]
[ 6.13666, "o", "w" ]
[ 6.18835, "o", "w" ]
[ 6.24013, "o", "." ]
[ 6.29196, "o", "g" ]
[ 6.34513, "o", "i" ]
[ 6.39714, "o", "t" ]
[ 6.44855, "o", "h" ]
[ 6.50054, "o", "u" ]
[ 6.55220, "o", "b" ]
[ 6.60388, "o", "." ]
[ 6.65602, "o", "c" ]
[ 6.70811, "o", "o" ]
[ 6.75978, "o", "m" ]
[ 7.01356, "o", "\u001b[?2004l\r\r\n" ]
[ 7.16941, "o", "traceroute to www.github.com (20.205.243.166), 30 hops max, 60 byte packets" ]
[ 7.16996, "o", "\r\n" ]
[ 8.44479, "o", " 1  172.17.0.1 (172.17.0.1)  0.029 ms  0.008 ms  0.006 ms\r\n" ]
[ 9.53741, "o", " 2  192.168.65.5 (192.168.65.5)  0.040 ms  0.015 ms  0.010 ms" ]
[ 12.18344, "o", "\r\n 3  * * *\r\n 4  * * *\r\n 5  * * *\r\n 6  *" ]
[ 14.54183, "o", " * *\r\n 7  * * *\r\n 8  *" ]
[ 17.18750, "o", " * *\r\n 9  * * *\r\n10  * * *" ]
[ 17.18780, "o", "\r\n11  * *" ]
[ 19.54701, "o", " *\r\n12  * * *\r\n13  * *" ]
[ 22.20169, "o", " *\r\n14  * * *\r\n15  * * *\r\n16  * * *" ]
[ 24.55457, "o", "\r\n17  * * *\r\n18  * * *" ]
[ 27.21475, "o", "\r\n19  * * *\r\n20  * * *\r\n21  * * *\r\n22  *" ]
[ 29.56724, "o", " * *\r\n23  * * *\r\n24  *" ]
[ 32.22451, "o", " * *\r\n25  * * *\r\n26  * * *\r\n27  * *" ]
[ 34.57986, "o", " *\r\n28  * * *\r\n29  * *" ]
[ 37.23496, "o", " *\r\n30  * * *\r\n" ]
[ 37.23546, "o", "\u001b[1m\u001b[7m#\u001b[27m\u001b[1m\u001b[0m                                                                                                   \r \r" ]
[ 37.23575, "o", "\r\u001b[0m\u001b[27m\u001b[24m\u001b[J\r\n\u001b[19491001\u001b[1;35m> \u001b[20210325\u001b[0m\u001b[K\u001b[?2004h" ]
[ 39.45617, "o", "#" ]
[ 39.45640, "o", "\b# S" ]
[ 39.50808, "o", "p" ]
[ 39.55987, "o", "e" ]
[ 39.61136, "o", "c" ]
[ 39.66288, "o", "i" ]
[ 39.71579, "o", "f" ]
[ 39.76758, "o", "y" ]
[ 39.81989, "o", " " ]
[ 39.87159, "o", "a" ]
[ 39.92342, "o", " " ]
[ 39.97499, "o", "m" ]
[ 40.02676, "o", "a" ]
[ 40.07820, "o", "x" ]
[ 40.12991, "o", "i" ]
[ 40.18155, "o", "m" ]
[ 40.23351, "o", "u" ]
[ 40.28533, "o", "m" ]
[ 40.33694, "o", " " ]
[ 40.38907, "o", "m" ]
[ 40.44065, "o", "e" ]
[ 40.49264, "o", "t" ]
[ 40.54441, "o", "r" ]
[ 40.59608, "o", "i" ]
[ 40.64777, "o", "c" ]
[ 40.69950, "o", " " ]
[ 40.75181, "o", "o" ]
[ 40.80358, "o", "f" ]
[ 40.85521, "o", " " ]
[ 40.90751, "o", "7" ]
[ 40.95918, "o", " " ]
[ 41.01090, "o", "t" ]
[ 41.06235, "o", "o" ]
[ 41.11434, "o", " " ]
[ 41.16612, "o", "l" ]
[ 41.21779, "o", "i" ]
[ 41.26931, "o", "m" ]
[ 41.32115, "o", "i" ]
[ 41.37332, "o", "t" ]
[ 41.42519, "o", " " ]
[ 41.47742, "o", "t" ]
[ 41.52906, "o", "h" ]
[ 41.58075, "o", "e" ]
[ 41.63241, "o", " " ]
[ 41.68475, "o", "t" ]
[ 41.73643, "o", "r" ]
[ 41.78817, "o", "a" ]
[ 41.84009, "o", "n" ]
[ 41.89160, "o", "s" ]
[ 41.94406, "o", "m" ]
[ 41.99574, "o", "i" ]
[ 42.04767, "o", "s" ]
[ 42.09931, "o", "s" ]
[ 42.15095, "o", "i" ]
[ 42.20307, "o", "o" ]
[ 42.25483, "o", "n" ]
[ 42.30638, "o", " " ]
[ 42.35830, "o", "p" ]
[ 42.41037, "o", "a" ]
[ 42.46184, "o", "t" ]
[ 42.51397, "o", "h" ]
[ 42.56570, "o", " " ]
[ 42.61764, "o", "o" ]
[ 42.66927, "o", "f" ]
[ 42.72083, "o", " " ]
[ 42.77242, "o", "d" ]
[ 42.82448, "o", "a" ]
[ 42.87613, "o", "t" ]
[ 42.92835, "o", "a" ]
[ 42.98008, "o", " " ]
[ 43.03179, "o", "p" ]
[ 43.08367, "o", "a" ]
[ 43.13542, "o", "c" ]
[ 43.18687, "o", "k" ]
[ 43.23889, "o", "e" ]
[ 43.29029, "o", "t" ]
[ 43.34195, "o", "s" ]
[ 43.39385, "o", " " ]
[ 43.44569, "o", "t" ]
[ 43.49769, "o", "o" ]
[ 43.54947, "o", " " ]
[ 43.60202, "o", "7" ]
[ 43.65388, "o", " " ]
[ 43.70613, "o", "r" ]
[ 43.75767, "o", "o" ]
[ 43.80949, "o", "u" ]
[ 43.86107, "o", "t" ]
[ 43.91376, "o", "e" ]
[ 43.96608, "o", "r" ]
[ 44.01753, "o", "s" ]
[ 44.06898, "o", "\u001b[?2004l\r\r\n" ]
[ 44.06909, "o", "\u001b[1m\u001b[7m#\u001b[27m\u001b[1m\u001b[0m                                                                                                   \r \r" ]
[ 44.06923, "o", "\r\u001b[0m\u001b[27m\u001b[24m\u001b[J\r\n\u001b[19491001\u001b[1;35m> \u001b[20210325\u001b[0m\u001b[K\u001b[?2004h" ]
[ 44.57107, "o", "x" ]
[ 44.62283, "o", "\bx " ]
[ 44.67464, "o", "t" ]
[ 44.72633, "o", "r" ]
[ 44.77778, "o", "a" ]
[ 44.82973, "o", "c" ]
[ 44.88173, "o", "e" ]
[ 44.93386, "o", "r" ]
[ 44.98581, "o", "o" ]
[ 45.03774, "o", "u" ]
[ 45.08949, "o", "t" ]
[ 45.14137, "o", "e" ]
[ 45.19293, "o", " " ]
[ 45.24500, "o", "-" ]
[ 45.29688, "o", "m" ]
[ 45.34877, "o", " " ]
[ 45.40071, "o", "7" ]
[ 45.45328, "o", " " ]
[ 45.50499, "o", "w" ]
[ 45.55649, "o", "w" ]
[ 45.60822, "o", "w" ]
[ 45.65979, "o", "." ]
[ 45.71173, "o", "g" ]
[ 45.76330, "o", "i" ]
[ 45.81492, "o", "t" ]
[ 45.86682, "o", "h" ]
[ 45.91838, "o", "u" ]
[ 45.97027, "o", "b" ]
[ 46.02244, "o", "." ]
[ 46.07393, "o", "c" ]
[ 46.12548, "o", "o" ]
[ 46.17703, "o", "m" ]
[ 46.43030, "o", "\u001b[?2004l\r\r\n" ]
[ 46.76645, "o", "traceroute to www.github.com (20.205.243.166), 7 hops max, 60 byte packets" ]
[ 46.76719, "o", "\r\n" ]
[ 47.98162, "o", " 1  172.17.0.1 (172.17.0.1)  0.025 ms  0.035 ms  0.008 ms\r\n" ]
[ 49.30881, "o", " 2  192.168.65.5 (192.168.65.5)  0.027 ms  0.012 ms  0.010 ms" ]
[ 51.77950, "o", "\r\n 3  * * *\r\n 4  * * *\r\n 5  * * *\r\n 6  *" ]
[ 54.32249, "o", " * *\r\n 7  * * *\r\n" ]
[ 54.32291, "o", "\u001b[1m\u001b[7m#\u001b[27m\u001b[1m\u001b[0m                                                                                                   \r \r\r\u001b[0m\u001b[27m\u001b[24m\u001b[J\r\n\u001b[19491001\u001b[1;35m> \u001b[20210325\u001b[0m\u001b[K\u001b[?2004h" ]
[ 54.47853, "o", "#\b# D" ]
[ 54.53015, "o", "i" ]
[ 54.58249, "o", "s" ]
[ 54.63406, "o", "p" ]
[ 54.68664, "o", "l" ]
[ 54.73825, "o", "a" ]
[ 54.79014, "o", "y" ]
[ 54.84200, "o", " " ]
[ 54.89399, "o", "o" ]
[ 54.94586, "o", "n" ]
[ 54.99770, "o", "l" ]
[ 55.04991, "o", "y" ]
[ 55.10186, "o", " " ]
[ 55.15395, "o", "I" ]
[ 55.20579, "o", "P" ]
[ 55.25781, "o", " " ]
[ 55.30977, "o", "a" ]
[ 55.36142, "o", "d" ]
[ 55.41330, "o", "d" ]
[ 55.46489, "o", "r" ]
[ 55.51735, "o", "e" ]
[ 55.56900, "o", "s" ]
[ 55.62110, "o", "s" ]
[ 55.67291, "o", "e" ]
[ 55.72462, "o", "s" ]
[ 55.77655, "o", " " ]
[ 55.82815, "o", "a" ]
[ 55.88012, "o", "n" ]
[ 55.93175, "o", "d" ]
[ 55.98415, "o", " " ]
[ 56.03567, "o", "n" ]
[ 56.08705, "o", "o" ]
[ 56.13896, "o", "t" ]
