{"version":2,"width":100,"height":26,"timestamp":1693272561,"env":{"SHELL":"","TERM":"xterm"}}
[ 0.00000, "o", "" ]
[ 0.01993, "o", "\u001b[19491001\u001b[1;35m> \u001b[20210325\u001b[0m\u001b[K" ]
[ 0.02008, "o", "\u001b[?2004h" ]
[ 0.38404, "o", "#\b# P" ]
[ 0.43612, "o", "r" ]
[ 0.48829, "o", "i" ]
[ 0.54016, "o", "n" ]
[ 0.59253, "o", "t" ]
[ 0.64402, "o", " " ]
[ 0.69706, "o", "c" ]
[ 0.74880, "o", "o" ]
[ 0.80123, "o", "l" ]
[ 0.85321, "o", "u" ]
[ 0.90519, "o", "m" ]
[ 0.95765, "o", "n" ]
[ 1.00971, "o", "s" ]
[ 1.06175, "o", " " ]
[ 1.11495, "o", "1" ]
[ 1.16693, "o", "," ]
[ 1.21866, "o", "2" ]
[ 1.27086, "o", " " ]
[ 1.32273, "o", "i" ]
[ 1.37441, "o", "n" ]
[ 1.42648, "o", " " ]
[ 1.47848, "o", "t" ]
[ 1.53126, "o", "h" ]
[ 1.58300, "o", "e" ]
[ 1.63466, "o", " " ]
[ 1.68644, "o", "d" ]
[ 1.73891, "o", "a" ]
[ 1.79081, "o", "t" ]
[ 1.84257, "o", "a" ]
[ 1.89496, "o", "." ]
[ 1.94743, "o", "c" ]
[ 1.99962, "o", "s" ]
[ 2.05136, "o", "v" ]
[ 2.10387, "o", " " ]
[ 2.15547, "o", "d" ]
[ 2.20762, "o", "a" ]
[ 2.25949, "o", "t" ]
[ 2.31155, "o", "a" ]
[ 2.36429, "o", "\u001b[?2004l\r\r\n" ]
[ 2.36447, "o", "\u001b[1m\u001b[7m#\u001b[27m\u001b[1m\u001b[0m                                                                                                   \r \r\r\u001b[0m\u001b[27m\u001b[24m\u001b[J\r\n\u001b[19491001\u001b[1;35m> \u001b[20210325\u001b[0m\u001b[K\u001b[?2004h" ]
[ 3.86865, "o", "x" ]
[ 3.92100, "o", "\bx " ]
[ 3.97267, "o", "t" ]
[ 4.02460, "o", "r" ]
[ 4.07619, "o", "d" ]
[ 4.12818, "o", "s" ]
[ 4.18014, "o", "q" ]
[ 4.23275, "o", "l" ]
[ 4.28447, "o", " " ]
[ 4.33639, "o", "\"" ]
[ 4.38830, "o", "S" ]
[ 4.44002, "o", "E" ]
[ 4.49191, "o", "L" ]
[ 4.54351, "o", "E" ]
[ 4.59558, "o", "C" ]
[ 4.64727, "o", "T" ]
[ 4.69973, "o", " " ]
[ 4.75150, "o", "c" ]
[ 4.80367, "o", "1" ]
[ 4.85543, "o", "," ]
[ 4.90692, "o", "c" ]
[ 4.95875, "o", "2" ]
[ 5.01036, "o", " " ]
[ 5.06239, "o", "F" ]
[ 5.11416, "o", "R" ]
[ 5.16656, "o", "O" ]
[ 5.21853, "o", "M" ]
[ 5.27016, "o", " " ]
[ 5.32201, "o", "d" ]
[ 5.37363, "o", "a" ]
[ 5.42559, "o", "t" ]
[ 5.47749, "o", "a" ]
[ 5.52952, "o", "." ]
[ 5.58134, "o", "c" ]
[ 5.63309, "o", "s" ]
[ 5.68492, "o", "v" ]
[ 5.73672, "o", "\"" ]
[ 8.79025, "o", "\u001b[?2004l\r\r\n" ]
[ 9.00689, "o", "PID,TTY\r\n9446,pts/2\r\n17654,pts/2\r\n" ]
[ 9.00767, "o", "\u001b[1m\u001b[7m#\u001b[27m\u001b[1m\u001b[0m                                                                                                   \r \r\r\u001b[0m\u001b[27m\u001b[24m\u001b[J\r\n\u001b[19491001\u001b[1;35m> \u001b[20210325\u001b[0m\u001b[K" ]
[ 9.00785, "o", "\u001b[?2004h" ]
[ 10.79246, "o", "#\b# " ]
[ 10.79268, "o", "U" ]
[ 10.84444, "o", "s" ]
[ 10.89605, "o", "e" ]
[ 10.94856, "o", " " ]
[ 11.00026, "o", "t" ]
[ 11.05199, "o", "h" ]
[ 11.10383, "o", "e" ]
[ 11.15547, "o", " " ]
[ 11.20742, "o", "t" ]
[ 11.25905, "o", "a" ]
[ 11.31122, "o", "b" ]
[ 11.36319, "o", " " ]
[ 11.41490, "o", "c" ]
[ 11.46670, "o", "h" ]
[ 11.51832, "o", "a" ]
[ 11.57035, "o", "r" ]
[ 11.62214, "o", "a" ]
[ 11.67404, "o", "c" ]
[ 11.72602, "o", "t" ]
[ 11.77796, "o", "e" ]
[ 11.82978, "o", "r" ]
[ 11.88139, "o", " " ]
[ 11.93317, "o", "\\" ]
[ 11.98505, "o", "t" ]
[ 12.03703, "o", " " ]
[ 12.08853, "o", "t" ]
[ 12.14070, "o", "o" ]
[ 12.19243, "o", " " ]
[ 12.24486, "o", "s" ]
[ 12.29682, "o", "e" ]
[ 12.34860, "o", "p" ]
[ 12.40049, "o", "a" ]
[ 12.45220, "o", "r" ]
[ 12.50423, "o", "a" ]
[ 12.55606, "o", "t" ]
[ 12.60836, "o", "e" ]
[ 12.66125, "o", " " ]
[ 12.71291, "o", "t" ]
[ 12.76501, "o", "h" ]
[ 12.81647, "o", "e" ]
[ 12.86877, "o", " " ]
[ 12.92092, "o", "o" ]
[ 12.97287, "o", "u" ]
[ 13.02492, "o", "t" ]
[ 13.07756, "o", "p" ]
[ 13.12991, "o", "u" ]
[ 13.18163, "o", "t" ]
[ 13.23363, "o", "\u001b[?2004l\r\r\n" ]
[ 13.23377, "o", "\u001b[1m\u001b[7m#\u001b[27m\u001b[1m\u001b[0m                                                                                                   \r \r\r\u001b[0m\u001b[27m\u001b[24m\u001b[J\r\n\u001b[19491001\u001b[1;35m> \u001b[20210325\u001b[0m\u001b[K\u001b[?2004h" ]
[ 14.73752, "o", "x" ]
[ 14.78940, "o", "\bx " ]
[ 14.84115, "o", "t" ]
[ 14.89332, "o", "r" ]
[ 14.94509, "o", "d" ]
[ 14.99682, "o", "s" ]
[ 15.04870, "o", "q" ]
[ 15.10058, "o", "l" ]
[ 15.15232, "o", " " ]
[ 15.20453, "o", "-" ]
[ 15.25728, "o", "o" ]
[ 15.30906, "o", "d" ]
[ 15.36207, "o", " " ]
[ 15.41385, "o", "\"" ]
[ 15.46568, "o", "\\" ]
[ 15.51725, "o", "t" ]
[ 15.56932, "o", "\"" ]
[ 15.62099, "o", " " ]
[ 15.67310, "o", "\"" ]
[ 15.72537, "o", "S" ]
[ 15.77785, "o", "E" ]
[ 15.82975, "o", "L" ]
[ 15.88132, "o", "E" ]
[ 15.93355, "o", "C" ]
[ 15.98507, "o", "T" ]
[ 16.03714, "o", " " ]
[ 16.08892, "o", "*" ]
[ 16.14134, "o", " " ]
[ 16.19322, "o", "F" ]
[ 16.24516, "o", "R" ]
[ 16.29716, "o", "O" ]
[ 16.34890, "o", "M" ]
[ 16.40130, "o", " " ]
[ 16.45301, "o", "d" ]
[ 16.50517, "o", "a" ]
[ 16.55674, "o", "t" ]
[ 16.60889, "o", "a" ]
[ 16.66095, "o", "." ]
[ 16.71279, "o", "c" ]
[ 16.76500, "o", "s" ]
[ 16.81677, "o", "v" ]
[ 16.86856, "o", "\"" ]
[ 19.92253, "o", "\u001b[?2004l\r\r\n" ]
[ 19.92841, "o", "PID\tTTY\tTIME\tCMD\r\n9446\tpts/2\t00:00:00\tbash\r\n17654\tpts/2\t00:00:00\tgit\r\n" ]
[ 19.92942, "o", "\u001b[1m\u001b[7m#\u001b[27m\u001b[1m\u001b[0m                                                                                                   \r \r\r\u001b[0m\u001b[27m\u001b[24m\u001b[J\r\n\u001b[19491001\u001b[1;35m> \u001b[20210325\u001b[0m" ]
[ 19.92955, "o", "\u001b[K\u001b[?2004h" ]
[ 21.92494, "o", "#\b# " ]
[ 21.92516, "o", "S" ]
[ 21.97707, "o", "p" ]
[ 22.02864, "o", "e" ]
[ 22.08036, "o", "c" ]
[ 22.13213, "o", "i" ]
[ 22.18399, "o", "f" ]
[ 22.23571, "o", "y" ]
[ 22.28769, "o", " " ]
[ 22.33941, "o", "t" ]
[ 22.39094, "o", "o" ]
[ 22.44311, "o", " " ]
[ 22.49496, "o", "o" ]
[ 22.54758, "o", "u" ]
[ 22.59970, "o", "t" ]
[ 22.65202, "o", "p" ]
[ 22.70415, "o", "u" ]
[ 22.75610, "o", "t" ]
[ 22.80836, "o", " " ]
[ 22.86046, "o", "q" ]
[ 22.91245, "o", "u" ]
[ 22.96400, "o", "e" ]
[ 23.01577, "o", "r" ]
[ 23.06800, "o", "y" ]
[ 23.12001, "o", " " ]
[ 23.17192, "o", "r" ]
[ 23.22446, "o", "e" ]
[ 23.27645, "o", "s" ]
[ 23.32806, "o", "u" ]
[ 23.37992, "o", "l" ]
[ 23.43162, "o", "t" ]
[ 23.48389, "o", "s" ]
[ 23.53554, "o", " " ]
[ 23.58772, "o", "i" ]
[ 23.63951, "o", "n" ]
[ 23.69122, "o", " " ]
[ 23.74305, "o", "M" ]
[ 23.79465, "o", "a" ]
[ 23.84655, "o", "r" ]
[ 23.89837, "o", "k" ]
[ 23.95064, "o", "d" ]
[ 24.00246, "o", "o" ]
[ 24.05412, "o", "w" ]
[ 24.10609, "o", "n" ]
[ 24.15744, "o", " " ]
[ 24.20943, "o", "f" ]
[ 24.26143, "o", "o" ]
[ 24.31321, "o", "r" ]
[ 24.36518, "o", "m" ]
[ 24.41745, "o", "a" ]
[ 24.46956, "o", "t" ]
[ 24.52152, "o", "\u001b[?2004l\r\r\n" ]
[ 24.52168, "o", "\u001b[1m\u001b[7m#\u001b[27m\u001b[1m\u001b[0m                                                                                                   \r \r\r\u001b[0m\u001b[27m\u001b[24m\u001b[J\r\n\u001b[19491001\u001b[1;35m> \u001b[20210325\u001b[0m\u001b[K\u001b[?2004h" ]
[ 26.02586, "o", "x" ]
[ 26.07777, "o", "\bx " ]
[ 26.12965, "o", "t" ]
[ 26.18142, "o", "r" ]
[ 26.23334, "o", "d" ]
[ 26.28511, "o", "s" ]
[ 26.33687, "o", "q" ]
[ 26.38852, "o", "l" ]
[ 26.44035, "o", " " ]
[ 26.49219, "o", "-" ]
[ 26.54438, "o", "o" ]
[ 26.59615, "o", "m" ]
[ 26.64790, "o", "d" ]
[ 26.69957, "o", " " ]
[ 26.75136, "o", "\"" ]
[ 26.80313, "o", "S" ]
[ 26.85509, "o", "E" ]
[ 26.90698, "o", "L" ]
[ 26.95941, "o", "E" ]
[ 27.01126, "o", "C" ]
[ 27.06303, "o", "T" ]
[ 27.11512, "o", " " ]
[ 27.16705, "o", "*" ]
[ 27.21876, "o", " " ]
[ 27.27071, "o", "F" ]
[ 27.32270, "o", "R" ]
[ 27.37503, "o", "O" ]
[ 27.42683, "o", "M" ]
[ 27.47861, "o", " " ]
[ 27.53054, "o", "d" ]
[ 27.58202, "o", "a" ]
[ 27.63372, "o", "t" ]
[ 27.68552, "o", "a" ]
[ 27.73738, "o", "." ]
[ 27.78920, "o", "c" ]
[ 27.84133, "o", "s" ]
[ 27.89329, "o", "v" ]
[ 27.94529, "o", "\"" ]
[ 30.99851, "o", "\u001b[?2004l\r\r\n" ]
[ 31.00437, "o", "|  c1   |" ]
