{"version":2,"width":100,"height":26,"timestamp":1693272842,"env":{"SHELL":"","TERM":"xterm"}}
[ 0.00000, "o", "" ]
[ 0.02058, "o", "\u001b[19491001\u001b[1;35m> \u001b[20210325\u001b[0m\u001b[K\u001b[?2004h" ]
[ 0.39221, "o", "x" ]
[ 0.44435, "o", "\bx " ]
[ 0.49599, "o", "e" ]
[ 0.54784, "o", "x" ]
[ 0.60032, "o", "a" ]
[ 0.65230, "o", " " ]
[ 0.70449, "o", "-" ]
[ 0.75644, "o", "l" ]
[ 0.80876, "o", "h" ]
[ 0.86100, "o", "T" ]
[ 3.91579, "o", "\u001b[?2004l\r\r\n" ]
[ 4.24945, "o", "\u001b[4mPermissions\u001b[0m \u001b[4mSize\u001b[0m \u001b[4mUser\u001b[0m \u001b[4mDate Modified\u001b[0m \u001b[4mName\u001b[0m\r\n\u001b[1;34md\u001b[33mr\u001b[31mw\u001b[32mx\u001b[0m\u001b[33mr\u001b[38;5;244m-\u001b[32mx\u001b[33mr\u001b[38;5;244m-\u001b[32mx\u001b[0m     \u001b[38;5;244m-\u001b[0m \u001b[1;33mroot\u001b[0m \u001b[34m29 Aug 01:34\u001b[0m  \u001b[1;34m.\u001b[0m\r\n.\u001b[1;33mr\u001b[31mw\u001b[0m\u001b[38;5;244m-\u001b[33mr\u001b[38;5;244m--\u001b[33mr\u001b[38;5;244m--\u001b[0m  \u001b[1;32m2.1\u001b[0m\u001b[32mM\u001b[0m \u001b[1;33mroot\u001b[0m \u001b[34m29 Aug 01:34\u001b[0m  \u001b[38;5;244m└──\u001b[0m test.exe\r\n" ]
[ 4.25015, "o", "\u001b[1m\u001b[7m#\u001b[27m\u001b[1m\u001b[0m                                                                                                   \r \r\r\u001b[0m\u001b[27m\u001b[24m\u001b[J\r\n\u001b[19491001\u001b[1;35m> \u001b[20210325\u001b[0m" ]
[ 4.25021, "o", "\u001b[K\u001b[?2004h" ]
[ 4.91859, "o", "#\b# " ]
[ 4.91876, "o", "C" ]
[ 4.97123, "o", "o" ]
[ 5.02314, "o", "m" ]
[ 5.07542, "o", "p" ]
[ 5.12757, "o", "r" ]
[ 5.17979, "o", "e" ]
[ 5.23189, "o", "s" ]
[ 5.28443, "o", "s" ]
[ 5.33658, "o", " " ]
[ 5.38942, "o", "t" ]
[ 5.44205, "o", "h" ]
[ 5.49433, "o", "e" ]
[ 5.54677, "o", " " ]
[ 5.59904, "o", "t" ]
[ 5.65095, "o", "e" ]
[ 5.70407, "o", "s" ]
[ 5.75594, "o", "t" ]
[ 5.80832, "o", "." ]
[ 5.86035, "o", "e" ]
[ 5.91309, "o", "x" ]
[ 5.96543, "o", "e" ]
[ 6.01775, "o", " " ]
[ 6.07096, "o", "f" ]
[ 6.12366, "o", "i" ]
[ 6.17560, "o", "l" ]
[ 6.22781, "o", "e" ]
[ 6.27989, "o", " " ]
[ 6.33207, "o", "a" ]
[ 6.38418, "o", "n" ]
[ 6.43643, "o", "d" ]
[ 6.48833, "o", " " ]
[ 6.54019, "o", "o" ]
[ 6.59211, "o", "u" ]
[ 6.64385, "o", "t" ]
[ 6.69567, "o", "p" ]
[ 6.74777, "o", "u" ]
[ 6.79976, "o", "t" ]
[ 6.85227, "o", " " ]
[ 6.90443, "o", "i" ]
[ 6.95661, "o", "t" ]
[ 7.00869, "o", " " ]
[ 7.06036, "o", "a" ]
[ 7.11256, "o", "s" ]
[ 7.16474, "o", " " ]
[ 7.21731, "o", "a" ]
[ 7.27001, "o", " " ]
[ 7.32250, "o", "t" ]
[ 7.37485, "o", "e" ]
[ 7.42700, "o", "s" ]
[ 7.47953, "o", "t" ]
[ 7.53123, "o", "." ]
[ 7.58325, "o", "z" ]
[ 7.63538, "o", "s" ]
[ 7.68763, "o", "t" ]
[ 7.73975, "o", " " ]
[ 7.79226, "o", "f" ]
[ 7.84424, "o", "i" ]
[ 7.89641, "o", "l" ]
[ 7.94894, "o", "e" ]
[ 8.00107, "o", "\u001b[?2004l\r\r\n" ]
[ 8.00123, "o", "\u001b[1m\u001b[7m#\u001b[27m\u001b[1m\u001b[0m                                                                                                   \r \r\r\u001b[0m\u001b[27m\u001b[24m\u001b[J\r\n\u001b[19491001\u001b[1;35m> \u001b[20210325\u001b[0m\u001b[K\u001b[?2004h" ]
[ 9.50593, "o", "x" ]
[ 9.55839, "o", "\bx " ]
[ 9.61069, "o", "z" ]
[ 9.66316, "o", "s" ]
[ 9.71552, "o", "t" ]
[ 9.76769, "o", "d" ]
[ 9.82017, "o", " " ]
[ 9.87217, "o", "t" ]
[ 9.92443, "o", "e" ]
[ 9.97637, "o", "s" ]
[ 10.02840, "o", "t" ]
[ 10.08033, "o", "." ]
[ 10.13216, "o", "e" ]
[ 10.18425, "o", "x" ]
[ 10.23656, "o", "e" ]
[ 10.28879, "o", " " ]
[ 10.34100, "o", "-" ]
[ 10.39362, "o", "o" ]
[ 10.44545, "o", " " ]
[ 10.49801, "o", "t" ]
[ 10.55010, "o", "e" ]
[ 10.60264, "o", "s" ]
[ 10.65521, "o", "t" ]
[ 10.70707, "o", "." ]
[ 10.75957, "o", "z" ]
[ 10.81195, "o", "s" ]
[ 10.86441, "o", "t" ]
[ 13.91836, "o", "\u001b[?2004l\r\r\n" ]
[ 14.02721, "o", "\r                                                                               \rRead:     0   B /  1.96 MiB ==>  0%" ]
[ 14.04168, "o", "\r                                                                               \rtest.exe             : 30.96%   (  1.96 MiB =>    622 KiB, test.zst) \r\n" ]
[ 14.04284, "o", "\u001b[1m\u001b[7m#\u001b[27m\u001b[1m\u001b[0m                                                                                                   \r \r\r\u001b[0m\u001b[27m\u001b[24m\u001b[J\r\n\u001b[19491001\u001b[1;35m> \u001b[20210325\u001b[0m\u001b[K\u001b[?2004h" ]
[ 15.92060, "o", "#\b# " ]
[ 15.92068, "o", "S" ]
[ 15.97276, "o", "p" ]
[ 16.02531, "o", "e" ]
[ 16.07788, "o", "c" ]
[ 16.13039, "o", "i" ]
[ 16.18286, "o", "f" ]
[ 16.23517, "o", "y" ]
[ 16.28727, "o", " " ]
[ 16.33961, "o", "c" ]
[ 16.39173, "o", "o" ]
[ 16.44401, "o", "m" ]
[ 16.49604, "o", "p" ]
[ 16.54835, "o", "r" ]
[ 16.60030, "o", "e" ]
[ 16.65295, "o", "s" ]
[ 16.70497, "o", "s" ]
[ 16.75689, "o", "i" ]
[ 16.80912, "o", "o" ]
[ 16.86155, "o", "n" ]
[ 16.91349, "o", " " ]
[ 16.96554, "o", "l" ]
[ 17.01840, "o", "e" ]
[ 17.07199, "o", "v" ]
[ 17.12414, "o", "e" ]
[ 17.17592, "o", "l" ]
[ 17.22754, "o", "\u001b[?2004l\r\r\n\u001b[1m\u001b[7m#\u001b[27m\u001b[1m\u001b[0m                                                                                                   \r \r" ]
[ 17.22769, "o", "\r\u001b[0m\u001b[27m\u001b[24m\u001b[J\r\n\u001b[19491001\u001b[1;35m> \u001b[20210325\u001b[0m\u001b[K\u001b[?2004h" ]
[ 18.73116, "o", "x" ]
[ 18.78353, "o", "\bx " ]
[ 18.83529, "o", "z" ]
[ 18.88743, "o", "s" ]
[ 18.93942, "o", "t" ]
[ 18.99202, "o", "d" ]
[ 19.04463, "o", " " ]
[ 19.09657, "o", "-" ]
[ 19.14831, "o", "1" ]
[ 19.20027, "o", "0" ]
[ 19.25316, "o", " " ]
[ 19.30517, "o", "t" ]
[ 19.35702, "o", "e" ]
[ 19.40929, "o", "s" ]
[ 19.46144, "o", "t" ]
[ 19.51335, "o", "." ]
[ 19.56494, "o", "e" ]
[ 19.61706, "o", "x" ]
[ 19.66880, "o", "e" ]
[ 19.72090, "o", " " ]
[ 19.77261, "o", "-" ]
[ 19.82437, "o", "o" ]
[ 19.87635, "o", " " ]
[ 19.92846, "o", "t" ]
[ 19.98003, "o", "e" ]
[ 20.03169, "o", "s" ]
[ 20.08361, "o", "t" ]
[ 20.13535, "o", "_" ]
[ 20.18712, "o", "1" ]
[ 20.23879, "o", "0" ]
[ 20.29049, "o", "." ]
[ 20.34249, "o", "z" ]
[ 20.39411, "o", "s" ]
[ 20.44635, "o", "t" ]
[ 24.50018, "o", "\u001b[?2004l\r\r\n" ]
[ 24.50176, "o", "\r                                                                               \rRead:     0   B /  1.96 MiB ==>  0%" ]
[ 24.56756, "o", "\r                                                                               \rtest.exe             : 29.04%   (  1.96 MiB =>    584 KiB, test_10.zst) \r\n" ]
[ 24.56889, "o", "\u001b[1m\u001b[7m#\u001b[27m\u001b[1m\u001b[0m                                                                                                   \r \r\r\u001b[0m\u001b[27m\u001b[24m\u001b[J\r\n\u001b[19491001\u001b[1;35m> \u001b[20210325\u001b[0m\u001b[K" ]
[ 24.56913, "o", "\u001b[?2004h" ]
[ 26.50252, "o", "#\b# V" ]
[ 26.55429, "o", "i" ]
[ 26.60589, "o", "e" ]
[ 26.65852, "o", "w" ]
[ 26.71022, "o", " " ]
[ 26.76214, "o", "d" ]
[ 26.81418, "o", "e" ]
[ 26.86605, "o", "t" ]
[ 26.91800, "o", "a" ]
[ 26.97001, "o", "i" ]
[ 27.02167, "o", "l" ]
[ 27.07347, "o", "e" ]
[ 27.12506, "o", "d" ]
[ 27.17729, "o", " " ]
[ 27.22886, "o", "i" ]
[ 27.28148, "o", "n" ]
[ 27.33328, "o", "f" ]
[ 27.38513, "o", "o" ]
[ 27.43693, "o", "r" ]
[ 27.48859, "o", "m" ]
[ 27.54098, "o", "a" ]
[ 27.59263, "o", "t" ]
[ 27.64497, "o", "i" ]
[ 27.69668, "o", "o" ]
[ 27.74885, "o", "n" ]
[ 27.80091, "o", " " ]
[ 27.85290, "o", "a" ]
[ 27.90492, "o", "b" ]
[ 27.95659, "o", "o" ]
[ 28.00890, "o", "u" ]
[ 28.06049, "o", "t" ]
[ 28.11244, "o", " " ]
[ 28.16411, "o", "c" ]
[ 28.21605, "o", "o" ]
[ 28.26792, "o", "m" ]
[ 28.31968, "o", "p" ]
[ 28.37165, "o", "r" ]
[ 28.42346, "o", "e" ]
[ 28.47563, "o", "s" ]
[ 28.52724, "o", "s" ]
[ 28.57944, "o", "e" ]
[ 28.63116, "o", "d" ]
[ 28.68325, "o", " " ]
[ 28.73493, "o", "f" ]
[ 28.78668, "o", "i" ]
[ 28.83844, "o", "l" ]
[ 28.89028, "o", "e" ]
[ 28.94264, "o", "s" ]
