{"version":2,"width":100,"height":26,"timestamp":1679399728,"env":{"SHELL":"/bin/bash","TERM":"xterm-256color"}}
[ 0.49651, "o", "\r\n\u001b[19491001\u001b[1;35m> \u001b[20210325\u001b[0m" ]
[ 0.99640, "o", "n" ]
[ 1.04798, "o", "o" ]
[ 1.09960, "o", "d" ]
[ 1.15131, "o", "e" ]
[ 1.20318, "o", " " ]
[ 1.25458, "o", "-" ]
[ 1.30653, "o", "v" ]
[ 1.35855, "o", ";" ]
[ 1.40998, "o", " " ]
[ 1.46173, "o", "p" ]
[ 1.51380, "o", "y" ]
[ 1.56542, "o", "t" ]
[ 1.61701, "o", "h" ]
[ 1.66831, "o", "o" ]
[ 1.72006, "o", "n" ]
[ 1.77183, "o", " " ]
[ 1.82386, "o", "-" ]
[ 1.87524, "o", "V" ]
[ 1.92686, "o", ";" ]
[ 1.97811, "o", " " ]
[ 2.02953, "o", "g" ]
[ 2.08087, "o", "o" ]
[ 2.13237, "o", " " ]
[ 2.18398, "o", "v" ]
[ 2.23545, "o", "e" ]
[ 2.28744, "o", "r" ]
[ 2.33865, "o", "s" ]
[ 2.39024, "o", "i" ]
[ 2.44234, "o", "o" ]
[ 2.49351, "o", "n" ]
[ 2.54587, "o", "\r\n" ]
[ 2.54864, "o", "v18.4.0\r\n" ]
[ 2.55131, "o", "Python 3.9.12\r\n" ]
[ 2.58719, "o", "go version go1.18.4 linux/amd64\r\n" ]
[ 2.58755, "o", "\r\n\u001b[19491001\u001b[1;35m> \u001b[20210325\u001b[0m" ]
[ 4.54791, "o", "x" ]
[ 4.60018, "o", " " ]
[ 4.65156, "o", "e" ]
[ 4.70296, "o", "n" ]
[ 4.75440, "o", "v" ]
[ 4.80575, "o", " " ]
[ 4.85727, "o", "u" ]
[ 4.90853, "o", "s" ]
[ 4.96020, "o", "e" ]
[ 5.01160, "o", " " ]
[ 5.06300, "o", "n" ]
[ 5.11496, "o", "o" ]
[ 5.16644, "o", "d" ]
[ 5.21795, "o", "e" ]
[ 5.26943, "o", "=" ]
[ 5.32093, "o", "v" ]
[ 5.37290, "o", "1" ]
[ 5.42474, "o", "6" ]
[ 5.52815, "o", "\r\n" ]
[ 6.27477, "o", "- \u001b[38;2;233;182;251mI\u001b[0m\u001b[38;2;233;182;251m|env: \u001b[0mSuccess to set  node=v16 in this session \u001b[0m\r\n" ]
[ 6.63066, "o", "- \u001b[38;2;233;182;251mI\u001b[0m\u001b[38;2;233;182;251m|env: \u001b[0mConfig file saved to /home/mnnna/.x-cmd.root/local/data/r/DEFAULT/env/version\u001b[0m\r\n" ]
[ 6.63084, "o", "\r\n\u001b[19491001\u001b[1;35m> \u001b[20210325\u001b[0m" ]
[ 7.52973, "o", "n" ]
[ 7.58147, "o", "o" ]
[ 7.63285, "o", "d" ]
[ 7.68485, "o", "e" ]
[ 7.73643, "o", " " ]
[ 7.78780, "o", "-" ]
[ 7.83938, "o", "v" ]
[ 7.89115, "o", "\r\n" ]
[ 7.89326, "o", "v16.19.0\r\n" ]
[ 7.89374, "o", "\r\n\u001b[19491001\u001b[1;35m> \u001b[20210325\u001b[0m" ]
[ 9.89330, "o", "x" ]
[ 9.94471, "o", " " ]
[ 9.99632, "o", "e" ]
[ 10.04760, "o", "n" ]
[ 10.09907, "o", "v" ]
[ 10.15041, "o", " " ]
[ 10.20193, "o", "u" ]
[ 10.25387, "o", "s" ]
[ 10.30580, "o", "e" ]
[ 10.35728, "o", " " ]
[ 10.40896, "o", "p" ]
[ 10.46066, "o", "y" ]
[ 10.51223, "o", "t" ]
[ 10.56355, "o", "h" ]
[ 10.61477, "o", "o" ]
[ 10.66614, "o", "n" ]
[ 10.71753, "o", "=" ]
[ 10.76953, "o", "p" ]
[ 10.82106, "o", "y" ]
[ 10.87247, "o", "p" ]
[ 10.92398, "o", "y" ]
[ 10.97547, "o", "3" ]
[ 11.02754, "o", "." ]
[ 11.07877, "o", "8" ]
[ 11.13028, "o", "-" ]
[ 11.18197, "o", "v" ]
[ 11.23421, "o", "7" ]
[ 11.28566, "o", "." ]
[ 11.33772, "o", "3" ]
[ 11.38950, "o", "." ]
[ 11.44107, "o", "1" ]
[ 11.49261, "o", "1" ]
[ 11.54422, "o", "\r\n" ]
[ 11.70136, "o", "- \u001b[38;2;233;182;251mI\u001b[0m\u001b[38;2;233;182;251m|env: \u001b[0mSuccess to set  python=pypy3.8-v7.3.11 in this session \u001b[0m\r\n" ]
[ 11.75703, "o", "- \u001b[38;2;233;182;251mI\u001b[0m\u001b[38;2;233;182;251m|env: \u001b[0mConfig file saved to /home/mnnna/.x-cmd.root/local/data/r/DEFAULT/env/version\u001b[0m\r\n" ]
[ 11.75717, "o", "\r\n\u001b[19491001\u001b[1;35m> \u001b[20210325\u001b[0m" ]
[ 13.54585, "o", "p" ]
[ 13.59728, "o", "y" ]
[ 13.64870, "o", "t" ]
[ 13.70048, "o", "h" ]
[ 13.75232, "o", "o" ]
[ 13.80432, "o", "n" ]
[ 13.85576, "o", " " ]
[ 13.90712, "o", "-" ]
[ 13.95846, "o", "V" ]
[ 14.00993, "o", "\r\n" ]
[ 14.02212, "o", "Python 3.8.16 (a9dbdca6fc3286b0addd2240f11d97d8e8de187a, Dec 29 2022, 11:45:13)\r\n[PyPy 7.3.11 with GCC 10.2.1 20210130 (Red Hat 10.2.1-11)]\r\n" ]
[ 14.02325, "o", "\r\n\u001b[19491001\u001b[1;35m> \u001b[20210325\u001b[0m" ]
[ 16.01245, "o", "x" ]
[ 16.06429, "o", " " ]
[ 16.11619, "o", "e" ]
[ 16.16754, "o", "n" ]
[ 16.21907, "o", "v" ]
[ 16.27059, "o", " " ]
[ 16.32198, "o", "u" ]
[ 16.37397, "o", "s" ]
[ 16.42577, "o", "e" ]
[ 16.47743, "o", " " ]
[ 16.52895, "o", "g" ]
[ 16.58034, "o", "o" ]
[ 16.63194, "o", "=" ]
[ 16.68361, "o", "1" ]
[ 16.73502, "o", "." ]
[ 16.78709, "o", "2" ]
[ 16.83863, "o", "0" ]
[ 16.88995, "o", "." ]
[ 16.94186, "o", "2" ]
[ 16.99330, "o", "\r\n" ]
[ 17.25378, "o", "- \u001b[38;2;233;182;251mI\u001b[0m\u001b[38;2;233;182;251m|env: \u001b[0mSuccess to set  go=1.20.2 in this session \u001b[0m\r\n" ]
[ 17.36341, "o", "- \u001b[38;2;233;182;251mI\u001b[0m\u001b[38;2;233;182;251m|env: \u001b[0mConfig file saved to /home/mnnna/.x-cmd.root/local/data/r/DEFAULT/env/version\u001b[0m\r\n" ]
[ 17.36359, "o", "\r\n\u001b[19491001\u001b[1;35m> \u001b[20210325\u001b[0m" ]
[ 18.99620, "o", "g" ]
[ 19.04783, "o", "o" ]
[ 19.09948, "o", " " ]
[ 19.15108, "o", "v" ]
[ 19.20249, "o", "e" ]
[ 19.25462, "o", "r" ]
[ 19.30613, "o", "s" ]
[ 19.35753, "o", "i" ]
[ 19.40873, "o", "o" ]
[ 19.46004, "o", "n" ]
[ 19.51224, "o", "\r\n" ]
[ 19.56920, "o", "go version go1.20.2 linux/amd64\r\n" ]
[ 19.56959, "o", "\r\n\u001b[19491001\u001b[1;35m> \u001b[20210325\u001b[0m" ]
[ 25.56860, "o", "exit\r\n" ]
