{"version":2,"width":100,"height":26,"timestamp":1676117195,"env":{"SHELL":"/bin/bash","TERM":"xterm-256color"}}
[ 0.00000, "o", "" ]
[ 0.66524, "o", "\u001b[19491001\u001b[1;35m> \u001b[20210325\u001b[0m" ]
[ 0.92501, "o", "x" ]
[ 0.97928, "o", " " ]
[ 1.03418, "o", "z" ]
[ 1.08899, "o", " " ]
[ 1.14353, "o", "d" ]
[ 1.19878, "o", "a" ]
[ 1.25410, "o", "t" ]
[ 1.30937, "o", "a" ]
[ 1.36390, "o", "." ]
[ 1.41909, "o", "7" ]
[ 1.47279, "o", "z" ]
[ 1.52771, "o", " " ]
[ 1.58230, "o", "r" ]
[ 1.63679, "o", "e" ]
[ 1.69121, "o", "s" ]
[ 1.69158, "o", "\r\n" ]
[ 2.13365, "o", "data.7z" ]
[ 2.13510, "o", "\r\n" ]
[ 2.13543, "o", "\u001b[19491001\u001b[1;35m> \u001b[20210325\u001b[0m" ]
[ 3.75099, "o", "l" ]
[ 3.80549, "o", "s\r\n" ]
[ 3.80907, "o", "\u001b[0m\u001b[01;31mdata.7z\u001b[0m  \u001b[01;34mres\u001b[0m     \u001b[01;31mexample.tar.gz\u001b[0m  \r\n" ]
[ 3.80974, "o", "\r\n\u001b[19491001\u001b[1;35m> \u001b[20210325\u001b[0m" ]
[ 6.86505, "o", "x" ]
[ 6.91932, "o", " " ]
[ 6.97356, "o", "u" ]
[ 7.02897, "o", "z" ]
[ 7.08437, "o", " " ]
[ 7.13880, "o", "e" ]
[ 7.19357, "o", "x" ]
[ 7.24815, "o", "a" ]
[ 7.30279, "o", "m" ]
[ 7.35755, "o", "p" ]
[ 7.41188, "o", "l" ]
[ 7.46667, "o", "e" ]
[ 7.52091, "o", "." ]
[ 7.57555, "o", "t" ]
[ 7.63022, "o", "a" ]
[ 7.68493, "o", "r" ]
[ 7.73943, "o", "." ]
[ 7.79393, "o", "g" ]
[ 7.84859, "o", "z" ]
[ 7.84910, "o", "\r\n" ]
[ 7.97734, "o", "\r\n\u001b[19491001\u001b[1;35m> \u001b[20210325\u001b[0m" ]
[ 9.90922, "o", "l" ]
[ 9.96401, "o", "s" ]
[ 9.96414, "o", "\r\n" ]
[ 9.96807, "o", " \u001b[0m\u001b[01;31mdata.7z\u001b[0m  \u001b[01;31mexample.tar.gz\u001b[0m   \u001b[01;34mexample\u001b[0m  \u001b[01;34mres\u001b[0m    \r\n" ]
[ 9.96997, "o", "\r\n\u001b[19491001\u001b[1;35m> \u001b[20210325\u001b[0m" ]
[ 14.47406, "o", "exit\r\n" ]
